"","ABUW_RS00105","ABUW_RS00710","ABUW_RS00935","ABUW_RS01510","ABUW_RS03005","ABUW_RS03190","ABUW_RS03855","ABUW_RS04405","ABUW_RS05705","ABUW_RS05710","ABUW_RS05715","ABUW_RS06690","ABUW_RS06740","ABUW_RS07310","ABUW_RS07630","ABUW_RS07725","ABUW_RS08060","ABUW_RS08385","ABUW_RS08515","ABUW_RS09230","ABUW_RS10050","ABUW_RS10070","ABUW_RS10585","ABUW_RS10670","ABUW_RS10875","ABUW_RS11505","ABUW_RS13140","ABUW_RS13215","ABUW_RS13435","ABUW_RS13440","ABUW_RS13885","ABUW_RS13910","ABUW_RS14160","ABUW_RS14165","ABUW_RS14470","ABUW_RS14475","ABUW_RS14505","ABUW_RS14720","ABUW_RS14730","ABUW_RS14820","ABUW_RS14895","ABUW_RS15300","ABUW_RS15525","ABUW_RS15680","ABUW_RS15910","ABUW_RS15970","ABUW_RS16125","ABUW_RS16855","ABUW_RS16870","ABUW_RS17050","ABUW_RS17825","ABUW_RS17830","ABUW_RS17980","ABUW_RS17985","ABUW_RS18870","ABUW_RS18910"
"ACIB_As_1 (GE) - TPM",0.0884814691027375,-0.270737038129305,-0.364015750843615,-0.627505616553915,0.396485862346827,-0.223242790880621,-0.365783260198908,-0.0396276401593525,-0.347236072068513,-0.395460978675336,-0.376036500879033,-0.307960270453414,0.0147784884693486,0.400689980529948,-0.344849063601461,0.0324101109410758,0.419091925433701,-0.294669320531312,-0.52817279051419,-0.512102679444005,-0.262267812410063,-0.369928793998689,-0.430306898613685,-0.0101410549616638,-0.279678324012286,-0.378463593898322,0.296091654582171,-0.354744526226328,-0.447126086069702,-0.248142551926437,-0.263989472260649,0.360883916716449,-0.144102323629703,-0.667583995584457,-0.081803098564582,-0.280783690018983,-0.395063660728078,0.0479552495505143,-0.0776184123908159,-0.234697945473291,-0.290584731679599,-0.0620065229538267,-0.323139715806081,-0.370143887210976,-0.382406269085131,-0.202116964248124,-0.156981607243966,0.0262327527904382,-0.363165172032902,0.161780241613976,0.221946563167902,-0.211016420857893,0.284363795090041,-0.189489180743577,-0.0468433392287691,0.346024590871944
"ACIB_As_2 (GE) - TPM",-0.0424578614316757,-0.115890268792019,-0.522567810461139,-0.372763629996306,0.537840602730819,-0.275861471123078,0.33623546660442,-0.229190153924651,-0.321257313211711,-0.364578032503583,-0.381014860571679,-0.370473430955943,0.360491805781796,-0.00070458711998679,-0.748167523331643,0.0353424683159076,-0.18628903688749,-0.696396274150908,-0.414227958141361,-0.655410939870271,-0.0235067304356236,-0.420197583752693,-0.433741069660919,-0.302530877589273,-0.264252442799718,-0.370035127944602,-0.661913593161098,-0.367714616663702,-0.446522051491595,-0.275997077312464,-0.188914358638055,0.0757363788716022,-0.295611363251366,-0.71343392901375,-0.460512616664617,-0.645463495971305,-0.383445073821418,-0.126603377266816,0.0142071372099478,-0.166371577751427,-0.203937798902027,-0.528464507029331,-0.489302178693697,-0.0089482076607163,-0.537764160740985,0.05937505972076,0.190499684957259,0.110088281150598,-0.366374672100691,-0.192182583423805,-0.0513044252441692,0.0457405501174754,0.07634585535515,-0.0395725243587861,-0.291756644992406,0.117150059955581
"ACIB_As_3 (GE) - TPM",0.0721110504022417,-0.138424789280251,-0.503302072349546,-0.517225604418163,0.798271451402881,0.161233273559187,-0.283830697345199,-0.254648140988527,-0.316103428065275,-0.36412974375457,-0.385646271392576,-0.415295818984078,0.696128931123381,0.0985213067337304,-0.286411835913669,-0.0338352911138837,-0.374327165103488,-0.282295158731696,-0.325870186797162,-0.423158975892105,-0.0507044448278998,-0.411932402081757,-0.421076605187693,-0.334602290974591,-0.162248839755771,-0.373736479205237,-0.119461316645243,-0.359904422691432,-0.375227295247685,-0.121578205583957,0.153381755987303,-0.260726216531125,-0.188091263616163,-0.740102424398368,-0.0627297522085509,-0.717821594884515,-0.39840541180826,-0.279278869912322,0.349921156230096,-0.0933165811343401,-0.0148326373950758,-0.110329575582468,-0.400838537758539,0.199299685973058,-0.583467913730361,-0.150208458673596,0.458317516967793,0.138929412276313,-0.37042969498908,0.00309724018614511,-0.255136816927913,0.0391371664947847,0.0594024504354911,0.0683297494782324,0.0721266038348583,0.43399569404041
"ACIB_Bs_1 (GE) - TPM",-0.812970146276485,-0.425265281595703,0.468471637832692,-0.627505616553915,0.00738411371657413,-0.211542778230204,-0.597157658451156,0.348026094160375,-0.23172418928224,-0.377654066746559,-0.437958846417185,-0.242579252572001,0.315681606271105,0.798507933072665,0.086210683006413,-0.305050301105378,-0.432336074890388,0.0539715594268706,-0.0527082172965578,0.468924462803505,0.142751430828845,-0.388731900903378,-0.437663450877658,0.701870846303885,0.220323047108255,-0.384538348624816,0.347446830757201,-0.380994164488874,-0.357479337503205,-0.483139018124548,0.181460133494041,-0.847568666301536,-0.506216639392595,-0.200741220914322,-0.596862941547304,-0.517893571596923,-0.412432972247799,0.464540382158461,0.143152955959358,-0.29917024395132,-0.0142492060616632,0.241870320152558,-0.371466461794862,-0.166530375600781,-0.247355281833028,-0.361557453735134,-0.106308353711,-0.643081128426633,-0.440538616928414,0.294230577570823,-0.415829812691265,0.146670436201145,-0.0202441578866623,0.0658562428574701,-0.461393840079214,-0.0108326062566653
"ACIB_Bs_2 (GE) - TPM",-0.887214199099824,-0.358717447131634,0.421238638626632,-0.0840770373967865,-0.227041356175665,-0.698450687210238,0.317128067307639,-0.0500777872679613,-0.306850437515284,-0.381736651868544,-0.44431632923747,-0.520944074487341,0.173723907896112,0.431805315891298,-0.0349423075374511,0.131332343233903,-0.988240856557445,-0.5733902162685,-0.1972191340264,0.676278995818714,0.753103579446972,-0.447865688275023,-0.443861301452016,0.761771319698378,0.0695423524799945,-0.374097278239756,-0.353689580946776,-0.379312756386359,-0.159204385019421,-0.554023517632523,-0.0201024356720884,-0.224322470585895,-0.499679745871961,-0.247598718199238,-0.67103518724788,-0.501266618687122,-0.409045434611574,0.00266905332381596,0.250035398546732,-0.348850175149348,-0.191408556368394,-0.0733110771511082,-0.193894290103271,0.175185169765281,-0.487287271900535,-0.495331317382105,-0.349360524444301,-0.458693805558447,-0.458413887500223,-0.0433666600132395,-0.679199102099423,0.978508812331453,-0.306429163989164,0.0953902852179839,-0.687834199970508,-0.245898245730993
"ACIB_Bs_3 (GE) - TPM",-1.26753438079608,-0.330039502490377,1.05201670618985,-0.627505616553915,-0.38485979345964,0.0853516216847561,-0.902682703654472,0.162629964028617,-0.35549781383038,-0.387496037721811,-0.434613389765426,-0.465694756397592,0.0326147545871557,0.189749624123928,0.314480666660525,-0.111037558905658,-1.16629810089376,-0.179309969728127,-0.130515762650215,0.292466936147439,0.328978680348862,-0.384097207873558,-0.43372879557483,0.709715746238955,0.428880854788712,-0.382875237260672,0.894740474509706,-0.372550066164814,-0.324729279455409,-0.511951169387364,-0.227340399260513,-0.767672794719289,-0.468709535356192,-0.263941885474956,2.09080328946411,0.386519203018842,-0.389235432119072,0.124252123540506,-0.48084275442437,-0.174998921507716,-0.277564098298392,-0.202239895722412,-0.49752331088821,-0.169156547449419,-0.158428505023185,-0.64398071174462,-0.721061138175115,-0.0904329336256798,-0.373673327895296,-0.332817956049123,-0.567986717321075,0.705731790479613,0.465563645315909,-0.311951393389649,0.0875471449503291,-0.265469573058366
"ACIB_Ctrl_1 (GE) - TPM",-0.557366661532681,-0.329083358478359,-0.150290249581684,-0.627505616553915,-0.0895460583978926,-0.132597135159021,-0.600414191986537,-0.459354344779541,-0.309197985880338,-0.374109906917694,-0.433224729380761,-0.120308538822053,0.256370075000833,0.221498317026656,-0.422756820945574,-0.103049231472859,0.259646252769277,-0.187477033616922,-0.199678623483065,0.282448041094955,-0.0310946290902235,-0.330858705160954,-0.424194608559674,-1.02175811210856,-0.494240074276604,-0.358022601164629,-0.725743147620173,-0.357932332034417,-0.437097240423623,-0.0918177395760092,0.01779994115924,-0.635416068134663,-0.468630023971776,-0.27319150964673,-0.344607173613752,-0.401464260279083,-0.402429408778004,0.065854376883884,0.657047408103549,0.0018464614427974,-0.0782670636479477,-0.204031451381706,-0.47622294978319,0.0762619379926913,-0.396992010658816,0.298626150513552,0.314065745831866,0.592370609301319,-0.447081360146546,0.0910696264436939,0.196431131452304,-0.0656545497519787,-0.559607305585511,-0.0289622348101494,-0.709218575908742,-0.0520192894977331
"ACIB_Ctrl_2 (GE) - TPM",0.495088851212622,-0.439897795321852,-0.18866453228929,-0.627505616553915,-0.111512483911614,0.0591922540998504,-0.902682703654472,0.176596224685379,-0.17664164635486,-0.364540059159595,-0.434491511758093,-0.335134788378097,0.274810224222567,0.787650488964854,-0.850534643496551,-0.103969499228018,-0.317551852349467,-0.600746336061088,-0.157343039752542,-0.146462084371693,-0.312617793754713,-0.447865688275023,-0.435706457579293,-0.74663101708112,-0.42340966823444,-0.379614049445901,1.60499341637863,-0.377992275140779,-0.415373037954767,-1.07730914161423,0.509529669141969,0.116572272045386,-0.457492890811343,0.206440277830062,0.0516549617625526,-0.774085010620784,-0.419630507727625,0.240825172425277,0.528058404779139,-0.226452075935666,-0.295311483178477,-1.08279918708825,-0.519677761923588,0.463102233293632,-0.0724196921900832,0.073278701460997,0.337535256392604,0.433621463160894,-0.454580296050414,0.0244896245630623,0.0314408345530138,0.729996049363544,-0.725434103469485,-0.0919904376919577,0.267413012428262,0.658624054882481
"ACIB_Ctrl_3 (GE) - TPM",-0.373049262963857,-0.227604366694605,0.0295644318614986,-0.627505616553915,-0.356555986501457,0.126741844017397,-0.100748882009563,-0.514661925179822,-0.213399858413001,-0.398483000536635,-0.440015492328597,-0.107676778336581,-0.164156137026916,-0.683669687851457,-0.115121923991244,-0.392243956852579,-0.229855557820878,-0.489634587357495,-0.299577113833158,-0.681910985478751,0.190111486450018,-0.370259310604434,-0.425980372524493,-0.744895566177597,-0.652074766683289,-0.381651956342283,-0.862085723073768,-0.377215489003736,-0.600848163428699,-0.343397816573778,0.122629367268106,-0.192156003433974,-0.495322345284992,-0.366260298288167,-0.117504762053576,-0.697423148472408,-0.402176341115324,0.538270000855331,-0.759887314617697,-0.278565887048709,-0.575512547951534,-0.438162461101977,-0.272880553853239,0.0513493177852629,-0.26312921677161,0.521865196685827,0.0418292401845303,-0.109857745769004,-0.413916354983404,-0.189404932698019,-0.258669467300031,-0.663381998658708,-0.00774177275729789,-0.47922448018157,-0.398258274516683,-0.423354405384196
"ACIB_Li_1 (GE) - TPM",1.56365446018104,3.66458267727703,1.1939220499604,0.359838170022374,1.67578163872326,-0.351214983583281,0.36840079608644,1.8205445062401,4.76524307747135,4.57218975032396,3.46739352883863,3.87544106759322,2.06099500362051,1.22019802340908,1.13302944508209,0.387312837997845,2.11309449604139,2.63140884800543,0.920495809170171,3.00477653040257,1.75107803386158,4.71846563095643,3.28320176283225,2.37885337519529,4.33373666614812,2.38988677188695,0.558383578623987,2.61657338924423,3.58489088557362,3.26256891350517,2.58685767826434,2.20232922134051,3.68005527890286,1.61819970308591,4.01780397978018,2.07563285886855,4.22851205779038,2.92051748300024,2.21621625793724,2.53624367667171,2.23627041532407,2.14349719753002,0.476187452320509,1.43772415312404,2.88688541882851,2.82576808203719,2.04717982620933,1.90049584460188,3.05220480679552,1.68363181524119,-0.207463466210757,0.209947928182735,0.687772628563572,2.13690571672752,-0.41955397352657,1.2999324759454
"ACIB_Li_2 (GE) - TPM",0.551442969599192,2.30509886745876,0.306721339651813,2.73920816424858,1.083827294091,3.58601167941705,2.0661849628348,2.10681459358303,1.27655047968672,1.80243599382618,2.40172273186776,2.26549261735982,1.29535257053829,2.16524585687483,0.567666858681465,0.689886248141664,2.66499240444116,2.14623274243555,0.849879609644358,0.555613790370783,0.889952072130994,0.701371613963818,2.01036871665494,1.75195241144976,0.956783346780294,3.68577349878615,3.61292672546881,3.63270781350967,1.69111718359281,0.960470234574207,0.726527813031085,3.63317065935121,2.41435291242253,1.17961101196341,1.16054113790891,2.55406001108655,1.94824068831188,1.91850259578492,1.32876543377001,3.10227501429152,1.66734582524479,0.45290438652263,0.22469566855924,2.36380795769769,1.74002809280925,1.78345168597943,1.47941740250698,0.625443262956396,3.23217560678849,1.10922119388166,-0.433245686034641,0.289199107288455,-0.151748825743628,2.19818427882241,1.03766113509621,1.26310600067568
"ACIB_Li_3 (GE) - TPM",0.663288252122579,1.68742997018746,0.385135456310759,2.16701820464255,1.2913403469677,3.03408247644574,2.86096579159726,1.89807801723267,1.33914947930635,1.78719819750154,2.00158484738548,1.89697956117811,1.04146644840973,0.750370102028528,1.82997799415105,-0.491929198149682,0.050595355978296,1.73482574047224,0.840217709947325,1.25411923444181,0.470606432652786,0.705508662402972,1.70772952917751,1.32907063245601,0.129600603690463,3.1035619331032,2.58039653517065,3.09344505873374,1.70088223391184,1.61363166903547,0.903280706345155,1.22366332417681,2.22454466120659,0.997778920252772,1.15244214223284,1.18410507836465,1.82052196704014,1.8657783549513,1.13763740912615,2.35260863227878,1.58482735899771,-0.00694540043691755,0.0388367772064529,2.01583814591483,2.36185327903588,0.43730293464223,2.23153621696326,0.555118145149971,2.48377433510769,1.00906417118656,0.470188834690211,-0.209041309030239,-0.763815161485672,1.90855835157024,0.0903101830882646,1.55044275796963
"ACIB_Mig_1 (GE) - TPM",-1.66066373918143,-0.580748041156975,-1.43818750000977,-0.627505616553915,-1.42231324302814,-0.836576611090476,-0.902682703654472,-1.21397354915298,-0.548567006550455,-0.413171870424188,-0.459843586107759,-0.697356072591499,-1.47677832036867,-1.92557472574271,-1.24738889549667,-1.60710223325162,-1.12067821314854,-1.16042330356987,-1.36861252393554,-1.31450706858529,-1.80095952040954,-0.440286783454278,-0.447569284146893,-1.25505494957318,-0.826488001556616,-0.401018673930155,-0.811844131636108,-0.408574918038517,-0.687700526978881,-1.02355475718096,-1.80139558624244,-1.01480531170202,-0.542220105442534,-1.26376526424907,-0.771365702866918,-0.798151877311892,-0.423481621746121,-1.14764871898547,-1.72634569368388,-1.16143372645506,-1.39440156487888,-1.1803842830874,-1.05238160891726,-1.34067013298143,-1.08336496108404,-1.41085090291685,-1.28729047081734,-1.45858499353295,-0.650981580811487,-1.49994744945112,-1.21828049501601,-1.53400037147373,-1.68361443323149,-1.49191467388116,-1.10750017244888,-2.15813839195392
"ACIB_Mig_2 (GE) - TPM",-0.273300635101714,-0.468262268349994,-0.975010781267929,-0.627505616553915,-0.293338856797018,-0.864635785780753,-0.902682703654472,-1.0440857745448,-0.441892638641095,-0.404993403885487,-0.433855620730403,-0.659543161998416,-0.556587856590004,-1.34900818116817,-1.19979408373852,-0.133934359065219,-1.45359381554268,-1.0060919289559,-0.696338305086312,-0.538560567678145,-1.00260868260931,-0.447865688275023,-0.440637215187203,-0.530232364089781,-0.404235053141087,-0.373714174697995,-0.632351564501055,-0.372613033636655,-0.714736457911943,-0.933935973905801,-0.710708054567431,-1.1192755768496,-0.443316837641275,-0.362127684804507,-0.690186250122391,-0.494298335409299,-0.426111243089779,-0.868216618888743,-0.477422421079905,-0.0388944966551358,-0.404853024500973,-1.20192030459961,0.74546538889611,-1.17121079524052,-1.02017103712574,-0.510284809849799,-0.825183223378094,-0.398167744200603,-0.519112774248919,-1.19876857139348,-0.594826768910674,-0.49441308120319,-0.377228424768255,-0.541025811236643,-1.12860770077459,-0.788828528374399
"ACIB_Mig_3 (GE) - TPM",0.111312802009747,-0.42573206616781,-0.828681988721254,-0.334428698085015,0.805386237972656,-0.856401342056678,-0.0803612534704278,-0.669372311637287,-0.324756651418771,-0.363772519674687,-0.42240933079233,-0.582681959174571,-0.360888677689104,-0.830016462638742,-1.31959375490977,0.123056197711675,-1.16677108306425,-1.02836897058469,-0.656361362903109,-0.665002833486434,-0.814270192206234,-0.416033939912457,-0.442635823359369,-0.696194196230103,-0.490625708316721,-0.364304239958746,-0.837173443287102,-0.361792966415025,-0.703766152865433,-0.512881932540451,-0.620374274094161,-1.1192755768496,-0.436616239113265,-0.112330542639368,-0.475003714066284,-0.633848674256654,-0.415066712671676,-0.957517296736429,-0.673127732454587,0.284730990471009,-0.391602120077923,-0.790787984358272,1.40507579848819,-0.78217584094253,-1.00342925523581,-0.952788839277978,-0.815744741176396,-0.38158927498809,-0.520624749145336,-0.977525995972438,-0.230686431089368,0.0886531746572332,0.265718453031528,-0.103589610500999,-1.08636414793826,-0.503940069523902
"ACIB_Nd_1 (GE) - TPM",0.673039477100134,-0.508810234186727,-1.01984715868878,-0.0704528483231548,-0.116084163137974,0.0152261985050252,-0.824533178552991,-0.616479894641649,-0.470111530063148,-0.348996675636369,-0.428317787589139,-0.46232804384632,-1.1280781567284,-0.0318322641932925,-0.457800957980526,-0.852529666359987,0.454485103557846,0.362966843439424,-1.05837204766264,-0.277583045830872,-1.07696627118501,-0.205854633460667,-0.417333678274948,-0.733859088474556,-0.68714364825222,-0.392503222963753,-0.0222704993929137,-0.384088723981163,-0.129182608809092,1.25605179473492,-1.02447620987788,-0.827378664395334,-0.450065131019732,-0.859622259717039,-0.467401793994639,-0.140029728550849,-0.359635327709213,-0.840041267114364,-0.496446310425829,-0.855537316304192,-1.02124870023895,-0.398487108364451,-0.971984885880207,-0.911307999097937,-0.83275724855642,-0.860934188203026,-0.92562989562121,-0.597094602667016,-0.130124696358351,0.075323689454749,-0.42080257019239,-0.860229302976987,-1.07785264507159,-0.98538492853724,-0.428756069454079,-0.628997618746949
"ACIB_Nd_2 (GE) - TPM",1.00843969423782,-0.414309946788986,-1.07083111777843,1.62810408932757,-0.215371321899577,0.268215385792361,-0.649529196503313,-0.40900360222646,-0.429944119647269,-0.296379139471955,-0.403530308045115,-0.501905416814346,-0.945477221212014,-0.414950156269736,-0.130870942714328,-0.920971993512605,-0.349856027843396,0.264529933964298,-0.941271475005643,0.0701724325148951,-0.891002732624356,-0.104884052790861,-0.413585525510978,-0.446324914625398,-0.588552728573531,-0.384108257041648,1.38392579879717,-0.376313900168801,-0.33467990119496,1.26845335909788,-0.756607395379948,0.231518246717542,-0.414543198669906,-0.687468731954347,-0.433534687746952,0.202150116269446,-0.383610199106327,-0.878877616624527,-0.157811606610478,-0.868736783170539,-0.959479947456255,0.0925300481354226,-0.931442539454059,-0.653255336054716,-0.792503173947411,-0.172111554505684,-0.821867384502305,-0.662051485318977,0.195206237605293,0.0596043626973503,0.160799291510791,-0.521125034641167,-0.704565915477562,-0.838043580493891,0.0750930727968563,0.206612155670483
"ACIB_Nd_3 (GE) - TPM",0.45577307736478,-0.579589196374017,-1.05437722619184,0.673741104308488,-0.352702034930948,-0.368036550344161,-0.769916677407314,-0.619508807998215,-0.426060032442932,-0.307016229042138,-0.43192849702584,-0.4522919132339,-1.10665754385756,-0.0381290641229451,0.0195166272209625,-1.19801731156951,0.167196940412252,0.270590137461827,-1.01007567387106,-0.0532203180660573,-1.27651538549183,-0.29368602759071,-0.415686210521949,-0.777458571508802,-0.811862464531121,-0.393649603348831,-0.0576324866759143,-0.389505370930488,-0.234723643188513,0.42630784490097,-0.902933263951743,-0.23374800600595,-0.447179693170285,-0.878564217087356,-0.411122122140234,0.305283932096605,-0.333980826112456,-0.828127004937626,-0.648673088827314,-0.922935923663887,-0.910959546541639,-0.443980827928305,-0.96700066915274,-0.914501745618646,-0.910361508834229,-0.455702696549364,-0.97869550264804,-0.869534289066416,-0.0808349278160574,-0.248826221461082,-0.767122640961516,-0.731487473846728,-1.39193701778154,-1.04849558357536,-0.375357511928775,-0.516060344761693
"ACIB_Ns_1 (GE) - TPM",-0.461393905344277,-0.544613264514868,-0.46099652438708,-0.627505616553915,-0.358635444035676,-0.649795566573464,-0.371362468253679,-0.389417945178974,-0.34121519158545,-0.389874762974693,-0.446755466340982,-0.36083450847797,-0.717663198567348,-0.693357491279717,-0.700149153894792,0.491850139476358,0.341718548801973,-0.307834609922182,-0.269296126777344,-1.12666095994481,-0.274757739946578,-0.396447681265396,-0.43330106539288,-0.749280828760038,-0.626598807876985,-0.371438040829162,-0.540528928544092,-0.371101915726214,-0.263364495894891,-0.849378508824663,-0.263714640193548,-0.764893713653459,-0.487061168439039,-0.0123267733541038,-0.314689528158147,-0.699126750718511,-0.414217713903554,-0.265241805614851,0.152697736826798,-0.170852107802159,-0.786399279055684,-0.601517545171817,-0.519020501354413,-0.499446952226366,-0.415118521001468,-0.693761594609984,-0.592539072386438,-0.068372048072176,-0.465217815860236,-0.22929232856568,-0.356626286700993,-0.251226133188469,-0.124203910551459,-0.573180024424273,-0.389267094120038,-0.258734889222978
"ACIB_Ns_2 (GE) - TPM",-0.293776221500095,-0.49375789645074,-0.6109146402542,-0.199521522467149,-0.475605020825932,-0.38712747284339,0.458277085659885,-0.578095504498433,-0.388109370085525,-0.380982336826955,-0.421501956244386,-0.33115259365955,-0.469914892020592,-0.842918931627426,-0.704716727364567,-0.196059906323783,-0.476274760278983,-0.716984895034001,-0.376467130339698,-0.749440079108807,0.197173167598767,-0.401381365789154,-0.430944423940545,-0.682694802703819,-0.719683165365237,-0.380348367201806,-0.840692020997491,-0.375247154315973,-0.307512534380636,-0.637714204720143,-0.657549918415907,-0.179499964132329,-0.45148422843135,-0.146282147722309,-0.486033736147898,-0.670360954273657,-0.413566874726657,-0.1326833266813,-0.594222868988278,-0.282241258665807,-0.758656092346481,-0.566587717140109,-0.427497184961898,-0.513508233073004,-0.338317136811834,-0.567010935100643,-0.464959604231932,-0.181640915105792,-0.406375862077071,-0.475330374594806,-0.397900664870636,-0.021272410013726,-0.265387197388783,-0.69768962641253,-0.719474038508161,-0.438603107350175
"ACIB_Ns_3 (GE) - TPM",-0.0769686159301294,-0.472916802135872,-0.403655976672534,-0.627505616553915,-0.292056065370318,-0.505915740466548,-0.490194968630879,-0.556936324815767,-0.265452648708019,-0.384195986997845,-0.449931692317473,-0.403339042801444,-0.603774355058862,-0.799951244512873,-0.603048922198982,-0.741999187268668,-0.590348480482028,-0.464138709050561,-0.320867624938066,-0.731219779060349,-0.35085493837524,-0.368029477132759,-0.425536660223719,-0.353559323753468,-0.736151022062463,-0.380145779661002,-0.703327037661081,-0.36963939077905,-0.483005617167035,-0.652622479802679,-0.366454856695383,-0.503001090143305,-0.472874002359701,-0.369669427436649,-0.652902054720123,-0.235536292589482,-0.394717410138893,-0.261691485641563,-0.383280661654779,-0.241239338662761,-0.738800196586719,-0.184140204713731,-0.55460356390322,-0.514210272606312,-0.315817197965345,-0.251259792230784,-0.603839692415468,-0.226562067856406,-0.40511340585193,-0.652741275958107,-0.736587630266698,-0.0404928979530436,0.600281030898753,-0.70854030841745,-0.515867316644401,-0.677723979672707
"ACIB_Oss_1 (GE) - TPM",-0.171719270118438,-0.3925368185968,-0.311015286467391,-0.425330187392989,-0.461338946546331,-0.548800579466341,-0.505595020832226,-0.140984383613826,-0.377789684183732,-0.383512533487783,-0.406200145476073,-0.133886538957832,-0.358394644807524,-0.22003194103517,0.340068684322388,0.461193387389659,-0.414823263634567,0.0162989130045727,-0.336848061270297,-0.26493611156167,-0.30152903906075,-0.371010127735752,-0.430892595419685,-0.368508052039126,-0.294504975345651,-0.381036237872442,0.405939836963709,-0.345680331776645,-0.32394162879965,-0.220710504008702,0.201108706028309,0.152009017457419,-0.271289223793618,-0.0226643140755514,-0.27563723585168,-0.42695778388518,-0.400714808047452,-0.289820484141766,-0.439232299467947,-0.338115241143062,-0.358907468810593,-0.390405495101053,-0.515569418420953,-0.336905797247362,0.00822694894310163,-0.123561920004076,0.00812758635906706,0.413982662274658,-0.423963207072709,0.0729665292290512,-0.288783428539971,-0.308849184707998,0.381285940632152,0.0188065734295194,-0.222934572831061,0.138471850763753
"ACIB_Oss_2 (GE) - TPM",-0.0961929004202423,-0.236623314961226,-0.503752519959388,-0.0376179529746627,-0.164546866794229,-0.230472889589309,0.468701900743563,-0.37260713186886,-0.388003906029733,-0.350689136693679,-0.399839143006277,-0.186450177807915,0.0145844306877027,-0.120009571652994,0.176586379044977,0.305365105666983,0.278305022516939,-0.396165324895403,-0.373480446503431,-0.170427658647064,0.166722721253211,-0.392949371602511,-0.432375257758903,-0.11957859973263,-0.211298698339254,-0.37742589060933,-0.0141963116735377,-0.363561960212024,-0.349063715069606,-0.314535887369566,-0.069078594983888,0.0414357466551571,-0.230879832394661,-0.304627483431559,-0.292542788323276,-0.485313284372727,-0.385885946518631,0.0545353321784107,-0.522394672923698,-0.288813678231136,-0.408924877048272,-0.328220725548541,-0.170731197685366,0.0468147012789155,-0.0478863321097482,-0.068675074337168,0.066185129113401,0.393044224868251,-0.346193166461759,0.351196240085511,0.295756730408333,-0.341455492040437,0.645284524029206,0.123923436020597,-0.426746876957978,0.172788634949693
"ACIB_Oss_3 (GE) - TPM",-0.38224139607375,-0.313920135955336,-0.249510870261342,-0.316893512459354,-0.308683519125624,0.143175224703348,-0.728378294234624,-0.425229713106233,-0.285149843120076,-0.300986074204166,-0.376685297476614,-0.265835344228518,0.125448199137219,-0.0990219153816542,-0.308027372672864,0.571076846682931,-0.845626371781368,-0.0991831520193162,-0.368601611355064,-0.33508599027664,-0.0067770821593909,-0.34665683440422,-0.375528313160225,-0.273149510393882,-0.299210951113709,-0.355137303360654,0.157397179449874,-0.318027016470287,-0.298555135090102,-0.180012670984318,0.233976820847777,-0.933262495462161,-0.187496539146199,-0.397606498657951,0.0548916413631587,-0.553596363225243,-0.32856674718891,0.0548648317989332,-0.171364604987311,-0.14867674544664,-0.250999507284703,-0.483217595702943,-0.0203908711428018,-0.105127213079751,-0.253696091328331,-0.0128575529700149,-0.112936866961748,0.183423509055618,-0.305603962566137,-0.0268790485239705,0.733999418432088,-0.0744933757938254,0.664229298073358,-0.0620549618609562,-0.0409174335193144,0.401113732308517
"ACIB_Oxs_1 (GE) - TPM",0.571584107532417,1.43741679617002,1.19985323424959,1.51345852522665,2.45155115238581,-0.288763073012746,1.09970486904555,1.57602305366427,0.972600478191176,0.576839879437286,1.54379664099573,1.20386145456833,2.00332932203504,0.468662231068242,0.42098975164048,1.40020380983507,1.86392733826016,1.80338551518653,1.19344468803643,2.08502383545908,1.40229760922431,0.973181337748033,1.48948230832803,1.25085373592163,0.582465284554262,0.433993652782315,-0.430442493555511,0.318846307843255,1.39894450839845,1.90056655745946,1.71617743949666,0.732700396016679,1.21302329016713,1.73497158652988,1.76681959246292,1.87324997442035,1.29509832594193,1.88324971538548,0.471428737626709,1.34008015910906,1.91772448701624,1.30694649952382,1.04280587147708,1.71691839482311,0.452997200915664,1.36336971523624,1.3097508941624,1.98692796393039,0.243232352739963,1.87522912931905,1.02256289539048,1.20219949924716,0.733212304780723,1.33810341486322,1.27220182340846,0.720927448686703
"ACIB_Oxs_2 (GE) - TPM",1.99884503427353,1.71102110771644,1.25086789857442,2.29605475117464,2.20323429862385,1.82083881911641,1.4951137440051,2.50426121002649,1.40121754758124,1.14108101112763,1.79451664025996,1.615857750791,2.1503112539271,0.904595146497308,1.17521578471779,1.7721109898922,-0.1880752800048,1.58738262147969,1.73499141562135,0.850915598290369,1.53978818426664,1.33521275716845,2.09276138274655,1.7645630227788,1.35900322136055,0.976582300131027,0.560540867987065,0.887028909334037,1.93917864417679,1.08822503785775,1.28873004658591,1.17023548604854,1.56635342705337,1.83556962498148,1.0274817166477,2.15177490013345,1.32536716316864,1.23812489840916,1.69827884724381,1.18650508757835,1.34614507312737,1.38896287453866,2.33239084705755,2.37253495426334,0.994241964577511,1.32892679342448,2.14309032159694,2.00290577632988,1.70054703516846,2.71856047268867,1.67190821235707,0.916875301836441,1.24924910762301,1.76154115180082,2.26431665261261,1.34621150415826
"ACIB_Oxs_3 (GE) - TPM",1.17772638944987,1.65496099520124,1.29188361231891,2.08739046282049,1.97832139348969,1.34234755095761,0.701004275860898,1.8850823980311,1.26114599140971,1.33871435451137,1.4849650531057,1.17266145913521,1.85648602201603,0.867860730969787,0.476989374073359,1.40372209831213,1.93752732814587,1.67736599085078,1.58857184034609,2.17749692803967,1.03942617038042,2.23701251532892,2.26854212991848,1.90207391796383,1.43494536310697,0.782418065450473,0.19692461741782,0.591535412320609,2.13079733016691,1.72958546515558,1.25186501496948,0.934419503157096,1.1639811370739,1.75061382213865,0.647031088471952,1.7293296240303,1.33829063600113,1.31587573934742,1.03292054612001,1.0371567625852,1.30293460263226,2.27925995787865,1.59137436180917,1.2750195031057,0.630041308418225,2.45364920714525,1.79469130207655,3.03321233746398,0.814216286606369,2.42240607072788,0.594148411275626,0.411068573664863,0.948527768758837,1.32540364347861,1.67893207343719,1.16347811389517
"ACIB_Sp_1 (GE) - TPM",-1.63017436536715,-0.59089363626567,-1.45729814875272,-0.627505616553915,-1.60689007084945,-0.855999859034728,-0.902682703654472,-1.27313760759044,-0.561452160975087,-0.413250318770978,-0.457449303543177,-0.729908835347139,-1.50708655137368,-2.05204504512212,-1.33907735419824,-1.61611413470519,-1.1580600943124,-1.18021170836045,-1.3950398725056,-1.30950504277654,-1.78721260488929,-0.409965200764374,-0.448070444815828,-1.26849905623462,-0.859362165763667,-0.40246288186065,-0.811819217571471,-0.407527423584557,-0.679820822897627,-0.994597074403244,-1.86957356471399,-0.83796521611246,-0.548892043768048,-1.29460649717562,-0.870075363040662,-0.874795673814708,-0.423413771129266,-1.15899922857728,-1.77248394265391,-1.18939202238746,-1.4346903669876,-1.21977054788926,-1.07738087769661,-1.39050945509376,-1.11648693955307,-1.48918300547449,-1.38714501158482,-1.51856815090896,-0.657071681283799,-1.53085332679511,-1.30250798066502,-1.52942650938854,-1.59376357916927,-1.54106819660753,-1.12893816128618,-2.24096754662161
"ACIB_Sp_2 (GE) - TPM",-1.49959500956393,-0.590215703835216,-1.41439346022215,-0.627505616553915,-1.47135802912335,-0.844259484776919,-0.787462049840726,-1.18777438341867,-0.557216783671018,-0.409583547111341,-0.456911614601487,-0.700452510208535,-1.48131216172827,-1.94708396494464,-1.38319013102328,-1.64120063326789,-1.0660614153349,-1.10284689736563,-1.3746427553653,-1.29237825212482,-1.68523617102557,-0.425564951383246,-0.446851265472971,-1.24431387150043,-0.856374968729998,-0.40223787740944,-0.837062951158704,-0.401066298062663,-0.698590347648985,-1.02081952565719,-1.77394228056206,-0.873354674069823,-0.534630150776585,-1.27627819563777,-0.71903872257544,-0.826039799365889,-0.420952846633064,-1.15645575505518,-1.76354744550539,-1.16757026379778,-1.28940783394317,-1.14267948291553,-1.04645226737206,-1.35890652091564,-1.10490332952728,-1.4206115522241,-1.36360810323815,-1.49728751684714,-0.652295931223879,-1.45807587270768,-1.26334632977068,-1.51924107430188,-1.63711251332132,-1.48759608654315,-1.08977016456922,-2.1806479335666
"ACIB_Sp_3 (GE) - TPM",-1.6562810992387,-0.575104784020464,-1.43759195392133,-0.627505616553915,-1.46606985637644,-0.823853820513533,-0.638575360913439,-1.1958092385642,-0.571476990168975,-0.417803004166641,-0.456688738508777,-0.706182694350743,-1.46733091637456,-1.98020256068025,-1.42798159851718,-1.67648577266528,-1.05057021089197,-1.12742450103846,-1.36347892263335,-1.34698190743528,-1.79782762868651,-0.371189482674025,-0.447659246410582,-1.18103452002201,-0.825892672021726,-0.402281310776112,-0.970161418873723,-0.406488249766181,-0.712397277044589,-1.00177634647845,-1.74387040501008,-0.719990329377792,-0.534692349453692,-1.26021216218685,-0.828134891436655,-0.882393019834626,-0.417243234174085,-1.15547934176406,-1.7114734535391,-1.16144697516121,-1.33678213365755,-1.2425252341929,-1.01013041775139,-1.3240510196173,-1.08802127466835,-1.44543181648335,-1.24757286266575,-1.41091994114227,-0.646368334970338,-1.49656681559319,-1.25363428886977,-1.44912960551103,-1.58644201809331,-1.47790957006298,-1.12610068857541,-2.14238449950771
"ACIB_Tm_1 (GE) - TPM",-0.398373601560836,-0.46951595429686,0.597524540446617,-0.627505616553915,-0.179901194269844,0.131906448457262,-0.727880915998235,0.063986374604948,-0.271931252498347,-0.383347043135247,-0.410076535871504,-0.162421109380597,0.14561400699052,0.85176424440258,0.684117007255813,0.0114063080063958,0.375513027628201,-0.0764499826108792,0.240872118584143,0.102708615308924,-0.0840717449507778,-0.397116861408812,-0.433912126601318,0.053976787307852,-0.089383184846038,-0.387407314637366,0.160614672020958,-0.366930019071282,-0.384129339120411,0.0625096107732597,0.344465906304328,0.652891191894548,-0.340667245442675,-0.491804707273749,0.247490725919606,-0.492280928783981,-0.402633761616079,0.145709150051339,-0.536196760974137,-0.227927260107293,0.512499802529788,0.315969440250985,-0.289849004319779,0.0883757148298063,0.0343659128976061,-0.284675790554433,0.39422995927512,-0.238366593934273,-0.445059864333877,-0.0911415851994839,-0.249714339061388,-0.304399423370035,-0.510404024494216,-0.00384022269341667,-0.00912463805321463,0.372032621583173
"ACIB_Tm_2 (GE) - TPM",-0.421882660400686,-0.309749119861855,0.39546938354959,-0.263140024414088,-0.0946529503382714,0.197445052612301,-0.0848069221876211,-0.0856196101989689,-0.267459766822299,-0.373021018644502,-0.404860365623792,-0.310060733417405,0.391386038996065,0.547186442932461,-0.0871247193922271,-0.152177151507169,0.26992511837644,-0.457432089946718,0.418654825475864,-0.301281539992209,0.623341632940289,-0.249992824315669,-0.429182233559338,0.0742562277810156,-0.243515501116202,-0.379837005080839,-0.639488892867633,-0.37070350331543,-0.347393620846258,-0.328808102896375,-0.0498748688397936,0.262682335073262,-0.35586728556405,-0.385236090308745,-0.620405776740038,-0.785701950202729,-0.392546512216045,0.0572068979250967,0.505308404917182,-0.197309965721836,0.339718269261577,-0.0020346464771088,-0.303250869688403,0.184622899437521,0.581221299407394,-0.0825702228685381,0.579794360987428,0.0237723058152074,-0.408479748177069,-0.0729502671555335,-0.00291848609326982,-0.342996329681029,1.38210858360412,0.143191988024721,0.156012466557334,0.835858561577761
"ACIB_Tm_3 (GE) - TPM",-0.0321583879614621,-0.37994776636732,0.701579195704821,-0.627505616553915,-0.269869354598436,0.29770129255495,-0.447580241285231,-0.0248483847643524,-0.315378613604173,-0.390890820514003,-0.429345375210823,-0.225259309920987,0.396771775108817,1.12084294369745,0.192559974834486,-0.187814469823947,0.92747745147521,-0.325351422567759,0.457543397777905,-0.277591494814921,0.594637748966939,-0.257016566555859,-0.429899710045536,0.400611862042899,-0.0180157019209071,-0.381781494806933,-0.418158715486972,-0.372922003210097,-0.261360798236063,-0.296373010493009,0.209933428233678,0.216326213502116,-0.381017990842476,-0.42801821991146,-0.534823940863495,-0.347147757877688,-0.412528036432125,0.0255434541045882,-0.091980197742664,-0.227681351590942,0.555793980457825,0.190980743736736,-0.244619466470727,-0.366728941478198,0.167010698711093,0.0768058210090592,0.472702211513065,0.160661522572883,-0.396537646905252,-0.299056520213286,-0.474441620421366,-0.537212580077307,0.0179193693800797,-0.0185449586658366,0.15255311797651,0.475160701725933
"ACIB_Vic_1 (GE) - TPM",1.16230395832288,-0.43406301495689,2.14539931782594,-0.175766972427104,-0.387556746069372,0.0938690103510825,0.618314768893528,0.748321345007868,-0.309906010104401,-0.321197364927909,-0.351518842962528,-0.306164473686592,-0.0804408451733384,0.761788198850524,2.64040711260773,2.60888923879671,1.25426046309782,1.00408106776486,2.14525146315616,0.702817142890907,1.89974401016246,-0.227076077332068,-0.348519576170825,1.42424421959947,1.35167390541246,-0.334053382959637,-0.457703733186901,-0.323328559633184,-0.0267728439485944,-0.250819958168612,1.34826321120809,1.18021313076409,-0.268529645236198,0.633837605703119,-0.0198209138253472,0.116573051719852,-0.346667506276074,-0.626365724034522,2.16942051896488,-0.37111472722739,0.970400158954491,1.60170184260184,1.12286949805057,0.301947401618064,1.20650097558501,0.940927157596263,-0.16322416419645,-0.215820468201923,-0.0827743857615126,-0.138765783784985,2.2940148427958,3.88189096741467,1.31276692989886,0.161265822104957,3.22373637476607,0.425507948795777
"ACIB_Vic_2 (GE) - TPM",2.7981857621443,-0.506037361391355,2.12221977181286,-0.627505616553915,-0.994281684114853,-0.608319095976833,2.79315352993883,-0.522256158477004,-0.406434024636265,-0.396686981401906,-0.443296765290736,-0.406512128635231,-0.390917706670804,1.02294699547025,1.91273178671915,2.16207376499718,0.297892927358118,-0.326086223470065,2.37075215646713,0.985145975830474,1.38389511599378,-0.385663773047476,-0.440636637839028,0.0163875679460821,1.20464530928445,-0.368447247526853,-0.580356874363704,-0.355373924077334,-0.4556726400362,-0.250105440754308,1.05747843310385,-0.604827851870624,-0.462634925328506,2.44955564180308,-0.368197730248339,1.51366280470203,-0.422514252770766,-0.949695287114947,1.11102485822272,0.132950301585437,1.54959337036903,2.73228450005029,3.06059144383625,0.0154753966417124,1.89649227011934,0.648997471347455,-0.4415528447632,-0.716110347828157,-0.103683265728104,-0.136391126842858,3.658217542469,1.58540004566,3.09430248980313,1.19447821380098,0.800193083657557,1.29779159364253
"ACIB_Vic_3 (GE) - TPM",-0.395963035192429,-0.537503239461878,1.40303835416501,-0.627505616553915,-1.12865334577302,-0.801470414562005,-0.0156605022034866,-0.41766346266788,-0.489690084068176,-0.379919940851162,-0.435715137957235,-0.559659632699082,-0.790885679571674,0.418623912799763,1.74100060290084,-0.121710039248755,-0.100012043471841,-0.474127297654112,1.45439173242019,-0.335480204967354,0.457173067632039,-0.190343515747789,-0.435068975814775,-0.679900104149219,-0.206796420079295,-0.375843243480542,-0.432218105246781,-0.371289579013524,-0.485833802096847,-0.392367871174893,0.45743450789024,-0.527646349457477,-0.476496739606489,1.61948700485563,-0.650987791245157,-0.210560989706378,-0.426111243089779,-1.04153160258293,-0.281768968632269,-0.29205449586777,0.404527438983359,0.138041970717417,1.60695799707546,0.113017705650699,0.492218959434227,-0.156876822854873,-0.503451590935883,-0.83749402064777,-0.386766271531,-0.660986288492381,1.07560074675641,0.779525155528377,0.619197994992293,0.180129526891816,1.63248869122193,0.307370527131716
