"","OG1RF_RS00170","OG1RF_RS00175","OG1RF_RS00215","OG1RF_RS00290","OG1RF_RS00380","OG1RF_RS00490","OG1RF_RS01455","OG1RF_RS01650","OG1RF_RS01845","OG1RF_RS01910","OG1RF_RS02045","OG1RF_RS02065","OG1RF_RS02075","OG1RF_RS02080","OG1RF_RS02110","OG1RF_RS02125","OG1RF_RS02200","OG1RF_RS02815","OG1RF_RS02895","OG1RF_RS02900","OG1RF_RS13340","OG1RF_RS02915","OG1RF_RS03095","OG1RF_RS03115","OG1RF_RS03135","OG1RF_RS03150","OG1RF_RS03300","OG1RF_RS03375","OG1RF_RS03380","OG1RF_RS03535","OG1RF_RS03660","OG1RF_RS03985","OG1RF_RS04680","OG1RF_RS04685","OG1RF_RS04690","OG1RF_RS04695","OG1RF_RS04840","OG1RF_RS05115","OG1RF_RS05865","OG1RF_RS05870","OG1RF_RS06745","OG1RF_RS06750","OG1RF_RS07115","OG1RF_RS07150","OG1RF_RS07155","OG1RF_RS07160","OG1RF_RS07165","OG1RF_RS07250","OG1RF_RS07470","OG1RF_RS07630","OG1RF_RS07640","OG1RF_RS07645","OG1RF_RS08215","OG1RF_RS08230","OG1RF_RS08260","OG1RF_RS08490","OG1RF_RS08495","OG1RF_RS08565","OG1RF_RS08570","OG1RF_RS08575","OG1RF_RS08600","OG1RF_RS08605","OG1RF_RS08610","OG1RF_RS08965","OG1RF_RS09310","OG1RF_RS09470","OG1RF_RS09510","OG1RF_RS10300","OG1RF_RS10305","OG1RF_RS10785","OG1RF_RS10790","OG1RF_RS10795","OG1RF_RS10800","OG1RF_RS11065","OG1RF_RS11270","OG1RF_RS11455","OG1RF_RS11610","OG1RF_RS11615","OG1RF_RS11620","OG1RF_RS11660","OG1RF_RS11665","OG1RF_RS11740","OG1RF_RS11930","OG1RF_RS12560","OG1RF_RS12700","OG1RF_RS12705","OG1RF_RS12755","OG1RF_RS12760","OG1RF_RS12985","OG1RF_RS13175"
"ENTFA_As_1 (GE) - TPM",0.329481870207081,1.56054345448497,-0.213806116940911,-0.0631352756536516,-0.100258900017007,0.552637965808437,-0.111361443154241,1.51561362518387,0.530277580411898,0.377618964998325,0.5143664502167,-0.0306135126026363,0.0357846624434349,0.109219335586742,0.117635641785699,0.0654150228217995,0.310939728573139,-0.189897029402047,-0.514132981764117,-0.299717879891315,-0.358827347269128,0.0700752012288126,0.839170571298094,0.472736499738585,-0.637938762772222,-0.188595770514663,1.1399829707704,0.640535476851777,0.78331510996025,1.31638193630237,-0.0542234825388335,0.0838696854435443,-0.332736382835581,-0.327768841343393,-0.290077416652263,-0.462969019077985,0.649707639239369,-1.30361488128281,-0.250833256008139,0.120163462980801,0.488442382876908,0.018079385737298,-0.672893266683502,-0.330256923345646,-0.0945217305349002,0.434708606393665,-0.86946092286303,0.791690458540873,-0.123426501046079,0.749345615427215,1.06997003861504,1.10841445211062,-0.705445840961971,0.663443945455986,-0.506873958868559,0.00980927162097735,0.80603451563165,0.0472872667338414,-0.0826485505117375,-0.0266457219495226,-0.906481399847554,-0.737896897624817,-0.637917585472699,-0.378151104081408,0.240244282970207,0.0603687625063688,-0.663874641996579,-0.264132410391715,-0.248027764584877,-0.0493600363304711,-0.314995395562896,0.253064436773877,0.204206325896673,0.778462781715145,0.208705821317696,0.64995438102263,-0.216519555316847,-0.162921404170848,0.129760095484601,0.253662943490293,-0.364512533523779,0.77135955271552,1.01947426835468,1.07768773707905,0.18710014869615,0.0206055059026422,-0.454653730574135,-0.223285504355506,0.33678278548968,1.00648956754124
"ENTFA_As_2 (GE) - TPM",0.412240049709486,0.529017533349337,0.289014354549906,0.0332735583875038,0.322962794753756,0.734075287773068,-0.489908654646187,0.890741671802275,0.168961125310121,0.530737257334798,-0.158374263883981,-0.46673929524679,-0.247021721177819,-0.197980911322684,0.164329948771656,-0.00670061986887218,0.0109716302978721,-0.303822243413063,-0.517330326421422,-0.437857392931333,-0.461413681464457,0.114195425727907,-0.197353145301862,0.376026373883545,-0.691137654450485,-0.641860856587409,1.42598275785002,0.98125290240631,0.626870409007964,1.22123434795652,0.854267634023319,0.935804627308086,-0.199568011460727,-0.313677431881914,-0.262564847267349,-0.214547228679335,0.249709602189717,-1.00101183240849,0.0101670437567727,-0.0414508252004989,0.269758225011807,0.153513358813535,-0.51233057678756,-0.576568658119349,-0.369279029531213,-0.209743449889286,-1.01591856042059,0.0619538064753085,0.416989508701669,1.89377141870117,0.417551542470935,0.800850178794677,-0.569991062482753,1.41772326012028,0.100423009379962,0.259021249732551,0.675752583814057,-0.291791051543544,-0.240495450660339,-0.152879144417671,-0.78973479226733,-0.707708722857985,-0.652753482163539,0.106878251243986,0.160454137399481,0.239158784583748,-0.913496046701762,-0.237183432743876,-0.265602103882669,-0.105938994238049,-0.144593336735169,0.0251457510103336,0.525090164294539,1.28333166968141,0.61597662786923,0.012199478697906,-0.284302160921792,-0.00194241564976274,0.0265119170686227,0.0053318152032715,-0.538143634691003,1.12327703342458,0.666409194276946,1.03071515644152,-0.322835585362559,-0.215477950696886,-0.34392201331337,-0.223285504355506,0.0971709875143097,1.28280879102637
"ENTFA_As_3 (GE) - TPM",0.91619080308419,1.49069995514934,0.0915146994714571,-0.267862910524525,-0.210555434749715,0.777472594757518,-0.344482501419535,0.980039669133861,0.718943155508471,0.314953808125584,0.174514412056317,0.168749676035491,-0.103956137528708,0.104127226976554,-0.106358506696331,0.262081820503193,0.420541339539665,-0.318609689667943,-0.187225548923257,-0.356711240547461,-0.350499862767137,-0.192132397072932,0.60448624319201,0.583714957325411,-0.737809807097671,-0.382989821258093,1.09284377410563,0.500752775979066,0.981900774160444,2.11712219383888,0.222785890086151,0.540503049842779,-0.235183111018493,-0.34818283382507,-0.387007990755647,-0.298120783405887,0.531186608783829,-1.19726313969504,0.0417783287633126,-0.188033670549163,0.203226633213178,-0.0465093882433449,-0.465901113223302,-0.230862388915964,-0.479963935302502,0.0567140173763779,-0.92114269661748,0.845408748114227,0.394958639427656,1.64032267580864,0.751963551968262,0.954394944181735,0.170067340611895,1.47264063258119,-0.0161459109133974,0.114109394885507,0.224952099692094,0.0226756686946675,-0.168522938735296,-0.156104309577282,-0.859826819778153,-0.733633864898693,-0.595866182243891,-0.319954839689265,0.896786859903329,0.186468164367238,-0.328783776211073,-0.154970003429161,-0.302775428011565,-0.0575346444760906,0.429435796672157,0.0983706629328704,0.0424554679033387,1.34907473268356,-0.553218811376904,0.545716791177885,-0.104515132655447,0.0244328958151665,0.13668396501709,0.249006669839757,-0.239772902397424,1.56110258919943,0.428050323722091,1.28180276179263,-0.129132559517079,0.102952107936457,-0.416562801019927,-0.223285504355506,0.305969259039541,1.34956713931966
"ENTFA_Bs_1 (GE) - TPM",0.54413784401556,0.224756215267172,0.499482167141541,-0.62550254195277,-0.239626490072329,-0.523201841853599,-0.441140392208697,-0.31465900835002,-0.534985228886786,0.154157106106035,0.322027636810599,-0.519225309904173,-0.397016695046292,-0.320943820953134,-0.559718318548436,0.376746713226449,-0.174803686927501,-0.406404495493515,0.971946279705667,-0.114092516414759,0.19663319224793,-0.0398556746585124,-0.231046499502639,0.251088227641305,-1.10298607699107,-0.32726046421537,0.841985526177562,0.090696909081069,-0.0911760410901411,0.190381903013762,-0.710045965904209,0.479774603793037,-0.462453497156829,-0.398071174971939,-0.348332104805312,-0.328487555697656,-0.0903158866018242,-0.982468692209945,-0.176594385661633,0.273558899168612,-0.694547212363847,-0.144670031038642,-0.0961034476615217,-0.207956729544882,-0.33033421723554,-0.36571025912006,-0.462705183120506,0.937013546984532,-0.716394554339079,-0.809321148496705,0.126631473953727,0.108656290580534,-0.169747328882779,-0.760618796710257,-0.519337662019078,0.00256487071207349,1.06123104584732,0.0720960033980367,-0.155201123442884,0.198147007964356,-0.503679868855818,-0.635658193399654,-0.621804660284165,0.0875984923066986,-0.0788092805030702,0.330970370284907,0.113242235888914,-0.306163153462277,-0.30929588070512,-0.2820689768435,-0.106245338802231,-0.0950763221240578,0.221071991636527,-0.224481642856878,-0.862963050142118,-0.810482967753682,-0.17990999871268,-0.0661477130756998,-0.205570779853553,-0.279105009207256,-0.720282575321669,-0.383712780063123,0.463770397272566,-0.726925350990843,-0.37808148922893,0.0303600734138137,-0.655696857083209,-0.223285504355506,-0.236401762961178,-0.223012911831495
"ENTFA_Bs_2 (GE) - TPM",0.22027871446649,-0.132980703947171,1.35534502200516,-0.332865246180313,-0.0287979789914631,-0.600194381979375,-0.85516170548211,-0.23740675298841,-0.862616075470574,0.0516046489142165,0.0984571890202864,-0.700828806624796,0.010318428529042,-0.0745594636946028,-0.508929830783571,0.289691017758445,-0.503611371475305,-0.235426960210989,1.77094912640182,0.016436240160461,0.221788215065258,0.641936543064912,0.379534057247246,-0.265718961601565,-1.17226967419122,-0.803516040004364,0.646099036348051,-0.24952510044654,-0.18182466127802,-0.461489320267671,-1.01074960849086,-0.625901457075152,-0.0323672047924285,-0.287542382087639,-0.395914478124069,-0.437427595726857,0.306596255582691,-0.812536617964759,0.342461109160419,1.29113078960561,-0.501258815590885,0.295895139786026,0.565456410073796,-0.405885650705971,-0.732606465385601,-0.232093961955684,0.0190583356084986,1.39975138766674,-0.51689652441766,-0.358762617644951,0.303925624859255,-0.0689764046169782,0.446330192186452,-0.188500851915834,0.740626772393274,0.309616963639785,1.08760903784442,-0.271243721565316,-0.305537095500357,-0.336461191733718,0.0116346909596212,-0.418263718687748,-0.455260459205083,0.858750379809064,-0.440866428977292,0.403725812706576,0.735169582424599,-0.290168014991846,-0.308046167495605,-0.24373478490923,-0.131910752152445,-0.159355695333621,-0.0491941315780203,-0.765465359352994,-0.312353507640557,0.0265601545861695,-0.213077040726037,-0.204870046360181,-0.304016353370701,-0.048056866589674,-0.304900828593074,-0.113305613006502,0.00590203840702869,-0.846032146437223,-0.308307437919748,-0.506358749456183,-0.42222531454972,-0.223285504355506,-0.226741867989527,-0.248967323926765
"ENTFA_Bs_3 (GE) - TPM",-0.16083190196231,-0.762171406621406,0.739134716528198,-0.544614762281481,-0.428505667197646,-0.625737992564028,-0.744860311510704,-0.480749434887625,-0.683701195969649,0.201615558765875,0.306225599981314,-0.752356788481619,0.286726068429926,-0.264877758137974,0.372826635303474,0.748629208836183,-0.505348018255246,-0.301236338523575,0.729966469590656,-0.0704901420007653,-0.0199302622133327,0.0625203541817484,-0.145061360414253,0.123912064034259,-1.13850698781571,-0.435742897710036,0.886348900029184,-0.145031428108354,-0.44703224960031,-0.202250064329386,-1.00166780832632,-0.0220391190613448,-0.457756742843123,-0.213201522066443,-0.340268174310969,-0.58460490717187,-0.0866586016893479,-0.603394402641764,-0.119572647407971,0.183161035277262,-0.807627442846636,-0.698669433067381,-0.0167285930874823,-0.189255457386792,-0.572310056619718,-0.812125236985608,-0.377992366495701,0.0978978882050958,-0.650228136237733,-0.707939531167608,-0.0567346219544431,0.199020386941887,-0.617017447516926,-0.790999106862798,-0.149112784910413,-0.127435110007936,0.48272041892822,-0.358328444545224,-0.322193830466157,-0.216712695150996,-0.172067259604548,-0.568408139866118,-0.618428021469876,0.702392883326439,-0.485192534248045,0.111158692644396,0.620518441579101,-0.309680480370366,-0.287596422580258,-0.386763230836398,-0.579521590864935,-0.268384673430403,0.0813173004716826,-0.240062803000419,-0.851165322013211,-0.35575031203915,-0.283314224038785,-0.0610809301599278,-0.178248115127728,-0.246125729076671,-0.609008386571294,-0.785499284478264,-0.107591887870044,-1.15946298476815,-0.708081739312355,-0.443964739336542,-0.617252652917777,-0.223285504355506,-0.267574556902783,-0.0624695399873216
"ENTFA_Ctrl_1 (GE) - TPM",0.102847280579524,0.712383491207921,-0.234324762921563,-0.552096185658257,-0.225446731377737,-0.277159168210267,0.246185142544129,-0.589745914798325,0.155614480088808,-0.506712762326863,-0.338615515343084,-0.690071292031306,-0.0938197174638372,-0.948506620179446,-0.486218490195542,0.320250010704916,-0.884471102411285,-0.488009676107731,-0.692016344953308,-0.17970035824229,-0.142642080784811,-0.641157863030401,0.569878823341817,0.377372297322733,-0.922531707191905,-1.21801610140545,0.242377260655816,-0.171908344814413,-0.843523795983325,-0.71004846742534,-0.321337388186604,-0.160994063531952,-0.481756719070654,-0.307998755549842,-0.343567878901584,-0.520428983130717,-0.464160511957949,0.153194932850775,0.0574965506280264,-0.357483660812565,0.027235459004731,-1.25094459933972,-0.417695070993954,-0.196669038849909,-0.518085806145307,-0.185919189047282,-0.737462554782743,0.497335413608527,-0.300287916283617,0.257399602315629,-0.00283838430644498,-0.434038183546652,0.389168757417767,-1.36266942923176,-0.414131480572647,-0.312700708409991,0.255407862665279,-0.481551950352553,-0.444279745304353,-0.327635909540324,-0.914110528271702,-0.790962442342111,-0.628304738419815,-0.216091130357082,0.620575624220626,0.2572085507876,-0.653103633728203,-0.296367756508252,-0.27257526821904,-0.154315397730949,-0.392516476527825,-0.203410602983486,-0.219359068126535,-0.246331120251057,0.0579627322289573,-0.775313584481323,-0.221149193312003,-0.196995342173665,-0.239275378980866,-0.740307453069004,-0.841200260748873,0.191950578486317,0.360761603072645,0.336830242115303,-0.311642966932987,-0.910522006550796,-0.617852051468386,-0.223285504355506,-0.386294691280512,-0.554162461164301
"ENTFA_Ctrl_2 (GE) - TPM",-1.17470886423693,0.18997629522318,-0.625320984201092,0.365989055704934,0.261606220028071,-0.495317985811721,-0.721959091786556,-0.623126518276598,0.58160346654719,-1.21890054056592,-0.807001386521753,-0.570268610205278,-0.910903628303973,-0.860276837367348,-0.411456863258161,0.13864889969243,-1.13546620718301,-0.278360152115634,-0.502090108924715,-0.30327690279977,-0.343399578406289,0.0452204270398979,0.143844187936963,-0.145237697764114,-0.586910501172562,-1.54466589302237,0.166737754036914,-0.161603767238117,-1.02788446593462,-1.15391661242668,-0.142591572158893,-0.573018430898622,-0.149532546104858,-0.401613941131767,-0.333407247398214,-0.391917522519464,-1.31165991539656,-0.149361585074864,-0.121971729885837,-0.204481629579513,0.592594587935638,-0.14606436584779,-0.381917342604476,-0.443635215570236,-0.395899482040993,-0.11215454967085,-0.729913939251609,0.295039588002044,0.54071090244659,-0.384755945134909,-0.475878479446659,-0.267213923455761,-0.654956691429274,-1.00589739210716,0.0237937822610651,-0.667245677914086,-0.517948894214387,-0.531464062791982,-0.43186659928915,-0.491037218992632,-0.421738572433444,-0.713959129622385,-0.605973920569544,0.0520717720699868,-0.0324559719465848,0.455406967888157,-0.040267777481179,-0.307646765543165,-0.311031184560185,-0.333755280676571,-0.483012928544336,-0.81952725906559,-0.480982279517901,-0.100840557659233,-0.244885678789692,-0.42277989725074,-0.428132229013175,-0.127769940627638,-0.0453560636217135,-0.887813472710042,-0.69064234554421,-0.336969459670192,-0.735180976830283,-0.111542657522623,-1.49184019100697,-0.521317217716124,-0.699331690502793,-0.223285504355506,-0.435876521096372,-0.759643690201028
"ENTFA_Ctrl_3 (GE) - TPM",-0.727002079407932,0.553266014580404,-0.804530230460851,-0.733737366323182,-0.0277944461931363,-0.524353534750521,-0.464253194637622,-0.922314229650879,0.0842780863265403,-0.906656334396993,-0.388408067824479,-0.799788924217559,-0.794961854599204,-0.88558217020966,-0.00763351474429999,-0.32804907330501,-1.22545050251827,-0.13120560332902,-0.772038577033623,-0.174109757181386,-0.465859569584588,0.305852260164851,0.491922209176002,-0.224794000928432,-0.614032497715855,-1.65013675921869,0.330711076450933,-0.138856148503176,-0.836183936186675,-1.20809692791071,-0.45263302841026,-0.748125512957303,-0.425195836647785,-0.472247440225338,-0.420557245375468,-0.634425301285437,-0.969124121116258,-0.226661502986473,-0.100806673361182,0.164347153710015,-0.509118110893725,-0.778955920827136,-0.578392940536159,-0.237970894078755,-0.655569925150683,-0.663281516131646,-0.62140249144238,0.690621252348485,0.615946178774974,0.450333919136037,-0.292310433847492,-0.249924267522583,-0.727521265611668,-0.444322994917678,0.972981687462779,-0.452656525234691,-0.342330289634907,-0.448341415094173,-0.500073567434307,0.0330210252127631,-0.335478187077219,-0.669001468609949,-0.590419522856607,0.549511016972763,-0.716077911575065,0.0229244276437739,-0.185317212283985,-0.266270072868341,-0.278615427373327,-0.186507419925597,-0.282447682972357,-0.520821349927887,-0.515317651347385,-0.858997507675228,0.127206991468276,-1.11019740016242,-0.339526227551419,-0.110640195926837,-0.398977404006191,-0.913754209516334,-0.887757867000741,-0.142835714596516,-0.880031256728456,0.214731307431934,-0.886546374769247,-0.765254203265173,-0.656169248701957,-0.223285504355506,-0.406360628099734,-0.224438921603222
"ENTFA_Li_1 (GE) - TPM",-0.288897443356285,-0.791987997406284,0.332993103039754,-0.778640008763278,-0.664336181840267,-0.378179865326451,-0.622552240395533,-0.702199199549149,0.251050944657306,0.257100627463012,-0.212303338385284,0.24823708479681,-0.213023084108477,-0.296429383074179,1.17315481687134,0.631878706338756,-0.751107901800009,-0.488009676107731,-0.30121703836734,0.256427350773016,0.202907039546775,0.101134315302353,-0.558155380377577,1.06750330059286,-0.757787809225539,-0.104836903835631,-1.0801449345656,-0.0220497886459732,-0.369909500548457,-0.647457225289062,0.354858470780613,-0.511783027979582,-0.129029130992602,-0.324737176047279,-0.337476026563228,-0.164305872153197,-0.528226544910983,0.547363350483644,-0.183849827412117,-0.392852519955598,0.332014225832345,-0.593124252645934,0.527914930476972,-0.44859945596789,0.281195685531409,-0.937130454634658,-0.230927754465411,-0.0577633707293892,-0.0516421788512642,-0.254695563076205,-0.553652221461308,-0.327424741727823,0.0428360805016003,-0.483497865936273,-0.183220023115214,-0.512212018500254,-0.663358259663055,-0.147873385054982,-0.333237132286978,0.0794629525502488,1.33007772174839,0.710640714985368,0.670708984660418,-0.708075609641835,-0.134798813550794,0.496719213700416,-0.419530672840842,-0.361383869076909,-0.304881383757793,-0.769011225501457,-0.395376251250441,-0.975275941617021,-0.773275179535999,0.045267955554545,-0.166761941615463,-0.982345379348662,-0.449551603246451,-0.58635992939276,-0.652069954609621,-0.705421457770633,-0.894407568574929,-0.514028074337885,-0.440185652999553,-0.805287760452348,-1.08113744151904,0.0613033440975349,-0.355060304875503,-0.223285504355506,-0.0583999785157963,-0.0529849589414869
"ENTFA_Li_2 (GE) - TPM",-0.589834360491771,-0.306053143040221,1.05661601535221,-0.812199820191495,-0.566226422296653,-0.364420454029198,-0.161019469198951,0.0665352925355418,-0.4001951698668,1.10482530866665,-0.7496987042342,0.474881927685233,-0.120087507942606,-0.18082777639918,-0.867454861919887,0.678817206021299,-0.356677493497252,-0.371654895267598,-0.226133392120991,0.1280282026564,0.321034191766893,-0.0166913273700292,-0.25484872261249,1.15633178694081,-0.686357526674059,-0.0902346313866143,-0.959444790629399,-0.13371870032393,-0.618279210426891,-0.20193359505658,0.0743029333063963,-0.143025879757129,-0.0973505131943753,-0.246312577115369,-0.36944859407866,-0.286530172182674,-0.361791869154387,0.684296997040286,-0.133891872353327,-0.590408881562052,0.473383223874762,-0.219881688122938,0.975328974213372,-0.313723598194655,-0.0439761459677342,0.365418999004684,-0.454330252246469,0.36075388191182,-1.03863088978934,-0.0936751968781728,0.0281243988723721,-0.258311916698479,0.0262667243617518,-0.663353536045,0.31040768089032,-0.498911523590924,-0.374085686615187,-0.228848497821618,-0.280334426838872,0.180343153670131,1.19341518148912,0.815231895346395,0.923241819521474,-1.03234638079,0.772151211876519,0.604557192110215,-0.63285975158141,-0.346045857325301,-0.27330700826344,-0.652194231997909,-0.687089805102484,-0.768263457628272,-0.932397131670111,-0.35546967560639,-0.278879757478133,-0.733769994307726,-0.485989532897842,-0.409757058745975,-0.513029440876991,-0.73933204171276,-0.767684046647589,-0.368241669491427,-0.540080559355529,-0.831099437247628,-0.596160109304268,0.407802517422625,-0.771761681564919,-0.223285504355506,0.189178691913095,-0.197872970504299
"ENTFA_Li_3 (GE) - TPM",-0.227549941837423,-0.439797116900721,0.615821257761358,-0.661675526038435,-0.151056635322879,-0.211185571699555,0.603093221450786,-0.152832393696822,0.122621691487277,0.362544563049675,-0.466221784045759,-0.000583088058130539,0.260251738062915,-0.413640363268149,-0.548337023262227,0.107212219182764,-0.644943635209449,-0.323660302886366,-0.40722300241223,0.0491111932166947,0.294059871666904,-0.200417406943044,-0.182324045981394,0.823881555431944,-0.602474658487848,-0.141823375480888,-0.916553131000342,-0.268003448865162,-0.695356569199945,-0.644933519083567,-0.301134091719076,-0.625386414013061,-0.141148981064924,-0.337013902040866,-0.156587161266896,-0.382087411026046,-0.359822968179904,0.510754783963409,-0.201010701240518,-0.508205853494015,0.0890468073067165,0.140846626139636,0.119023769553812,-0.299743805928324,0.141485504356838,0.393089512285807,-0.491554967136294,0.162663595666272,-0.237033452142283,-0.750119785459933,-0.144047313868233,-0.104902014420989,-0.140651704557952,-0.344629755121779,-0.549949507650621,-0.46235261448625,-0.365228877478042,-0.281213244982265,-0.363004748192728,0.0195937472031361,1.57572096219301,0.90639594376301,1.23642364387918,-0.96211193475844,0.150170378233564,0.263769273667543,-0.934548200421465,-0.283613114126896,-0.274767344429263,-0.712727900569211,-0.72734472832229,-0.827723327008481,-0.58392729368617,-0.181220263666861,-0.311696418873193,-0.465276896044944,-0.505245224631527,-0.491546776101233,-0.481922380446498,-0.801437689751423,-0.741236540900149,-0.69067788716335,-0.159906079514716,-0.341312820056863,-0.384855087446367,0.197635504859534,-0.617556765973165,-0.223285504355506,-0.137920340287972,-0.202584340216123
"ENTFA_Mig_1 (GE) - TPM",-0.0571932775923748,-0.598095647532645,-0.46353384913967,-0.722846251707066,-0.553562502087803,-0.144830278605005,-0.361698312075341,0.396785677003708,0.132843339139936,0.747153448862,-0.923122879563405,-1.25890822801759,-1.23160477761422,-0.407365993094693,-0.906722080780814,1.04888092702149,0.503184532068724,-0.488009676107731,-0.293447494333752,-0.33408578520638,-0.28816682695349,-0.860786172946357,-0.975766029647378,-1.13429607368404,0.227503251918784,0.738242555925088,-0.654122518345702,-0.448315443127328,0.33218368029015,0.872444068854294,0.483239330571825,-1.12153585371286,-0.478691099904283,-0.358456338012745,-0.515082813637925,-0.115716327364746,0.391032682165624,-0.37713742623165,-0.685138456944811,0.484428379581252,0.149009599706905,0.118590000862059,-0.0594873183694387,-0.0502857903215976,-0.103170014629624,0.177546193266679,-0.578516718049367,-0.87470074763148,-0.0426625382545826,0.41449937933008,-0.31112821234349,0.679284331588421,-0.0043060852823709,-0.35526065835793,-0.356970309885495,-0.617255818427159,-0.867611580728964,-0.246438870355279,-0.166576153690499,-0.0164992831315509,0.993236802415125,0.737405761655597,-0.24890912811692,-0.0904700401348028,-0.698909114941873,-0.712102627870592,0.00120770813284525,-0.334883523687351,-0.252926364014069,-0.678104364433771,-0.376050658603081,-0.640270126616896,0.341132535528062,-0.978411089893932,-0.944680718022076,0.487022634768314,-0.358784686538431,-0.58635992939276,0.324872255287985,-0.358209753442994,1.02515825947381,-0.441106664958951,-0.198366074435362,0.00378436358083925,-0.381016704077891,-0.321306055300886,1.85693540201349,-0.223285504355506,-0.00885579648551155,0.796125899565342
"ENTFA_Mig_2 (GE) - TPM",-0.0845649688643526,-0.712171402043769,-0.445039977943409,-0.538540429626009,-0.461590871372837,0.309835360091378,0.35252097065404,1.88826816231516,-0.628311301111273,1.44073540423233,-0.52252243036046,-1.12739368040509,-0.698414616903019,-0.233085150648664,-0.906722080780814,1.23160999149869,0.348343788716521,0.393068374885607,-0.346745647626118,-0.301254241354401,-0.18497502805203,-0.341937232382174,-1.03920572410376,-1.14309232127163,0.0998906416262346,0.827920949299713,-1.15422383268481,-0.319687798715056,0.470201328865405,1.29907710117493,0.176649337460879,-0.190584731344085,-0.6431776537745,-0.586943099468587,-0.391202412119318,-0.242654512031967,1.07848278328226,-0.780060525191172,-0.602834944062119,0.808266102289179,0.212978521825323,1.14149339424517,-0.299388383674661,-0.810173225342509,-0.728335855279864,-0.698097717270402,-0.41223504830763,-0.745467111034633,-0.758637894514509,0.311707821549972,-0.939861670166132,0.203764155632877,-1.55114740944977,0.305028189093216,0.124913668003822,-0.667487635788576,-1.03441186541973,-0.355391515315888,-0.417017215932394,-0.491037218992632,0.485055942711871,0.259839144852417,-0.337165039152289,-0.091952296935045,0.000994519323017363,-0.843699730181503,-0.308469395185569,-0.361383869076909,-0.366118156206614,-0.893991187315782,-1.0784719302394,-0.951339215707657,-0.66621825931987,-0.828954122858472,-0.605337426521604,-1.39337346018952,-0.305045913728869,-0.416928620362001,-0.380438577708048,0.211651247972464,0.299745522180818,-1.17386866579511,-0.712655627901917,-0.848354592511666,-0.486403705120858,-0.31325343015823,1.79945747026701,-0.223285504355506,-0.0194233749105329,-0.390577826498788
"ENTFA_Mig_3 (GE) - TPM",1.11446141626564,-0.630639873185637,-0.132210956200908,-0.269901947588935,0.0473158749790847,0.300879888500619,-1.06340288133959,0.887968373593527,0.126495281672274,1.78928414830404,-0.71160254830393,-0.992939770610727,1.66045677453825,-0.493406948017325,-0.0382809514565916,1.72121971058671,0.449894916392177,0.24722576123471,-0.534438946537694,-0.309619547380367,-0.40548751458561,0.092710067018193,-0.955929742226164,-1.20089838451521,-0.0145909224798612,0.962103119298132,-1.1143328261712,-0.632071436668749,-0.204649501350611,0.357545139128846,0.146488853912224,-1.12153585371286,-0.6431776537745,-0.56478589901992,-0.56870902962747,-0.243169534445972,1.2097883211612,-0.473472783294275,-0.537837545104055,1.21807042640817,-0.204007063643083,-1.28499843431091,-0.102415320305985,-0.814186165140658,-0.950317483447621,-1.05873352926152,-0.808243404011063,-0.518191495779135,0.402347273715261,-0.831488833445725,-0.362541598102296,-0.278386517041275,0.334603137772717,0.68044289103351,2.49448708232708,-0.393383351037335,-0.934976057955387,-0.185653447242803,-0.275441501064725,-0.491037218992632,0.372345526943733,0.478446141903864,-0.255735304535759,0.301492236530273,-1.30181401189144,-0.573755300739057,0.168123371305565,-0.333115675051338,-0.366118156206614,-0.85379425512333,-0.488144404395848,-0.745258570064081,-0.42315933692648,1.10175578111514,-0.484525149379393,-0.66397779761908,-0.534320697584317,0.332647604103507,-0.11257691823078,0.2761780121507,0.619173535096301,-0.568230251172376,-0.894953107455384,-0.222921123204869,-0.869930706798865,-0.279509673556728,1.70905575464528,-0.223285504355506,0.0590062088531052,-0.0317002691874236
"ENTFA_Nd_1 (GE) - TPM",-0.921139171833852,-0.470557441837208,0.445001665133329,1.00167693966491,-0.587166639239273,-0.875454634455088,-0.904704289587844,-0.777633322797999,-1.0903985312324,-1.65007366963511,-0.827122814885164,0.4253177700281,0.650250913623723,-0.000883296292623941,-0.444374070635504,-2.23092923227376,-0.808188849768062,-0.471700057738767,-0.902652970816999,-0.760523781201036,-0.787673184216766,-1.67563861874338,-0.653940276487404,-0.932847927032552,1.59746652451463,-0.496422247423764,0.474613258116384,-1.01141493350637,-0.309647403325836,-0.965333356785532,0.474511534773608,0.54266197883334,-0.182342075039247,-0.0915011381546816,-0.272418677541055,-0.140003874458461,-1.41215149685278,-0.860908352724262,-0.450693363057034,-0.925336129756734,-1.32829384455633,0.0906976740564524,-1.60423096380726,-0.0676107699724896,-0.878564427904299,-0.933886356841506,0.326615223947785,-0.874633800893369,-0.705574961767753,-1.5704588297131,-1.40288461905205,-1.08490709122461,0.0384429000949997,-0.191486598888032,-1.0711150058957,-0.0189926320736099,-1.52925949913191,-0.569296233095112,-0.351744641844188,-0.191601526832028,-0.695713125694624,-0.762556237874505,-0.596002482326747,-1.09553545512879,-0.8079895660489,-0.113485401026124,0.796722184450585,-0.230953487134593,-0.323263420979101,0.250722804716351,0.0417859693345161,0.767589047249873,-0.695077507128576,-1.4046121596519,-0.128075714563854,-0.746170439998669,-0.0201998516890355,-0.260180610356794,-0.419850688316076,-0.154766093368941,-0.0281159532745128,-0.947455458764264,-0.850241630312193,-1.47477670884223,0.834482513927338,-0.300055876648208,-0.295745050662522,-0.223285504355506,-1.09928771425694,-1.00005344355793
"ENTFA_Nd_2 (GE) - TPM",-1.42081263941301,-1.29848158750145,-0.303226551040738,0.358745307452299,-1.2230475720379,-0.888781349778646,-1.53265949361328,-0.923151822288083,-0.571455155489741,-1.71292179480356,-0.999616651981849,0.866833190636042,-0.964953147816862,-0.0661711820186458,-0.906722080780814,-2.2524029762044,-0.967774530225585,-0.0812720102705478,-0.641306344039728,-0.801144470794701,-0.924503008504561,-0.924610707925311,-0.922176522900775,-1.24336130368245,1.08968228877409,-0.509034619878477,0.769457604475904,-1.00060682812812,-0.848445921654251,-0.596796695682826,0.0401759802460481,0.0756551946199993,-0.13843705801475,0.197538608610037,-0.0232331703738038,-0.4714735302239,-1.44013892025953,-1.05437514632856,-0.303033767786463,-1.09289229693745,-1.27313742780997,-0.928620343020631,-1.56567668494767,0.542028050843647,-0.861789799180868,-1.35619941973044,0.275585052382854,-1.22349843945054,-0.228491801832569,-1.20357310311918,-1.14218574610564,-1.08490709122461,1.05688036413235,-0.870385888548806,-1.41570280129034,-0.137713547507793,-1.44209569936509,-0.637083322005911,-0.542445081480295,-0.491037218992632,-0.839077558528913,-0.785737731692464,-0.433960535196526,-0.478703814733174,-1.51178632576476,-0.546968343763121,0.666440965522523,-0.314469348876316,-0.265924393652932,0.374963345429418,1.25178976103686,0.50030818715162,-0.672809628995907,-0.758738981031065,-0.944680718022076,0.220654777728091,0.228935305462434,-0.395709275046296,-0.502279676699572,0.0820653397013572,0.127490085059801,-0.672990402001302,-0.849416528333524,-1.38710598250975,0.564898063623799,-0.975139664884192,-0.524399499743045,-0.223285504355506,-1.28097381657845,-0.748508534107587
"ENTFA_Nd_3 (GE) - TPM",-1.06463550458053,-0.865971414389929,-0.329155378151189,0.10396776981976,-1.23272653817387,-0.888792237378309,-1.14884909643961,-0.973681582733606,-1.12552326842526,-1.71020904048673,-0.754020128019505,0.794611388629233,-1.08805231400635,-0.580999972594832,0.127835681758253,-2.41521324741826,-1.10248506330055,-0.323783620070074,-0.700799054324777,-0.792049279456257,-0.822937834630712,-1.27395942646773,-0.895258049875487,-1.0939974854485,1.13982138208853,-0.476322203884418,0.0302038249896365,-1.28602685905412,-0.538208937281924,-0.444122043645374,0.902201817226842,0.382321534840491,0.673658801063929,-0.296593031735296,-0.267067314066712,0.245344695311425,-1.29008138085165,-1.18444845313669,-0.450156215796823,-1.03708219576399,-1.49245380998421,-1.43891941604619,-1.62346654180778,0.557479352889746,-1.13932369186429,-1.09042523350986,0.293976298867105,-1.1064814950394,-0.690086224008172,-1.25579618238442,-1.31161251754028,-1.08490709122461,0.414504694601815,-0.512163044237305,-1.62118896938303,-0.224036340379091,-1.25318976098743,-0.575031782177576,-0.400954159310986,-0.491037218992632,-0.757618150234218,-0.724771870561033,-0.467581642834184,-0.817994159046031,-1.37027922552546,-0.155624691937534,0.988716012202009,-0.327708495402272,-0.265431048448978,0.592983675509905,0.0801493598523616,1.3726592959072,-0.48878554287539,-1.73347117890542,-0.670593333616756,1.21337299121343,-0.173249887299226,-0.381085570937335,-0.394774998744974,-0.656524584005091,-0.0522847387226503,-0.901897427882063,-0.535800817207218,-1.01528900769699,1.03732985274601,-0.554102341742741,-0.509345801263099,-0.223285504355506,-1.19307579218589,-1.28231421727696
"ENTFA_Ns_1 (GE) - TPM",-0.58486571660061,-0.240017356327628,0.0317453371058535,-0.652622491556847,0.148684888988896,-0.419452914463468,-0.133016985531888,-0.596860108680336,-0.154551484284729,-0.181297935222049,-0.0151887982788079,-0.659766145810513,-0.505941649219076,-0.524921971347169,-0.565652825283277,0.141946769721779,-0.636455727086271,-0.343632472732445,-0.660267240037741,-0.240085008771294,-0.369461185868775,0.0177193765497501,0.36706431667626,0.366613383222743,-0.787912883386544,-1.0193261873872,-0.180709292788541,-0.330142178101642,-0.741539898326209,-0.943718679081738,-0.000879960845867024,0.294996306640643,-0.441043110062823,-0.424506515240523,-0.440062245876347,-0.863960629649568,-0.643166193422543,-0.0407195431250902,-0.108487585570174,-0.325018299713065,0.0645343204799966,-0.469676152158114,-0.417514139727871,-0.409406485704976,-0.359129711274486,0.25989304421396,-0.749129151065695,-0.690434459485714,-0.245031020961107,-0.0721073485047734,-0.0615656964360032,-0.381016554562902,0.608949473816751,-1.29239641419175,-0.29611777098077,-0.465488465796748,-0.325702194269258,-0.377962248293224,-0.443142467726134,-0.4026809969661,-0.999391645273765,-0.842782135035327,-0.775246851008257,-0.14285500863822,0.804278234879443,-0.160269954738161,-0.956735054472017,-0.32437728502861,-0.29498781131002,0.0580616857213819,-0.197693893465924,-0.106171054868778,0.0110036266437466,0.643024566538131,-0.101319448647122,-0.629477702514234,0.0491917492513375,-0.135199216609336,-0.380260309491219,-0.67118442417634,-0.677355834447566,0.448544800438154,0.0296452861112885,-0.173938731807827,-0.391154864656923,-0.340263653556522,-0.754767946946773,-0.223285504355506,-0.140146523920216,-0.0648882976921225
"ENTFA_Ns_2 (GE) - TPM",-0.245703316707575,-0.222510676502731,0.394268294431772,-0.482391937317094,-0.369865054175136,-0.5262215344574,0.0967937817895024,-0.941213868623894,-0.479939602049995,-0.632565936615707,-0.449056007689534,-0.500168645329981,-0.400978457951969,-0.357506343174753,-0.518728923320231,-0.202112218920423,-0.853726861361013,-0.284664360888974,-0.396318318208589,-0.364186110468133,-0.362225169231211,-0.848411064963433,-0.281153138452898,0.00259878901989687,-0.138561024935386,-1.11851571827567,-0.217809103694593,-0.315508916204599,-0.809683902934619,-0.322755397199936,-0.736007089093044,0.0294762654282253,-0.350521687725075,-0.377646465161297,-0.438641563601688,-0.599817169770044,-0.795791057556638,-0.0719899976015638,-0.162023300927725,-0.614241869462116,0.458673985318103,-0.467101502844006,-0.309647619228463,-0.858729054612471,-0.671918483361682,-0.501850390889228,-0.183167456360263,1.2274297001101,0.510534703988465,0.492994029154548,-0.240016922457895,-0.421444297581586,-0.307462616409102,-0.199121598714023,-0.261002053383956,-0.407007958739174,-0.419408891201071,-0.467165407946662,-0.424553734398447,-0.433601695693792,-0.429580779818513,-0.496347114698572,-0.627065154155663,-0.109301167085156,-0.0397383525276759,0.186672604673514,-0.170521644135551,-0.286810436053015,-0.319880228804183,0.141345220188157,0.255724988449559,-0.0675314603093773,0.0810008630925815,0.178051866884777,0.0342885754870999,-0.834735986235873,-0.19239428134836,-0.224654366807382,-0.154821673280628,-0.544762578582795,-0.606596431598066,0.736853584667067,-0.275012522909742,0.281303378004297,-0.513753328252573,-0.693120451933502,-0.651723555853725,-0.223285504355506,-0.24062826716032,-0.466827474970312
"ENTFA_Ns_3 (GE) - TPM",-0.0224838537224423,-0.501020629136086,-0.00581099606596207,-0.356323705645879,0.0310745718375135,-0.389265772546972,0.0454794205349452,-0.522652070513408,-0.171407183948462,-0.237495720408671,-0.457569417318896,-0.616344854478438,-0.190826918699601,-0.337430095597372,-0.648077048816531,0.0517148904957755,-0.623546076741001,-0.275879768163726,-0.791463496950281,-0.353680943592421,-0.478035797198562,-0.542166197001835,0.0257970208616722,0.155465362245716,-0.684781663800976,-1.19471595233769,0.0998665745591547,-0.0844183836455012,-0.705276968924678,-0.517904006362503,-0.510913997714583,0.409209220617306,-0.387120585779595,-0.32628229043255,-0.378871492728532,-0.5205967971949,-0.537651165575376,0.066897263504944,-0.0777715896056964,-0.517758196749363,0.170393328662435,0.148250856511717,-0.337640137760233,-0.433535664278645,-0.300573646444068,-0.569933789148697,-0.594052117049844,0.674524044150978,0.331148207606587,0.710484728609815,0.33870772304848,-0.244195080904456,-0.462995044218902,-0.928008090419251,0.0211255061562684,-0.241328784266637,-0.297790465212703,-0.458681288537866,-0.406622118094283,-0.491037218992632,-0.796170828482738,-0.735987296228327,-0.665905375200673,0.199252291697019,0.429581120431193,0.00377712789761712,-0.525039070008537,-0.331917280132435,-0.312177468166918,0.141701561310305,0.262102392104629,0.300418007482569,0.136867559613141,0.103887998784889,0.014645864625986,-0.280051430443375,-0.180986454653293,-0.12448263860059,-0.2731583790207,-0.39904697377385,-0.472919610585034,1.19664284060616,-0.190300145543206,0.51243940452065,-0.1456763303662,-0.440166408232786,-0.461612386887656,-0.223285504355506,-0.241750304327503,-0.322267777596432
"ENTFA_Oss_1 (GE) - TPM",2.04014540577769,2.90370218989095,-2.39068693232877,2.27784882967741,1.03419455292324,3.56056990579538,2.73438414080367,3.15068995370425,1.68205264149498,2.23707199308465,2.47705343783496,2.14073782446683,3.03501490767884,3.67846301031122,0.75353061746698,1.47394086236829,2.88939451157209,2.3905721215448,3.29198843097241,2.89448990412997,3.47293843943081,1.94081107357351,3.15431299385899,2.57520345207308,2.25008821782649,1.97898335658221,1.94263689092623,2.84084367353086,2.39704559944675,2.09377877308439,2.63403818192018,2.24114149554455,3.49602090320491,3.30546969507026,3.58715791243143,3.66029715357477,3.0154138226125,2.12612489091296,3.66615947206068,2.14403956320573,2.92002866197666,1.6240398730967,2.41419385033039,1.79441123095792,2.53123209223064,2.49215510088831,3.25537894264907,2.49296738947453,2.22517897499061,2.55269360364423,2.19054933776196,1.50600671753308,2.90585022920807,1.77465247087686,1.35155366753866,3.47985087644103,3.01489601388095,2.80229080178886,3.19703897852841,2.31933781238094,1.45589058653887,2.4425322280326,2.67682239815141,2.52252300087208,2.245195802557,3.00861833382363,2.13515695489799,3.23204279969417,3.03121718114847,2.71457973598112,2.21807424189593,2.72768447569987,2.7469200148743,2.91043707001336,2.33313502740101,2.12135639446712,3.89606342704245,3.27044843793249,3.10688775630592,3.53736550543443,3.22140854302769,2.31234982105368,2.9235972550293,1.67574809164774,3.32618518542449,2.89413198580413,2.2293729842233,0.92119066806782,2.7555665530641,1.66785408997723
"ENTFA_Oss_2 (GE) - TPM",2.82207024895568,2.24719214586677,-2.49863233224792,2.17088580495369,2.1385686379666,2.01986491975248,3.33957212271864,1.51686030141124,2.24264857231108,1.13359326690869,2.9353731157945,1.50842909955994,2.93211386846362,2.92010764663257,2.47491830192428,0.74440691191596,1.80147560627004,3.92158848211671,2.97495497032342,2.5433876764918,2.77344828903986,2.09031406351052,2.55993859249275,1.99335440901161,2.85753074641615,1.16064436500204,1.71245250954537,2.58803692998176,2.34616004815225,2.44569707075744,2.64533907825004,4.33489598816371,3.77972481214289,3.30847565160882,3.33378959440356,3.11328986933672,1.46972860236531,2.08656873733015,2.63976895834118,2.68255058526241,2.70103875615015,2.01438235453741,1.89550395802261,1.77078511449431,1.40237276780233,2.17198138166954,2.30299288672787,2.78251811547027,2.9641134211737,2.39305838491004,2.09402348516477,1.27349609097686,0.833205188949643,3.29040652449951,1.44739770328129,2.48595224451923,1.57842842286379,2.39366127849589,2.76200919180645,2.07665469535299,2.91106312162628,2.87089483796395,3.07443479412575,2.23191222184661,0.866883564561664,3.64874689269567,3.44239116286849,3.4570483323141,3.7270025423599,2.88065361588983,3.22037462561067,2.71126510610686,1.59847540435586,2.62039806007955,2.39179125820063,1.8712339431535,2.88704457826156,2.65283749762767,2.66682811401539,2.07880337473586,2.47836020044058,1.99815364897576,1.84000188996758,1.95956444803064,1.99782684323138,2.24786120756168,2.36243942939934,5.64464340828848,2.22938151031271,1.97348853122936
"ENTFA_Oss_3 (GE) - TPM",2.8473362928127,2.06966565338658,-2.58151914576571,3.04016132764489,2.43455342908396,3.04776343253631,1.35426027227489,2.1098469709065,3.33929495861322,1.62280794912918,2.83906708366908,2.07389069608671,0.134289660615017,2.60846749789949,4.01516033526659,1.81775129140636,1.75523918175399,3.15806311576128,1.75085285317153,3.91809001654871,3.02884664311043,3.52984911935397,1.87276559737604,2.04976672959618,2.61033918707881,2.30654084715442,2.2693942087502,3.21789291077342,2.92621574274657,1.06697785116629,2.93290860334117,-0.780842352523587,1.77656615581449,2.99196541689142,2.5865668161538,2.40305826277087,2.75510324579293,1.76236890098527,2.99044962989765,3.06551528531455,1.72178907387451,2.28949496609962,1.70341989524527,4.23018895583255,3.32857759437292,2.71802339191982,1.78032564237427,0.907651353780612,1.6982106207746,0.431933009996478,3.32848770701592,3.99392426004035,3.34727841952382,0.887721477594175,3.03617660325963,3.15824502538675,2.4887881965676,4.08625480535895,3.62280649540376,4.6091461437898,1.73584137379219,2.46303489032284,2.68299589959892,3.48368476835052,2.86939121994795,1.5386070381213,2.35268880400184,3.09647634122257,2.99840159440916,3.47291583136613,3.20290026794285,2.73972666900446,3.43706481646837,0.82092056210195,3.83651990440631,2.05149609119369,2.78732418962972,3.59126469428276,3.69369347549657,3.17175824402043,2.77564301983409,2.0395871417144,2.98239671707022,1.70839952312245,2.3381418770382,2.57232334172755,2.76993746472728,-0.223285504355506,2.8767837874205,3.5286422545139
"ENTFA_Oxs_1 (GE) - TPM",-0.706090594922355,-0.806431709776365,1.93077789025345,-0.379692618024225,-0.675237955939714,-0.104558606345897,-0.0259172880306678,-0.21083503470175,-0.407389720623271,-0.237802370480374,-0.767303587050489,1.52167343717645,-0.287293316239246,0.121474123699818,0.338184494699738,-0.762069142482199,0.650513432592414,-0.382613996499133,-0.119795551109263,-0.0249173939620462,0.127526676096285,0.417588329745314,-0.242498022840383,0.702024464839088,-0.321882136485457,0.998281987428034,-1.25743988163255,-0.0448757796522369,-0.504873176866791,-0.594793799125448,0.103624708844287,-0.845783419434658,-0.46879013882771,-0.459894098257728,-0.425850569555269,-0.516475348250183,0.110730329662951,1.55637441887355,-0.326437294340638,-0.808069209136095,0.559749298242302,1.1718099290385,1.45946679200302,-0.0252225060284396,-0.15358433588446,-0.261731537388647,1.35856837816796,-0.678052904166447,-0.944429369658632,0.141510222691943,-0.614042445541129,-0.802294179644642,0.296049639513494,-0.849647008203484,-0.42402097273049,-0.0464077070127593,0.281950510402,-0.464517253040683,-0.483269226264171,-0.362036741767596,-1.08864578084553,-0.863230935397433,-0.780482683036128,-0.887323829906003,-0.235670434954872,-0.665270476387635,-0.892189092527065,-0.312757069502373,-0.304961679992199,-0.32598957430486,-0.156108585520885,-0.302272614862183,-0.484889809908545,0.234992759408303,0.198679686867689,-0.905433557896233,-0.526685306748003,-0.34483782527476,-0.669883528575052,0.322672705501716,-0.512974643981373,-0.185484810400577,-0.00437351461562436,0.500871870429489,0.607354004685304,0.741852705510883,-0.513950323289066,-0.223285504355506,-0.0980785979920487,-1.15789772750189
"ENTFA_Oxs_2 (GE) - TPM",-0.943441327532119,-0.620073166091949,1.52603726282782,-0.19837092214203,-0.837131838465131,-0.241756465350875,0.0192913757110972,-0.359779314907914,-1.07859031283074,-0.369327422045626,-0.3835933353124,1.50719633913543,-0.284865757156857,-0.071440298848713,-0.663044070553832,-0.761395698509573,1.01986013965649,-0.384858925837641,-0.518697672910053,-0.0617797359624645,-0.152435363773732,1.00824677727023,-0.583366352951268,0.403731625312011,-0.361052955067888,1.01651077156865,-1.3597539429129,-0.903460902578347,-0.727030894194483,-1.19041342580171,-0.233569203842577,-0.615512909042066,-0.288702839609949,-0.238783103088737,-0.53752420981382,-0.515582061379643,-0.306178146744957,1.50461557804334,-0.361638346574662,-0.359526497259683,0.80649606697843,0.790946054795698,1.65118268491092,-0.115348519076794,0.221697577871366,-0.271132604798375,1.09630029730051,-0.493005469240891,-1.01191124952801,-0.114212787526797,-0.702386353603254,-0.40599637937135,0.929136974393709,-0.0584813086026002,-1.35291661737834,0.051375002797656,-0.447427430722698,-0.471440805016486,-0.420463798228402,-0.206968496778826,-1.11560619426911,-0.903980655701362,-0.768542428048759,-1.04466609872337,-0.545489180194738,-0.689067983485347,-1.00474511368654,-0.329656503684533,-0.328850669376706,-0.352546112986046,-0.357339772442907,-0.487102165263579,-0.469475410633219,0.0553433370923804,0.733829503143457,-0.421224666618471,-0.459847805615976,-0.58635992939276,-0.537678576116226,-0.150583903577887,-0.251219481902334,-0.449647303376679,-0.416059256669194,-0.284400061750849,0.401167917410703,0.924087824717039,-0.477616366906507,-0.223285504355506,0.275301919726638,-1.11428366809196
"ENTFA_Oxs_3 (GE) - TPM",-0.147128242162596,-0.410179343116696,1.72174756037721,-0.688955119948513,-1.01045264825008,0.00342911991536747,-0.602379499188123,0.444238808791697,-0.533782838289345,0.234520496352327,-0.45380064538815,1.75956393775788,2.06165045800193,0.442886737950395,-0.0650936926634212,-0.289485488144344,0.981062080650445,-0.416756139727049,0.132099695778048,0.0877815718557812,0.0673294031233372,0.936849656626199,0.555870515239881,0.54857227912446,-0.285434832224223,1.27739097006483,-1.33773054088134,-0.00413207847706967,-0.591898116547647,-0.820450722033651,-0.411304656299561,-0.212716451820186,-0.364308311825624,-0.363622791477688,-0.476383270774973,-0.657689392802756,0.318571013869934,1.34590137139488,-0.34969724177257,-0.456771212341217,0.326116909190302,-0.411387445247425,1.54573711385295,-0.2949708439996,0.072598207001324,-0.57783866569091,1.63624457450555,-0.673808420649115,-1.00807492899571,-0.321521290516529,-0.699940323611615,-0.615935329267792,0.32206963242567,0.311272288989574,0.00484917782400395,-0.123764190907805,-0.0575169392908138,-0.381318666378553,-0.457517307012364,-0.392924015901996,-1.08628278892869,-0.921509796035474,-0.747059246541389,-1.05998489710831,-0.280444160279871,-0.544279551369767,-1.30080898036961,-0.31481164509232,-0.279527071893185,-0.42812590713566,-0.624739826729478,-0.544499186967155,-0.229311494854234,0.791138547308533,0.0364059072346911,-0.0503092706189161,-0.492240053121518,-0.541828250543381,-0.545148532879592,0.158349639093444,-0.118108577713305,-0.537175994805104,-0.131081491680187,-0.0250227219045726,0.564561582912344,0.835339119144793,-0.331148560513935,-0.223285504355506,0.285952408413109,-0.889010086937981
"ENTFA_Sp_1 (GE) - TPM",-0.474397666656068,-0.915372533522555,-0.539270817582688,-0.372773026314259,-1.17609823837691,-0.333190290493582,0.601268713376813,-0.102364522014838,-1.0220778488414,0.199727442407707,-0.441821339791853,-0.042778080514108,-0.827294259194157,-0.292666012822756,-0.421089424522743,-0.0303049760310953,0.278920654834151,-0.385223682323098,0.173937989593294,-0.153784000605762,-0.0165721740406174,0.082405229255016,-1.00705984428107,-0.787450699849339,0.120962517686047,0.796729951801815,-0.890900439013452,-0.73495435597521,-0.512608060592963,-0.204559509108519,-0.969612279729644,-0.718148996133121,-0.36844994629826,-0.351527093761983,-0.292083556223118,0.0287021832975758,0.00718492619552687,0.634340074384884,-0.70186422259725,-0.493691894148581,-0.790428189303282,-0.707773980487357,0.440216727629609,-0.391539605722576,-0.0846893304052669,-0.6076556729054,0.672676800539661,-0.981869302988149,-0.72258326462492,-1.19623627331258,0.0139447384312386,-0.10772600614493,-1.41933334398132,0.13012678987015,0.136931908946793,-0.754079683805482,-0.324358368902848,-0.0545299798102313,-0.00448643484149683,-0.39668248142557,0.801719207619648,0.38153084408931,0.349958385548836,-0.316541438924029,-0.766366462077613,-0.827244563716737,-0.294526659301162,-0.329768696374025,-0.318854533654937,-0.706895674127622,-1.13011265385466,-0.941700047670975,-0.741346297961692,-0.252002944061635,0.341915248988444,-0.373677533687386,-0.382732586872509,-0.522121253003821,-0.532801505359618,0.302164821402826,0.397410169317721,-0.659235810532589,-0.766195770048565,0.635527596046421,-0.542205425998751,-0.0920621265486465,-0.32015652273724,-0.223285504355506,-0.491060707405808,-0.290281644568611
"ENTFA_Sp_2 (GE) - TPM",-0.544289896887556,0.30750883199244,-0.185308107945817,1.1499534430395,2.39618648771389,-0.343603718713505,0.746347003894656,-0.814398983214398,-1.0861501053533,-0.298513446304392,-0.893653165732003,-0.459636153849676,-0.969994205705522,-0.0909285042778813,-0.906722080780814,0.522882257476947,-0.0762203764796998,-0.488009676107731,0.793178335554265,-0.17986880843273,-0.250348674366952,0.20818576159972,-1.18703921608217,-0.840652521932843,0.128468259588023,0.659243485056488,-0.70848932856084,-0.678336049846229,-0.320005839076867,-0.481731070512132,-0.900247994233788,0.0530222581085542,-0.490808897407214,-0.129962785326762,0.0692196843645678,-0.478893511787702,-0.381240952960815,0.636007400693062,-0.732197065114876,-0.505416003468265,-1.13383681215635,-1.25245330147359,0.271151545388546,-0.689138336252767,-0.123907138242042,0.581192251723009,0.592594760891711,-1.17087130675816,0.450412496579944,-0.172248941334952,-0.77835523044146,-0.20943066770276,-0.911466678841506,-0.612456159892102,0.669731788483577,-0.712200655894733,-0.545629539938573,-0.335528737530284,-0.200415425528674,-0.491037218992632,0.593952956945454,0.147355688703589,0.178500759393193,-0.274927818383645,1.73579385953461,-0.834410318565761,-0.0377942830686965,-0.361383869076909,-0.30058509207975,-0.776536310711769,-0.935473534781952,-0.816829267838914,-1.29689961812606,-0.435172336668867,-0.445182795259744,0.190141520592462,-0.39813254560136,-0.58635992939276,-0.484833571431565,-0.133867644889687,0.765594127714943,-0.598764232781582,-0.605235705889943,0.64731116588496,-1.00657195013921,0.64532226579368,-0.57198987371013,-0.223285504355506,-0.31777062445641,-0.293200610063618
"ENTFA_Sp_3 (GE) - TPM",0.703894269107694,-1.11686750402354,-0.177896706129102,-0.191249978186486,0.725086712683049,-0.432910580740662,1.55913655633897,-0.572945778815438,-0.597398505033374,0.392574429099579,-0.0472228804376564,0.956196467112909,0.312005494688199,-0.0433365121883913,-0.211438824846869,-0.307896876944272,1.36413765530274,-0.389903450455028,-0.35108147983995,-0.32982502180769,-0.272640463028565,-0.358725004653814,-0.257346750861341,-0.665466694165389,0.206726867635616,0.843583909676625,-0.259162576848095,-0.00216564510758968,-0.482353443438764,-0.831386390745198,-1.2436047122021,-0.736514893151507,-0.268578276836179,-0.208504877951639,0.1026526065572,0.698077052653302,0.00564785308998594,0.2796660201589,-0.531712088697711,-0.557606435663417,-0.751857942508218,-1.25931155071662,0.366495094447455,-0.449979759933318,0.353581411155,0.231496401172743,-0.132869766811817,-0.43478078405904,0.412757305031862,-1.04071450809258,-0.205937856368294,-1.08490709122461,-0.293020696938531,-0.435514010685482,-0.209267803543589,-0.632210787741582,0.468081876754416,0.437908265493585,-0.0175512904260926,-0.491037218992632,1.27156314391392,1.18119761591605,0.644706033870534,-0.704119304306146,-1.16099710487222,-0.574648885789461,0.51927799982557,-0.361383869076909,-0.301672805130258,-0.632932946797276,-0.171498766522854,-0.663798779683815,-0.243145763198727,0.0823778127584731,0.037733866859714,-0.225449524682337,-0.438271867898303,-0.58635992939276,-0.446824512682601,-0.271663139679403,0.565118723956519,-0.448964638471517,-0.492661304728925,1.39858772162131,0.145864046938152,0.213271961568883,-0.312969290731151,-0.223285504355506,0.126564516112401,-0.604661111321259
"ENTFA_Tm_1 (GE) - TPM",0.238829159848368,0.55910135089532,0.34876597531855,1.24589793566973,1.21130137497355,0.136210982932694,-0.321603470424804,-0.296613107656263,0.577976722247807,0.145655235064998,1.24549953295286,-0.332534281157118,0.0469888955178555,-0.00771486633784955,0.561090838935515,-0.237747671756323,0.490468482616609,-0.185971175279957,-0.268079717199344,-0.609783899781981,-0.513196323375025,-0.194333306617597,0.610671400243176,-0.0496884368057708,0.0128576514538459,0.499951219985626,0.172940455696836,0.0146644607577515,0.765767656546673,0.835775458936439,-0.320292791280224,0.537967547966417,0.197065388684091,0.112112922413395,0.234539741139606,0.472574237022677,0.230850001942215,0.380210139304285,0.0670878791371583,-0.252202472187367,0.0182824211888963,0.353814070614563,-0.568567808104603,0.837227903835156,1.49436840016525,1.57661302222424,-0.800269530031065,0.0369920171280063,0.873987821788853,0.828768977036545,0.486725575665443,0.0384349800741998,-0.378066566845191,0.875414060513744,0.253147067356239,0.382667755449635,0.594445640062582,-0.0599475045242349,0.135973679168775,-0.0791034674253399,-0.576313250380574,-0.37211533914044,-0.340851730589294,-0.476130971244672,0.312575359788223,-0.388309148372,-0.21352503615103,-0.202123715082174,-0.219296860751381,0.132094078039599,-0.230746993911987,0.579627794260182,1.49780745518039,-0.0205102648270498,-0.29656320251688,1.07223149694432,-0.228176035232129,-0.133320301035822,-0.12078287946915,0.0114889158358794,0.0488361363182404,0.915747266738446,0.641844502984246,0.364672150830543,0.457319360134801,0.262651497333806,0.144654005968154,0.802587567375401,0.68834210205466,0.0460760266847089
"ENTFA_Tm_2 (GE) - TPM",0.029166791929346,0.331010790408212,0.380182702483544,0.891805154380071,0.928278841786814,0.329124380259578,0.0287399845802651,-0.217245589237651,0.779341345441222,0.449919861673819,0.629553607868463,0.0898614188714608,0.202890911415649,0.00623871911013537,1.03761117367475,0.493919404514338,0.905820378699782,-0.227042280420144,-0.427421613925939,-0.573809785623472,-0.649510496691679,-0.0818906389858012,0.571515477645871,-0.132113167019557,0.0851877770051194,0.489439059581118,0.177530650135957,-0.113485265487993,0.998090025231706,0.323686563430531,-0.0905135231541066,-0.136752457767604,0.39160025972269,0.0107638411930524,0.169838091609914,0.225662767877029,0.399673965007008,0.0134936631746476,0.185409892075219,0.326331439533413,-0.0889036862043042,1.4730764151175,-0.348938294461407,0.962735034081029,1.28273982067364,0.576794993033893,-0.493890788946226,-0.356412754942941,1.3701676985777,0.153351908110607,0.98783851802978,-0.086633522696717,-0.148116570459796,1.05785047444572,-0.125351538128681,0.188395807839451,0.0827267430670217,-0.0871735899927726,0.0686621153565944,-0.0487708530894101,-0.484470822743892,-0.299985650260873,-0.142182783999213,-0.0691018997545629,1.04189611046119,-0.508639843118133,-0.29686986368613,-0.19004041951689,-0.209855113828558,0.0685039952335315,-0.26457795092112,0.196433982959653,0.540013112521662,-0.254013411362424,0.110678811795711,1.93242643648865,-0.311773202147874,-0.191160692232685,-0.245705065150384,0.278452331601852,-0.0483068954382229,0.778567896812156,0.81254644331704,0.690487647885754,0.689204511225727,0.0319864638643813,-0.00549962387262002,-0.223285504355506,0.583305487922827,0.228538624409509
"ENTFA_Tm_3 (GE) - TPM",0.66078637631286,0.370983402144928,0.366720419410526,0.964462979176602,1.79848321221292,0.124197822461441,-0.0105412969989668,-0.210546050667518,0.839251344343329,0.0876340289830436,0.951401469252671,-0.199954049111089,0.141563360717907,0.0771861873458806,0.529820922539684,0.0193069714668211,0.579142235326646,-0.1501765917754,-0.604431682971485,-0.543534496839963,-0.675650444247829,-0.136044440149066,0.738144679778239,-0.153078501428584,0.0734561765892514,0.738931540533774,0.524218389736209,0.349139835177657,1.28600038680456,0.538529120850353,-0.292654531652104,0.138008857732236,0.152291117823598,0.311700239787391,0.162569096472057,0.0162303971998223,0.228443902143143,0.255027712345629,0.0677346314022563,0.308030846854026,0.329170692229199,1.57594942120461,-0.631310779258596,1.1965691684503,1.56047887601361,1.47768445891479,-0.84634444867064,-0.0537930584682827,0.846643064592002,0.358532081236279,0.256286706535068,1.4845021278207,0.0374045485508002,1.05669370371865,0.338793619749543,0.323616609594472,0.634097451538587,0.311763891350199,0.206409325373391,-0.36698859782369,-0.554133640902151,-0.319471129885666,-0.298931625572317,-0.277823981445865,-0.058387343538687,-0.476811740244272,-0.197518191954032,-0.12758289525667,-0.253678492641086,0.194490269313104,0.393541210814438,0.470741211756189,0.983657282273941,-0.289260318107441,-0.0425506793498947,1.48891454602036,-0.288916445968539,-0.135933835289535,-0.131248125334951,0.116985272672112,0.0596562821143653,0.75339586608558,0.889077596613263,0.517530311676833,0.283210150542028,0.190337607124979,0.174322207343402,-0.223285504355506,0.916331385030526,0.870483527444983
"ENTFA_Vic_1 (GE) - TPM",-0.921858769273076,-0.614543160306836,0.228548555878193,-0.720750824416933,-0.917443628382868,-0.788228432793952,0.623017610756629,-0.689654310813656,1.20696770767814,-1.34215493927703,-0.379781255618446,-1.19026616546805,-0.61979176904013,-0.780864370819146,-0.661764832204186,-0.990447124673744,-1.02109766520387,-0.125086760288178,-0.343130578305629,-0.438194708094359,-0.394546360635756,-1.28229832492989,-0.736312770037619,-1.3291163779202,0.0177778169095015,-0.761825105512433,-0.83229481289014,-0.789282883166752,0.00667788909511946,-0.401739836037636,-1.00905300962288,-0.307648785375581,-0.603584797778807,-0.51194572769055,-0.458131972081038,-0.41369390281588,-0.627541451995578,-1.2182711442998,-0.792761461847924,-0.88905942785194,-0.784238403765975,0.266995762396201,-1.10398101183636,-0.903645944677085,-1.07494596883207,-0.433246027155081,-0.536320907861146,-0.989747179725593,-1.52350029376207,-1.28886041222458,-0.823498503749223,-1.08490709122461,-0.75328976036451,0.174514501406682,0.305264369291894,-0.831132924376901,-0.569346795899174,-0.353033282787534,-0.452580818970468,-0.491037218992632,0.00728250350769633,0.0448413937665465,0.0898785677088272,-0.576775142265757,-1.00892948897389,-1.03605794604866,-0.719683337398675,-0.329489944261181,-0.34568372151374,-0.493463788792259,-0.501795578969165,-0.891009327008456,-0.898282779493837,-0.809393322962233,-0.944680718022076,-0.981898811065104,-0.175540717247259,-0.391944715953693,-0.301014739405696,-0.704852980065273,-0.545595126430085,-1.62644802360687,-1.27692617480397,-1.67851630117309,-1.10334549041931,-1.4653133073967,0.0373474457214853,-0.223285504355506,-1.64754810127034,-0.972528978350353
"ENTFA_Vic_2 (GE) - TPM",-0.98968893059812,-0.886109238725846,-0.238249051196402,-1.33979227052643,-0.545972728224045,-0.753048845432662,-0.351567131394213,-0.731504953817736,-0.921704973639245,-1.30258878800879,-0.733987013901821,-0.968675504832229,0.133126698823029,-0.807046708500779,-0.906722080780814,-1.50499203111507,-1.34599451185911,-0.488009676107731,-0.382818250340786,-0.382440470043015,-0.57608796507397,-1.29441438735058,-1.27311527748485,-1.4247335058942,-0.059420439493955,-1.40109217014382,-0.932123199107849,-0.441520086156231,-1.0812064506386,-1.15724206928542,-0.019442967258222,0.240077848122211,-0.6431776537745,-0.586943099468587,-0.149553195660189,-0.0269767166440523,-0.890054646990273,-1.00598247052498,-0.848652601979965,-1.06115189612951,-1.36773512309528,-1.665652424889,-0.927634107723916,-0.67675849268151,-0.711911894889414,-0.794716122599875,-0.237089201293104,-1.08271234442157,-1.32513685749336,-0.890484808443904,0.0861208341809257,-0.577456382020617,-1.1062151210401,-1.22325074351857,-1.44086368130268,-0.585119150150352,-0.326718880389158,-0.637083322005911,-0.553238601868337,-0.491037218992632,-0.234671352060507,0.544093819784051,0.249255924797702,0.357289840265474,-1.63447235989822,-1.10614005831188,0.0827068946435824,-0.361383869076909,-0.366118156206614,-0.383348328470957,-0.76442042639823,-0.197748278857447,-0.62956127458326,-1.33111562539801,-0.944680718022076,0.671788435092824,-0.3245255187745,-0.58635992939276,0.038135912789028,-0.62430409828832,-0.826786617224352,-0.711863181145427,-0.648194413964948,-1.61152914192734,-0.680280193032178,-1.46926915252072,-0.325044194079559,-0.223285504355506,-1.37831632661376,-0.518486022147226
"ENTFA_Vic_3 (GE) - TPM",-0.684748054433015,-0.707774271910856,-0.18519410280714,-1.31812693900322,-1.24539649714695,-0.766215202803535,-0.937051568364559,-0.883474632699316,-1.19004394193325,-1.52861484694874,0.388068424415162,-1.65633907102161,-0.952631305831419,-0.528777154324859,0.601163068617752,-0.567204435912065,-1.142540713561,-0.381626472224542,-0.187570770691975,-0.403228476445278,-0.439485764128889,-0.760143789021012,-0.905959813942209,-1.26335349641187,-0.213378785450682,-0.787564369475515,-1.09114827162903,-0.792713323994861,-0.431829704905218,0.0244412047015684,-1.31291269207983,-1.12153585371286,-0.561936974841201,-0.38176004303824,-0.626308883951214,-0.350680958167294,-0.46209572286884,-1.19952773872242,-0.757045310111458,-0.890852891468829,-1.18651929615719,0.0968389472740481,-0.893230283556538,-1.01976583103085,-0.335619361620076,-0.839705689462498,-0.325376966662762,-1.25598774217457,-1.21344625966202,-0.463734271181612,-1.35943210616983,-1.08490709122461,-1.27829306278889,-0.525269957091383,-1.41931624265319,-0.874101260569256,-1.09872644253961,-0.416004951505365,-0.347484600292261,-0.491037218992632,-0.178006376105934,0.0205275493353503,0.115423371743095,0.6775811677907,0.162501786203074,-1.06207164443692,-0.932154882552513,-0.295940645949007,-0.324188689196554,-0.563375244464066,0.166350649880945,-0.749665903457422,-0.954668461286903,-0.929940815922639,-0.944680718022076,-1.39337346018952,-0.345503268554001,-0.320412558359823,-0.470825362674515,-1.02481673540202,-0.643781202702642,-1.56912927241557,-1.3530270164004,-1.29447734733751,-0.715686377354098,-1.77336802428287,-0.399508054566855,-0.223285504355506,-1.41315130816959,-0.0764496434658058
