"","ETEC_RS00185","ETEC_RS00325","ETEC_RS00865","ETEC_RS27320","ETEC_RS00870","ETEC_RS02625","ETEC_RS03035","ETEC_RS03415","ETEC_RS27575","ETEC_RS03545","ETEC_RS04325","ETEC_RS05310","ETEC_RS06020","ETEC_RS06310","ETEC_RS06330","ETEC_RS06370","ETEC_RS06880","ETEC_RS07255","ETEC_RS07270","ETEC_RS09025","ETEC_RS09525","ETEC_RS09530","ETEC_RS10075","ETEC_RS10320","ETEC_RS10395","ETEC_RS10400","ETEC_RS10425","ETEC_RS11100","ETEC_RS11110","ETEC_RS11115","ETEC_RS11120","ETEC_RS11150","ETEC_RS11155","ETEC_RS11885","ETEC_RS11900","ETEC_RS12555","ETEC_RS12640","ETEC_RS12905","ETEC_RS14155","ETEC_RS14160","ETEC_RS14500","ETEC_RS15295","ETEC_RS15300","ETEC_RS15305","ETEC_RS15385","ETEC_RS15920","ETEC_RS16225","ETEC_RS16230","ETEC_RS16880","ETEC_RS17125","ETEC_RS17595","ETEC_RS17600","ETEC_RS17605","ETEC_RS18660","ETEC_RS19290","ETEC_RS19295","ETEC_RS19315","ETEC_RS19320","ETEC_RS19325","ETEC_RS19330","ETEC_RS19335","ETEC_RS19340","ETEC_RS19345","ETEC_RS19375","ETEC_RS19380","ETEC_RS19385","ETEC_RS19390","ETEC_RS19395","ETEC_RS19400","ETEC_RS19405","ETEC_RS19410","ETEC_RS19415","ETEC_RS19520","ETEC_RS19870","ETEC_RS19905","ETEC_RS19965","ETEC_RS19980","ETEC_RS20005","ETEC_RS20150","ETEC_RS21530","ETEC_RS21755","ETEC_RS21975","ETEC_RS22380","ETEC_RS22510","ETEC_RS22520","ETEC_RS22775","ETEC_RS22845","ETEC_RS23090","ETEC_RS23095","ETEC_RS29005","ETEC_RS23100","ETEC_RS23105","ETEC_RS29160","ETEC_RS24750","ETEC_RS24755","ETEC_RS24760","ETEC_RS24765","ETEC_RS26940"
"ETEC_As_1 (GE) - TPM",5.46253848004987,-1.76452990042228,2.07475529287022,2.11047760305797,3.00007749237072,3.55779877222662,-0.938615127467716,-1.7983165177751,2.57077630402017,2.15347363654445,5.83333333333333,3.10671078176542,3.5083299324948,3.10390308087383,2.9178065223266,2.42807372230543,3.52979495561873,-0.853133569643635,1.44786835645321,0.858654473582922,4.28151830420944,3.35638266543166,1.47297678807468,2.82803441716535,2.21774333710792,1.55575210842301,-1.62859404214105,2.09876556786848,3.33146090220046,2.17276254323961,2.09961235837683,1.97164812837309,1.74044914399617,2.65611003057159,2.03848117243334,1.82043731145435,3.43418457996919,2.10777100730753,1.60340077874123,2.532311474196,2.71928334932356,2.44300442624377,2.73299533528608,2.06456748170089,-1.31690691508963,-1.43788732215415,3.40540748746696,2.15468056676402,1.11447657667568,1.11962040755428,3.81835943553624,4.00737363994456,3.10388239031442,1.98795681072037,3.85019494596804,3.07031553419988,2.17737292341822,2.60917341090745,2.29714634360457,1.69071629748257,2.32851854851018,2.65058890011822,2.41321876684688,1.64370453782582,2.49552399313431,2.66911002505739,2.75769366465227,2.63480993249786,2.38442094905855,2.64410760633587,2.9568130238673,3.07628825347271,1.58030123556226,2.02576812048339,2.1860516627784,-1.84963958290479,-1.64480209231708,1.75539579057222,0.919935416527077,0.791881831486103,4.09946404382243,4.39227286730975,0.666095605458253,2.70385245697174,1.1066776810791,-1.66625994901057,2.70556472400091,2.09230837011277,2.4182618619188,3.25004488694861,2.92065441246368,3.2652599628101,4.09018770572998,4.17562820384846,4.0542697960707,4.1211043129149,3.32123502381865,2.55052841948106
"ETEC_As_2 (GE) - TPM",-0.216241206612379,-1.57893157752436,1.55862912518435,1.436887118657,1.83114229126245,2.50908410313528,-0.728791554814639,-1.71463832747598,2.28294042108379,1.3309451168225,-0.166666666666667,1.66944920193629,1.9967187390675,1.61894137292053,2.3533803977924,2.15370891350187,0.567561481287518,-1.44220743808602,2.63943212986389,1.10515045154793,1.65062228667721,1.85726517351008,1.87957681474748,1.95078874965485,1.34548726105067,1.49013950695743,-1.11528854775749,2.38475880241989,1.11357519951553,1.51609840705064,0.875028297815335,2.0852711595395,1.89615305579735,2.6003067827628,1.30050554633452,1.0845122014743,2.05321467538672,1.55705442883501,1.47119237807031,2.20336865535952,0.902115921429178,1.18987724944283,2.88722222026547,1.31267383769703,-1.5474555098388,-1.20287624151125,2.89777219905635,2.16077330484246,2.65701031729582,1.21306344493847,1.55778019848982,1.59113598815035,0.405565728805498,2.0957465877662,2.07305355466813,1.95338393502085,0.881582641251703,2.07232845047116,1.84634372301691,0.79360417512931,1.05506671635228,1.23172773003306,1.14738011752625,1.85725938080433,2.20767063542995,2.39575003432218,2.19524940528651,1.80877590703386,1.80678787335079,1.27059676420257,1.50004351580603,1.28202889163926,0.788605039096449,2.02735584160288,1.65046106316943,-1.67243699822073,-1.51236741410454,0.46729716288736,2.38816721746477,2.54405224334611,2.15621941539071,3.67954242270694,2.69485766260841,0.949535896560566,0.320934538910972,-1.29249274559204,1.93630671443432,1.48011804365964,2.3619945080731,3.13054384407368,2.61119237949128,2.1600699111155,-0.239139141364064,1.80389172970878,1.81211688140113,1.53757261267808,1.37364732793342,1.96035547050914
"ETEC_As_3 (GE) - TPM",-0.216241206612379,-1.42299235554441,0.126701866858829,0.0870766217994589,0.743064826459301,1.18864725026488,0.0717058549125279,-1.12371351662939,0.694433019482418,0.526694362581764,-0.166666666666667,-0.0436361511364324,2.71392277019056,0.462693959875006,2.10519917178073,1.80131066465576,-0.263106851230895,-0.312211846545105,2.17636984581321,1.82160192960272,0.12580499438209,0.216512903316685,1.90742458572896,1.00215057498627,1.78797273320804,1.09358609664504,-0.571443545561288,1.10187174023492,1.36185519198898,1.35342579246151,1.50171752722383,1.55429887957576,0.369894382799657,1.29960956921944,0.645051272644599,0.0205971747051017,0.330060156620168,1.0423608117352,0.438149267187163,0.535527062273878,-0.30815879606601,0.142948440883313,0.894869853497233,0.203860749879221,-0.676473661151733,-1.52381704135922,0.969825335594033,0.161376683094701,0.252223630281894,3.21895007685201,0.662131344655213,0.326715427667941,0.865525109780846,1.64055652389078,0.53667828340231,0.146718962931695,1.09507144159653,0.866354998367631,0.559719796165618,-0.244703673053599,0.165585676762253,0.490843829586018,0.163310553981321,1.0737300889165,1.0469059049637,0.932493050580067,0.908099965160285,0.494735881315434,0.396735091574565,0.0987735337564069,0.264618592838512,-0.0625561669113562,0.0749242707870783,2.54203068706315,2.57341908672514,-1.19612520792742,-0.182312730770316,3.68212233437757,0.475189923069825,1.00229279074154,1.20722062257565,0.257747131927456,1.27985194818123,1.1725301905225,-0.300779039664337,-0.878559490616925,0.440608060738062,0.588634254349322,1.03225594437544,1.21484290660415,1.17875449620424,1.39345797636088,4.0405431006482,0.628374495208298,0.7007975801413,0.667316947608943,0.431070565692324,0.776071951141628
"ETEC_Bs_1 (GE) - TPM",-0.216241206612379,1.37047973739218,-0.684149634433283,-0.577286588191298,-0.660569352553811,-0.100679845193856,-0.463885175950889,-0.939152889121318,-0.129534391854641,-0.582056722628158,-0.166666666666667,-0.279300476454231,0.247896747741656,-0.588758169866194,0.225722386204925,-0.257464276822734,-0.107750551289636,0.968718540160255,-0.529065205383717,1.37399711468199,-0.522599057889021,-0.50570870357458,1.13944815356561,0.39523284912429,0.774233264112359,0.880438885329765,1.20830436177557,0.816748934337954,1.05540937927506,0.916149873224388,0.844651506197243,1.02939959536657,1.55646986506597,-0.463653990132626,-0.561161408484788,-0.347404117454541,0.194388693395567,0.386327635994793,-0.563173526338525,0.0296193467603296,-0.0667830305400763,-0.303737915159557,-0.0179672316705797,-0.11843117683728,0.20131761180185,0.235553443301506,0.223137296223603,-0.200905041298544,0.478870155625645,1.04903121904726,-0.210750050567607,-0.656593240002443,-0.193223737184155,-0.171343436087161,0.0312118413035764,0.247452025262238,-0.923486719888406,-0.147340925393003,-0.522257102518924,-0.189783007741226,-0.433002373801518,-0.103124197592647,-0.118497803132146,-0.370241350599277,-0.296348432983351,-0.238918087051414,-0.324509440638902,-0.385904924694034,-0.264410564259537,-0.305257661098628,-0.256201008631412,0.101968655860947,-0.393208967351968,-0.820427677182932,0.380260222233615,1.62193419998586,0.557603113404254,0.268434491601585,-0.00122062999207669,0.166332802186704,-0.202897359246586,-0.252410982483156,0.568204361954624,0.394403061949807,-0.445607338797855,0.32045947617097,-0.942576326158213,-0.383423382090458,-0.469352347795675,0.283697869276093,0.257444102990753,-0.0166150006698272,-0.239139141364064,-0.04476479491018,0.0611436870001202,-0.00621958541053053,-0.431426737293501,-1.06337961188911
"ETEC_Bs_2 (GE) - TPM",-0.216241206612379,-0.307846922171029,-0.626142886475809,-0.586936307334701,-0.522711176472674,-0.119901086580807,0.240400337670347,-0.75416492996666,0.232787682397085,-0.490330919910056,-0.166666666666667,-0.281011507588558,0.416403596108258,-0.494663938352173,-0.164996768668478,-0.378222995489905,-0.192281413325317,0.116567307350491,-0.179657110718084,0.833761707993051,-0.514110766584254,-0.693988444425682,0.743343657164787,0.208501278466773,0.630953051333972,0.626193503430358,0.876371767462394,0.600689753492007,0.843627964862704,0.696147398103398,1.01617455456968,1.23216418455946,0.394205611582137,-0.257802493988505,-0.437187791504441,-0.461589850256418,0.0276871431635479,0.423702493900232,-0.569043419440951,0.0576594671849922,-0.151916096266751,-0.0337219195145916,0.232954494365388,0.0725588558448359,0.820420744657178,0.125553064878346,0.0480608001614118,-0.26277152714118,1.2407313079239,0.952607849919739,0.035645863261567,-0.410738064220061,-0.858588307450537,-0.12592611245798,0.0236847560957325,0.351289788059993,-0.931429146512902,-0.166354357513069,-0.379424235472523,-0.25284861172482,-0.261407131838411,-0.170433327502146,0.0708992928643538,-0.296909362264781,-0.0601154443970645,-0.105132885408037,-0.10021046567093,-0.322326413798986,-0.130553269612796,-0.146124271261043,-0.0775786321311914,0.0188223988256951,-0.283403515996563,-0.909831132805727,0.261941369232937,1.10397017808503,0.361137713463623,-0.0254267902990552,0.0422530836879552,-0.0260693930840653,0.060454220127588,-0.252410982483156,0.0884361825810112,-0.0449129976208261,0.809744518525333,0.128933353202947,-0.415604364874743,-0.589677580122891,-0.448741702691668,-0.045925708542523,0.42667271423765,0.494464564442276,-0.239139141364064,-0.0854103630898931,-0.0732163754484159,-0.157807181658846,-0.238783116972151,-1.03256743332653
"ETEC_Bs_3 (GE) - TPM",-0.216241206612379,-0.679809292857968,-0.5116822299683,-0.486550771461773,-0.581355769066842,-0.119022465107082,-0.412054016931173,-0.729483078636379,0.299694101855673,-0.331933325575946,-0.166666666666667,0.230196376133888,-0.302086453705842,-0.210535971881605,-0.177729050707633,-0.548715432942609,0.0256103691276892,0.389084359584663,-0.385670531425021,-0.0993501848714718,-0.446356231635092,-0.359156558023098,-0.299084421497306,0.793401108588837,1.19964002242516,1.34765431400328,0.867184661159556,1.05797477899465,0.942557460511573,1.4653050362508,1.10913955796127,1.64188356941363,2.6593884842627,0.49882744916617,-0.342290322142824,-0.598275781534143,-0.0639596857663811,0.258676201411066,-0.344395689019094,0.0156363627719675,0.261630648409346,-0.134738625799596,0.2112877944175,0.412567866235335,0.113562169732892,-0.119746303445242,0.407338811108429,-0.129877316754123,-0.590478511611207,0.0754824990669068,-0.473997676059936,-0.626891454694741,0.226470188224586,-0.257838207045118,0.673380278278816,0.877559378281054,-0.133597570355287,0.0126075585776451,-0.0727883733607833,-0.0639061534756154,-0.0555913214060203,-0.145891550120048,0.209845753351076,-0.0660695896579652,0.316900639763423,0.115409303267207,0.0401841387365999,0.19444589477075,0.116331975704769,0.243382740513648,0.0558148164226632,0.385465679973965,-0.0910317740053133,-0.444675900918556,-0.492734248876558,0.792794674518902,0.150608363578771,-0.630778614661848,-0.315569120251983,0.425750360960926,-0.475907118733355,-0.252410982483156,0.169674620931566,-0.939978632357149,-0.697000142330978,0.0069612094987649,0.00541415273319605,-0.293744329799979,-0.368223227050967,-0.287760365333779,0.409110556130578,0.440617827702271,-0.239139141364064,0.214006321606163,0.078153276817599,0.131988001931851,-0.383537751367868,-1.05225797375188
"ETEC_Ctrl_1 (GE) - TPM",-0.216241206612379,2.43661452799377,-0.827771605730922,-0.661041042855961,-0.883074220505812,-0.259309112444593,-0.658900708803155,-0.636939764770693,0.197347038949751,-0.101293385857299,-0.166666666666667,-0.198149887281817,0.57531695336501,-0.261552412187116,-0.085143020420256,-0.249202378349771,-0.254241141652595,0.869963691836248,-0.66805277033005,1.95144726146576,-0.674125507142884,-0.4436640715261,0.903465388986589,0.0166483797778414,0.804898686287188,0.528567985827657,1.41936303700609,0.822172742845963,0.663625488821013,0.666335578340329,0.448314558300171,1.09322997536581,0.11931263689212,-1.14318353780666,-1.37102593859872,-0.308958414246437,-0.529582815207642,0.0127520622673285,-0.404974642572542,-0.0520890033922931,0.0527507941691912,-0.703322191018603,-0.481962767175554,-0.471449325725178,0.344301168679657,-0.104879777417835,0.498315239155906,-0.110627940790415,-0.590478511611207,1.41026048654161,0.156717375001149,-0.402900801251123,1.78737781755842,-0.484377749954704,-0.0905510932537951,-0.203516703704338,-0.759292872466082,-0.512885047100414,-0.698326096626686,-0.604352362708617,-0.724109829147716,-0.567694130207825,-0.483793023270915,-0.538471926574033,-0.502201485643856,-0.561661306056073,-0.554105225273841,-0.435182161763382,-0.484798768462926,-0.467850174295455,-0.262890391846663,-0.236865048384493,-0.536644916797713,0.129192059060713,0.456160687743417,1.23967183300323,0.0813169746547747,0.311668169525347,0.0140660415030538,0.163594238658056,0.166152163222249,-0.252410982483156,-0.110571616862714,0.722930674480762,0.323489615344225,0.292707577993045,-0.807853947285466,-0.531275087691383,-0.642824877250857,-0.261918973189239,-0.119761061241091,-0.108069379990137,-0.239139141364064,-0.271393961643796,-0.190488341196619,-0.13995646140454,-0.458436388107102,-0.256431336126243
"ETEC_Ctrl_2 (GE) - TPM",-0.216241206612379,0.837701012058533,-0.907671955558344,-0.658366060143269,-0.487681486191742,-0.175062306733431,-0.0470345099023274,-0.398097135676422,-0.951022654014261,-0.132010470499247,-0.166666666666667,-0.156296001201825,0.213128840424383,-0.525300552217336,0.448941700353133,-0.295759276886961,-0.384899260079324,1.73982193447295,-0.37912706587138,2.01334390862441,-0.853013807449084,-0.475959834519897,-0.151136079313101,-0.0943334742976026,1.02032193318437,1.05497253770921,1.09492201734628,0.925369325230865,0.750614820948726,1.0584358545881,-0.0085788710649808,0.894499142389661,0.189152550152337,-1.21795688568101,-1.26958371053626,-0.295264490111169,-0.0398014954552176,-0.29531395796134,-0.151595396185288,0.571013405987988,0.191694737672625,-0.145651900726964,-0.471131343022792,-0.198017271114993,-0.721753528253094,0.734393529180571,0.272719502818919,0.0700416581632117,-0.590478511611207,0.973274348115711,-0.259378330894204,0.153934039300448,0.695325439784853,-0.432804245554586,0.288053695570118,-0.214578740789287,0.592845893615547,-0.520246767659741,-0.336802544081896,-0.746287484520111,-0.285396909455019,-0.526396822831151,-0.350126536933003,-0.575033581093556,-0.111298453558043,-0.310148296744505,-0.398967109504764,-0.340756267556862,-0.537166881135485,-0.311538381688652,-0.240306944198225,-0.0377629303873614,-0.387481658388361,-0.616742122519384,0.693772257054843,0.610890541631068,-0.0429516485540882,-0.138229559268095,-1.02471300599999,-0.520326878688377,0.43592830335142,-0.252410982483156,-0.119730557141225,-0.273298873734755,-0.697000142330978,0.0166858477584827,-0.348865188265327,-0.707733240916709,-0.552857776524874,-0.362689039610353,0.0676758901891004,0.236878897387423,-0.239139141364064,-0.190973865591796,-0.2797071581505,-0.0813138456960026,-0.262220440196281,-0.709176000398611
"ETEC_Ctrl_3 (GE) - TPM",-0.216241206612379,0.929311942485831,-0.6954043519832,-0.375311505754946,-0.543450328609725,-0.056937629202296,-0.802030847294736,-0.65399421918756,-0.0190293255801378,-0.160116811278314,-0.166666666666667,-0.0627386580426747,-0.329397287342859,-0.479112568567975,0.069631629002481,-0.593166430198422,-0.112776298320556,-0.218076151273119,-0.474614499837355,0.474034526558854,-0.604381275568166,-0.432022153491735,-0.295768137155405,0.0942991102968552,1.67488049817679,1.71506500243171,0.711849558844756,1.23984693379142,1.60899721587069,1.79253588582168,1.85903687113181,0.91100729345992,0.708837269799226,-0.726229425651479,-0.793167698634675,-0.540799949114601,0.0373209703552587,-0.142868392255894,-0.45483061631707,0.0794861242230952,0.450563464424334,0.0781958904183192,-0.0973731902709235,-0.200598050987657,-0.593165877847512,0.190419114975635,0.438174551316714,0.20555266154876,2.61969007559022,0.019289785075065,0.48416191291114,0.576294115201509,0.778082184365235,-0.328734063546438,0.485779788114856,-0.023416928662986,1.61453821618424,-0.340503354608973,-0.29622700003433,-0.335915659103684,-0.11851417405687,-0.165562025439107,0.107995473728871,-0.524602451447355,0.195487910566562,-0.128084043391135,0.126161071303043,-0.0475492531827199,0.0376837906226581,-0.085987647655503,0.08362900283513,0.290344319024064,-0.214858309045334,-0.702558369185668,-0.553332541526932,0.114683167581718,-0.389016844411657,-0.668357572817374,0.686281386389531,-0.344943597196711,0.261556689119121,-0.252410982483156,-0.847468339330379,-1.16824502997077,-0.697000142330978,0.338668735991113,-0.312413841680493,-0.602546757502682,-0.583873564883319,-0.399259399063337,0.0604744629986134,0.338212005061387,-0.239139141364064,0.342811867560509,-0.199783882313105,-0.0424381572311504,-0.127483635448002,-0.448968780308316
"ETEC_Li_1 (GE) - TPM",-0.216241206612379,-1.27328568295085,0.290033616081157,0.410568089976396,1.42599494948687,-0.0426843287084461,-0.37598223931415,-0.37109923489148,-0.689378123255745,-0.403249527088419,-0.166666666666667,-0.199469057589809,-0.0483933004342492,0.213437988552774,0.421090809165416,2.02382761322052,0.274833915596098,-0.350439252284341,-0.573101532968811,-0.624159407671597,0.0104849525092317,-0.326302190327375,-0.000482865072070561,-0.72047854314209,-0.371683968362659,0.287966813421765,-0.999717867207989,-0.175796767015573,0.413086907129276,0.202779422005754,1.05870105600174,-0.793955416518703,-0.862738291213413,1.43978123145562,0.449601339612554,1.00753324779867,0.537675282580192,0.101868699333873,0.226895107953485,0.353068270138599,1.08606082608097,-0.0902428204599236,-0.374495506928138,-0.458382322926736,-0.704926786467271,-0.561997204118017,-0.368054825677174,-0.126243245930805,-0.590478511611207,-0.088950470136585,-1.25139665201395,-0.566287526290684,-0.173901758448231,-0.532052012730844,0.00867198488775282,-0.0215148082789779,0.704335035494155,0.0128217244861992,0.42620012547201,1.11490127463938,0.407737923491767,0.472408760103953,0.212282954581266,1.2315810050247,0.737175325000598,0.795094091944294,0.804890465720457,0.19712774691431,0.672669903417653,0.864849492713982,0.134677236574994,0.515379149827206,0.622206352478645,1.75676412721467,0.630166654540296,-0.358546941115157,-0.514592705711916,0.971372088526822,-0.0164233032987506,0.394944969231143,0.477568168814239,-0.252410982483156,-1.27707055848381,1.12389895992337,0.333605365187006,0.197671273211396,-0.696299625830264,0.375662215465098,-0.139598870454813,-0.615923223270224,-0.0308522951884256,0.556094443885442,-0.239139141364064,-0.475676343077368,-0.33547230817062,-0.477892104195436,-0.458961814554392,0.331059919628591
"ETEC_Li_2 (GE) - TPM",-0.216241206612379,-1.16446232465903,0.800073930920487,0.254312379001909,0.513916809137459,0.00323171325194429,-0.0242684094166377,-0.110694238318359,-0.700428037856662,0.860136586792431,-0.166666666666667,-0.359219254378218,1.36986374752693,0.898962397896575,0.189046375647007,2.12911803047014,0.765637879806371,-0.661337531813365,-0.221084990992237,0.54497357491361,-0.248591098569332,-0.124771424774904,0.821843124601256,-0.775006976025715,0.335681627804103,0.226140032853587,-0.924158375609392,-0.259992306829142,-0.17390640421752,0.398941683239228,0.667905960011173,-0.566883977710216,0.252529409716982,0.34407901649695,-0.229047878355172,0.410140253592383,0.132629289642562,0.450918010254197,0.930899628010548,0.76183106985172,0.968521130153672,-0.254303881288991,-0.530781531370732,-0.533139978027292,1.05173721236311,-0.0230835022900113,-0.0750045697969544,-0.18098676378249,-0.590478511611207,1.29498821960405,-0.167684382809145,0.225968154490369,-0.403576819008285,-0.593457903726635,-0.249105531826673,-0.106905778756946,-0.188451642373858,-0.0613162692026524,0.3175603800103,0.538902302798675,0.420540616442376,0.498451078597754,0.0439632755606527,0.617552119147549,-0.164029089809131,0.195029089494156,0.264681098876017,0.309888360221084,0.189368079480593,0.629930574456349,-0.0526889849462562,0.150761688405482,0.566300861218064,1.26904506238308,0.432149435947026,-0.194965823079691,-0.292063596324949,2.2937001941164,0.541345649771188,-0.448918382116697,0.252857825555915,-0.252410982483156,-0.148125867631292,2.65583543210962,0.245466660684043,-0.25391107014523,-0.847585630485818,0.365422708928248,-0.0325947962594195,-0.574825071892187,0.19320160879488,0.228068094079021,-0.239139141364064,-0.53992119774187,-0.360013325787309,-0.106369944348066,-0.384157488721055,0.149288235786608
"ETEC_Li_3 (GE) - TPM",-0.216241206612379,0.021275414826394,-0.748750553733242,-0.7607896693152,-0.525010650037081,-0.460469517270108,-0.151784017092747,0.561421610475974,-0.91089182920445,-0.568184923249938,-0.166666666666667,-0.976800410116644,0.040932555519587,-0.205619904036028,-0.616311712830351,-0.140177741676201,0.14613964333249,0.349067756081712,-0.472613919488042,-0.172685699860844,-0.676570240554596,-0.785525429293277,-0.259445521412148,-0.980856069507861,-0.279495074910969,-0.152147419753742,-0.892177902514973,-0.529823076101035,-0.240959314060724,-0.383107792489344,-0.0253807424812695,-0.825427190015251,-0.690622151995208,-0.0168295918457432,0.00367410419837878,-0.462286382939991,-0.564710286214741,-0.173510891596436,-0.678663542103879,-0.566233278314337,-0.240293687104533,-0.833498620506559,-0.682088568953281,-1.07443918756408,0.993252065941426,-0.450897613024018,-0.597524669541328,-0.588742544261257,1.26439325362845,0.257202762452105,-0.048006178871143,0.521589076179976,-0.520596269459975,-0.990587071369424,-0.57917259760438,-0.557089710052872,-1.31889898596046,-0.746961070563983,-0.384842500392703,-0.0256998906883477,-0.412652909053938,-0.542804286693524,-0.675280637748694,-0.62482117981719,-0.521535674003842,-0.403685147897685,-0.515976319493511,-0.541378411240027,-0.379210910090947,-0.557068526769601,-0.629689774775692,-0.626042898797698,-0.322447496426362,1.13300181551512,0.511437110841526,1.44236594425411,-0.00753131642397415,0.277180849108347,-0.692472734073344,-1.0376034968542,-0.549919758495273,-0.252410982483156,-0.834360738243292,0.848665987533169,-0.260938989732294,0.605342783154171,-1.17836409265254,-0.482652237446173,-0.688860456296027,-0.733353348298898,-0.628582300028404,-0.526669753297056,-0.239139141364064,-0.777801408727949,-0.72097725569572,-0.460039499217816,-0.847584685950163,-0.148467519938275
"ETEC_Mig_1 (GE) - TPM",-0.216241206612379,-0.271615115234667,-0.808585140607626,-0.880010658717549,-1.09599030757639,-0.963464106309121,0.68646087269812,1.65785526750626,-0.832068480644126,-2.11242026368871,-0.166666666666667,-0.229701853807359,-0.643101070855257,-1.00836414935846,-0.903042891773859,-0.750644751228086,-0.751147386462466,1.20458511864076,-0.165995307032756,0.0666770891360567,-0.362387479694791,-0.00447351157547015,-0.81418153056128,-0.834668163932677,-1.29274228977939,-1.05805583485275,0.937832745871519,-0.869690999334651,-0.944565620181211,-1.16210177719088,-0.93154777980427,-0.236940959244038,-0.686941490607623,-0.440799595028283,-0.375734378825687,-0.820806417015994,-0.653053002263847,-1.05683914455999,-0.953339836591629,-0.262149659780434,-1.59094289642058,-1.46271883892976,-0.571888363322314,-0.76929658592242,1.39408406679764,-0.186894237905223,-0.980308252611498,-1.02850335222686,-0.590478511611207,-1.24669573430836,0.367162482559863,-0.902975090690665,-0.51667001989939,-0.183701329901438,-0.943296222562663,-1.24316179161403,-0.872866962738664,-0.846045749211175,-1.16571083540325,-1.29956974356793,-1.29825746793672,-1.1826875571364,-1.14628282004928,-1.20228892856381,-0.844608843004958,-0.967411121671928,-1.03760136256482,-1.15606992599761,-1.09676311884446,-1.0774286476665,-0.981885787928259,-1.01591223183137,-1.09566106405605,-0.961396406385884,-0.78990632511397,-1.03534227672799,2.07160374722129,-0.778721236427546,-1.401273454239,-0.79024054830874,-1.10080019335545,-0.252410982483156,-0.279705134052092,-0.697539024417969,-0.697000142330978,2.01168954234068,-0.177130574529133,-0.991748375287729,-0.858401900930074,-0.0814377026342034,-0.809401644670398,-0.999908239892503,-0.239139141364064,-0.761772486895995,-1.01898925379716,-1.00618870130555,-1.17163134945267,-1.09050044124638
"ETEC_Mig_2 (GE) - TPM",-0.216241206612379,-0.568471851664385,-0.837185141430287,-0.783407367988472,-0.888568993215676,-0.770670193631898,0.367896603360605,0.185948627722583,-0.883731449672895,-1.01794649041494,-0.166666666666667,0.378609979214132,-0.181485721014912,-1.01712410615616,-0.600024370080917,-0.794479397380477,-0.529257442065031,1.48768395631423,-0.170823944679702,-0.314824115798829,-0.0714289335001134,0.470210174377568,-0.70998971957137,-0.426457293137281,-1.03111937160804,-0.909370028051608,1.59236456569807,-0.751722722483251,-0.480664623261919,-0.468637271476551,-0.470587559315438,-0.13041506242538,-0.758284937198663,-0.778326661352451,-0.272756225896593,-0.822269190672678,-0.661766700066707,-1.33143196402129,-0.977902443962441,-0.51325628004254,-1.65374825357522,-1.25916632535298,-0.728797159530673,-0.940841414009101,0.744004945780794,0.246036112994581,-0.860217163071125,-1.01346905761828,-0.590478511611207,-1.21755777893447,0.0950496359204493,-0.902975090690665,-0.592773785681341,-0.176631737145176,-0.803198110662815,-1.12648873021696,-0.401626790619743,-0.918287117018256,-1.09643017393108,-1.24553512823265,-1.18040554779067,-1.15954068288882,-1.06734432777618,-1.08469800387722,-0.967383063389114,-0.850843549844236,-0.918333170842439,-0.965327797220602,-0.865627924299211,-0.975449472014813,-0.914648651432647,-0.830452401226771,-1.18097759069963,-0.141675882123811,-0.832823041506017,-1.10268274765964,1.49933180990769,-0.589708829979413,-1.3348188341221,0.00317977129933635,-1.30351798452668,-0.252410982483156,0.621390732772689,-1.03386447463496,-0.697000142330978,2.30707809208761,0.320582856469446,-0.690591286778869,-0.810432217762572,-0.181840164726719,-0.541230524182287,-0.737783098547559,-0.239139141364064,-0.557105846080354,-0.795496561405345,-0.528199019880744,-1.02752058892961,-1.29133986681159
"ETEC_Mig_3 (GE) - TPM",-0.216241206612379,-0.753329984876032,-1.1308498047612,-0.698574903302985,-1.06833239930091,-1.08538886525354,2.48234715461042,-0.215384968924746,0.536557826308648,-2.2556069632579,-0.166666666666667,-0.822076426789925,-0.44514026253077,-0.816249809388775,-0.385309578320252,-0.711140631134847,-1.05320834611075,1.03731857810154,-0.263385240996429,-0.710819479832881,-0.340337421248015,-0.515384269614045,-0.268724056181648,-0.286456007691473,-1.29274228977939,-0.851748135837247,1.5793500763641,-0.824016945507149,-0.758294394504857,-0.953834451957173,-0.00281888595225969,-1.0135632339948,0.8724275713427,-0.0265012023906056,0.252341233574199,-0.806672341554893,-0.747829756822133,-1.31292588456317,-0.0983052913322445,-0.288877548854594,-1.59021899327108,-1.12731538132648,-0.512069607440608,-0.793385372250302,1.14317226951084,1.60737542022385,-0.768513438531589,-1.17564119905027,-0.590478511611207,-0.996561165821464,-0.620880971043797,-0.902975090690665,-0.969344147070038,-0.705907953192459,-1.08635178307198,-1.0931791248147,-1.02969113158287,-0.931403309190287,-1.24526754791348,-1.18704521780874,-1.31042740851242,-1.19823363223139,-1.2286801052013,-1.14036386411082,-1.06583675802842,-0.965953166650159,-1.02267520008071,-1.0630305228491,-0.905804017745762,-1.11917240596399,-0.956627432433833,-1.01452878744555,-1.24877407946819,-0.347810568414919,-0.676392177787981,-0.587264926077467,1.71563689121491,-0.543581348146677,-0.470371525987433,-0.495502497734232,-0.671762278640467,-0.252410982483156,-0.372293279681213,-0.512288322010101,-0.697000142330978,1.39404388759448,0.16748876611929,-1.00145995240701,-0.988239964755728,-0.255149548361615,-0.788240191328272,-0.969962705058623,-0.239139141364064,-0.910781657426016,-0.930114845244317,-0.989978731036277,-1.19657471274015,-1.26449984489628
"ETEC_Nd_1 (GE) - TPM",-0.216241206612379,0.573461961356746,-1.27253975579905,-1.07827280513092,-1.37486684921236,-1.31815221261428,-0.203136730547378,1.47783320159048,-0.201958077253559,-0.966365394662874,-0.166666666666667,-1.23392482802971,-0.964727188542585,-1.42959775723799,-0.668597854512551,-0.883362126473368,-1.17925085975399,0.859837133569499,-0.683696256030686,-0.932836975769093,-1.13474327855137,-1.25141987256833,-1.20230451449691,-1.40863030254408,-1.20931902924735,-1.50832222237908,1.63284751474216,-1.29207026193632,-1.39368506662559,-1.46559067831676,-1.23916558073654,-1.35065458674867,-0.88616960598732,-0.687601087991484,-1.36911558779931,-0.715389557942196,-1.05438310981056,-0.931575164773208,-1.44041538991933,-1.63374218263488,-1.32171786311564,-1.66283765879113,-1.02319213333378,-1.46440501613525,3.59081477004446,1.43371159650442,-1.04154390987339,-1.10749689954408,-0.590478511611207,-0.871270269110949,0.0366205478189529,-0.750500628671362,-0.969344147070038,-1.04186757402629,-1.28135277640728,-1.4348317963883,-0.735369534740629,-1.18622942876545,-1.17811959080219,-1.29871023984822,-1.32194930218132,-1.51731986044476,-1.50893647634726,-1.25559444901748,-1.23087953041868,-1.13306541093849,-1.2640037087564,-1.41272064039282,-1.37248574781333,-1.41257853293873,-1.32964728962358,-1.4268962397933,-1.40702124399275,-0.195080251013419,-0.952182521774121,0.580458178722161,1.04373989596962,-0.82761719884995,-1.35477516644235,0.107123433012873,-0.658242823508349,-0.252410982483156,-1.06197000592454,0.0786192170014592,-0.230273607272036,0.102616892693991,-1.47808054713493,-1.30597839857511,-1.19236891155698,-0.77562601470841,-1.13650466773726,-1.29271075540283,-0.239139141364064,-1.26463564776563,-1.17612555932838,-1.16042446933761,-1.23347171042946,0.787056738746899
"ETEC_Nd_2 (GE) - TPM",-0.216241206612379,-0.0451281065379795,-1.32789196599105,-1.14530010214754,-1.32936774217117,-1.30167592093439,1.59072479148788,1.99109393710535,0.0279234719650305,-1.27901961862384,-0.166666666666667,-1.18237309359805,-0.80617292005038,-1.75146140593035,-1.20531851867664,-0.880019107350241,-1.21022100463857,1.47625898941723,-0.735067929793169,-0.646191628086626,-1.19065822181049,-1.11800501208958,-1.46213449787498,-2.10888470905284,-0.496319460020303,-1.5934750676547,1.88373173438579,-1.20320538147845,-1.21336370858785,-1.57989339835608,-1.33290727085637,-1.37088923113011,-1.11130068032887,-0.999746936491793,-1.70773608072084,-0.744063538791137,-1.05885871088605,-1.06792731685001,-1.48580948509336,-1.5462209603966,-1.21438553478846,-1.72246417575728,-1.02684487269167,-1.47914673217493,1.07299014315428,3.05730805911453,-1.06627604241029,-1.11420473292019,-0.590478511611207,-0.958936931004795,-1.25139665201395,-0.902975090690665,-0.969344147070038,-1.25885126509861,-1.23463898811727,-1.46493155326243,-0.983530946249673,-1.24201001391123,-1.18030108535842,-1.31574668311641,-1.38851497566426,-1.45005491684691,-1.56815545387574,-1.29889517649303,-1.27482361065742,-1.16109823274771,-1.25335215119623,-1.38058372407319,-1.35295046560408,-1.38584675085542,-1.3052273455268,-1.41923401057923,-1.38559550920136,1.26396578707578,-0.957404333009564,0.371380908613561,0.7362119726025,-0.859928935575025,0.450332345147889,-1.78378017616727,0.578794285197129,-0.252410982483156,-0.555106575335883,0.63951952343523,-0.697000142330978,1.28830517619613,-1.40968973297162,-1.37473168704837,-1.22171616351906,-0.859781641433431,-1.28181658995313,-1.29833916127671,-0.239139141364064,-1.28388592202053,-1.15894442497859,-1.29067177851887,-1.21361306380486,0.219653714930365
"ETEC_Nd_3 (GE) - TPM",-0.216241206612379,-0.379614374670108,-1.27544642579059,-1.127999103718,-1.29633828563911,-1.30283353557649,2.18035989947867,1.83953122906853,-0.539835431733728,0.0755734369829587,-0.166666666666667,-1.28617943723141,-1.01375347241096,-1.47910915695523,-1.00516693460049,-0.871806936392176,-1.31241103140732,1.70107409638942,-0.82482151691098,-0.795982853425084,-1.23093089247023,-1.20047029897097,-1.47968275250794,-1.95320355783865,-1.29274228977939,-1.50510067787799,1.33437053758971,-1.25832116088072,-1.29934358023732,-1.27941350289691,-1.49052748856379,-1.08564267825819,-1.11130068032887,-0.848003773492604,-1.25659983648438,-0.735397353785628,-1.10823144321684,-1.07473525358034,-1.47344235143439,-1.55435608101218,-1.20135290779826,-1.71551612187095,-1.01311576132302,-1.38810442031404,-0.0613192350471978,-0.349962637964579,-1.21058843739203,-1.16335992576977,-0.590478511611207,-1.15509095369768,-0.72510112522006,-0.902975090690665,-0.969344147070038,-0.697137810511075,-1.21719692766473,-1.47420961049126,-1.58282353300065,-1.26095340947872,-1.17531946973288,-1.1204292532141,-1.23859067545812,-1.49337870762988,-1.49900258325198,-1.26749583433425,-1.23579895161593,-1.13187473838635,-1.2532098351076,-1.39686050740189,-1.3819786205405,-1.39624708476569,-1.30606131332726,-1.41943169196558,-1.38339209949033,0.0707752699766124,-0.933357021645948,0.370047357797285,1.40130793238676,-0.793914590031921,-1.71327666156671,-1.67463901940551,-0.117024171495118,-0.252410982483156,-1.32903898318674,-0.447553594836422,-0.697000142330978,0.341170382153311,-1.60998824233443,-1.06530684295847,-1.21820031633643,-0.924325716272885,-1.33840270039949,-1.37909598166487,-0.239139141364064,-1.24657359778277,-1.15452420975596,-1.22467307673566,-1.28510448113089,-0.711874210498109
"ETEC_Ns_1 (GE) - TPM",-0.216241206612379,0.333166430021269,1.56403817827971,2.30331208438075,1.28276660057144,0.137823303229913,-0.973586714662728,0.519028337507711,-0.758564076252993,0.595367758272482,-0.166666666666667,0.438959353366094,-0.188751866154018,0.417365330461171,-0.667110214112012,0.875601136910983,0.801153791167315,-1.55734326429988,1.80666381198884,1.62881523238133,0.314509283773018,0.236270141936574,-0.506262095143468,-0.477634982558055,0.733814498137261,1.43130146584459,-0.985807766095605,1.30047098003435,-0.125465444878174,0.580912751269452,1.78189395215152,-0.247422195933495,0.571465212626651,-0.682862752219281,0.0281998302638542,1.52280852471247,2.06163406923878,0.56543245860974,2.23795270711489,0.585748390027188,1.88376312882489,0.206828666611286,-0.453805903057471,-0.519801374638442,-0.891404872878726,0.118684524594942,0.374708019199632,2.81270903434028,-0.590478511611207,0.0693964408519925,1.75717210576977,0.806554513103037,1.94760681273403,0.100041087135742,-0.364960133608366,-0.243020151157834,0.880548038974113,0.978747849895468,1.53759461112543,2.24112002967587,1.76311142213891,1.41830774210009,0.193245126532449,1.12038372377734,1.11293418728948,1.23376831842714,0.91374281986494,1.09174563294762,1.09482963404548,0.911244944905178,0.188654136011333,0.387887439697869,2.32104788787051,-0.598302605901898,1.00905311490886,-0.905023862454433,-1.00893025633242,0.28727906798533,0.0308875849911455,-0.0895644092601818,0.806621978709205,-0.252410982483156,-0.496883117944357,1.26739128468277,-0.697000142330978,-0.865439165547096,0.568205939142976,2.86039643881824,1.90761474183946,-0.390996609191847,-0.303236081808092,-0.303255737181303,-0.239139141364064,0.267202995874969,0.328917615409652,0.365823578035292,0.445616498897501,0.769827796025694
"ETEC_Ns_2 (GE) - TPM",-0.216241206612379,-0.574402573590655,1.46378126942182,1.27868007776714,0.917829791631078,0.0985151586792612,-0.792456201293443,0.633016669482761,-0.937001143621752,2.67486644905892,-0.166666666666667,0.382521774987485,-0.770529123949261,-0.6333434264128,-0.112191121831122,0.886991527149154,0.756549955058336,-1.61849159970772,1.98017543873584,1.59559456151876,0.0768303998478015,0.263826546918818,-0.345990909517984,-0.889583723453928,0.778311008568588,1.21328772389648,-0.85273826147935,1.23613306648118,-0.112458735916909,0.130443765057336,0.706361753281093,-0.302932750130234,0.751722698571617,-0.266275495279072,-0.317119376354927,1.39977939286848,0.416588975530302,-0.29111225788284,2.33020232557194,1.17838023023887,1.40056171034902,-0.0753347323544246,-0.404878420171628,-0.507300039305277,-0.46737021112098,-0.250968636738418,1.13038319507129,2.20652826530125,-0.590478511611207,0.345479787821549,0.525054512547399,0.989678920683241,-0.174411456030429,-0.518160820755091,-0.267371265804304,-0.281632120162322,-0.336081885824919,0.478020831498305,0.564444183125198,1.01443833775206,0.964318234485329,0.770847636625941,0.0783373937330721,0.830107804740567,0.499315511104605,0.22877099879649,0.489783716438209,0.997725439294955,1.16932872048598,0.734803141770664,0.351078497659492,0.121435231580722,2.38065200570346,0.738454488131419,0.437591713099862,-0.662789168154218,-0.723890482318134,1.17222571177494,0.408695700988098,-1.19841385655,-0.191052433249137,-0.252410982483156,-0.559597571902618,0.645352801988641,-0.697000142330978,-0.910458986791729,-0.0277244656404803,1.49820607118008,0.896351391011812,-0.467260083978279,-0.465954889582767,-0.588005080857408,-0.239139141364064,0.398980133767089,0.341807529265321,0.303874679796892,0.31531235799915,0.624839396248584
"ETEC_Ns_3 (GE) - TPM",-0.216241206612379,1.08221478270912,-0.474285772100695,0.0545145116777285,-0.488202270203616,-0.208998309572396,-0.0341163734628949,0.818519366192596,-1.13936588228592,-0.10065741467001,-0.166666666666667,-0.295546702680006,-0.815188973060267,-0.142383977662825,-0.879196600209218,-0.24969234472262,0.232026882242416,-1.59034651850855,0.799721167288705,0.727205494693166,-0.596604243804407,-0.457527978761337,-0.678144601060235,-0.878385886943672,-0.253278715913461,0.326454396850122,-0.746499596372534,0.422607763416734,0.235909815277429,0.310176684372832,0.0954875357269984,0.0919648743459338,-0.410010807435054,-1.15075665141989,-0.570401267837195,-0.275009162291251,-0.256270669605774,-0.655782414012997,0.360046679188204,-0.420750437649374,-0.0649392669222297,-0.467732572870201,-0.437125320151751,-0.79275340939438,0.0794529283890738,0.363322426412001,0.221054005191956,0.531992852696182,-0.590478511611207,0.406169886338026,-0.248343851366846,0.521912118367246,0.339800630236823,-0.432146396145255,-0.380963825515522,-0.251881264289273,-1.28950753737887,-0.1009301832086,0.0206451194748585,0.1779131425314,0.234421532646803,0.249071167629585,-0.0789171158559603,0.078444333650895,-0.269666823443627,-0.10318806177343,-0.139216032730478,-0.0284761296174155,-0.0871483289385631,-0.0781258451377844,-0.268128704296045,-0.200114841253657,0.422680572976372,0.121701680914626,1.22980587183647,1.02863275230872,-0.299648064364298,0.800829126197103,0.806597552000744,-1.19542114652642,0.120268123809167,-0.252410982483156,-1.33202298835597,1.37099403111582,-0.697000142330978,-0.239377024858562,-0.591991919100969,0.406762317531333,-0.239077199931824,-0.506248741099236,-0.505809614466902,-0.611181873688263,-0.239139141364064,0.471757874293953,0.513886145751233,0.355437163886,0.0880736532309538,0.176666181163612
"ETEC_Oss_1 (GE) - TPM",-0.216241206612379,-1.16421968343615,1.2425900253267,2.22413399995573,0.635421659222476,0.061960277751115,-0.424902736139735,-1.26529901724813,0.766574249547924,-0.855425953445361,-0.166666666666667,0.0578994911080993,0.160726301913048,0.299547357846945,0.497381023962697,0.631708028946862,-0.168723171300685,-1.20624105007933,0.798770101080082,-0.870507929407256,1.49277322029007,0.919827547293173,0.622274264764614,1.62054481853201,-0.401044627460689,-1.11025712916492,-1.0637558135523,-1.08276724517663,-0.99298115373553,-0.758004885940038,-0.772764852045044,-0.689223721749457,-0.760368887868657,1.83610288687144,2.61926655704307,2.42121239625507,1.69009953339337,-0.140916468275031,-0.636585289301882,-1.05685059180336,0.298757269401322,1.97662538582508,2.12520941377231,2.28867835710913,0.558547192231085,-1.12745919547437,-0.364026546976036,0.223402957989812,0.735814463706611,0.626820824791599,0.0392976925068175,0.52307779154415,-0.220649424787274,2.75671351418897,1.43783303159227,1.82871505421891,1.18498972767574,1.82091901932759,1.01528148947624,0.647416604651262,1.41847221236941,2.21078825317953,2.17923000029565,1.33193600176173,1.61455227778056,1.44747746890886,1.73990300704994,1.79341047123405,1.99335442445251,2.39746903246452,2.38818444561285,2.44800638077448,1.69207822459539,-0.566447309915707,0.435601858006836,-1.15339671749712,-1.45007981208838,0.250547299041448,1.06834688137497,0.669276266533867,-0.704799127114439,-0.252410982483156,2.20775773230255,-0.0875393702339712,2.00524703117306,-1.9455472006865,1.61525798120068,1.2594589397949,1.53925175478727,1.70858801548207,1.41622148148662,0.650064562121649,-0.239139141364064,1.29051255887604,1.14489178541891,0.595935460579497,0.418565921336947,0.507962563162838
"ETEC_Oss_2 (GE) - TPM",-0.216241206612379,-1.13345424907649,1.73255790219982,1.94149408450815,0.980240157128459,1.18241418550271,0.440631668730574,-1.28917060905299,0.317667611022598,1.52452387060626,-0.166666666666667,0.486089269875538,-0.363079121291774,-0.15787862462989,1.70575631462774,0.930353521761824,-0.0571546283868434,-0.674944143403817,1.61836140371707,-0.176646325735608,0.694026798457406,0.514352589740112,2.62430372813011,1.32739380165713,0.330552258872374,0.0474087366510452,-0.894570114392414,0.152805084301946,-0.307089465693825,0.126850241556555,-0.29222994135724,0.252385499778374,-0.0925283089115852,1.1158914858717,2.00345559641849,2.41587555470607,1.30292340426808,0.718126852174865,1.04520231531804,1.30323939600584,0.83334140758895,1.3560060951586,2.00091740785151,1.52785018662352,-0.302844049812502,-1.77553899252255,1.07916621949798,1.22584432699785,0.307923464621877,0.71768855540473,0.982895514252245,0.20099881153529,0.715116689213917,2.52936979526025,1.11207054488743,1.5246858837029,1.31468184709808,1.67998534083362,0.955956008993,0.510921231135682,1.55776269478091,1.26942190965645,2.08487439898596,1.73363243587289,1.53954803630472,1.91771213637499,1.74763358729519,1.57882565517781,2.37855443406687,2.01819874195118,1.30966957582223,1.82519089100945,1.77346187882076,0.206141447680155,0.577856796410377,-1.28447127181723,-1.31435950351873,0.412171111512266,2.51104482768932,1.11369064640983,-0.354509656649762,-0.252410982483156,2.12961757089987,-0.259519555742446,3.10468996005777,-1.15258521011331,0.162055839436115,1.33991431872678,1.9235519207317,1.54663297176687,1.96328480717438,0.645624999168429,-0.239139141364064,0.860246383096179,0.693456957844022,0.637301427733081,0.298171726585555,0.797262403063259
"ETEC_Oss_3 (GE) - TPM",-0.216241206612379,-0.36746029302497,-0.201196095719362,0.234798184199723,-0.0290031145780099,0.191392902128476,-1.20839677491729,-0.445105882386137,3.07502399198233,-0.352025311333557,-0.166666666666667,-0.461905462593787,-0.582908455822609,-0.588945460502055,1.04650391479355,0.103105541206828,-0.880980321287472,0.201508529341856,1.11865723428055,0.259169954661482,-0.493743154259286,-0.218916457093236,1.02267293851142,0.357010736712264,-0.75360278204253,-0.20441563902039,-0.243820922315634,-0.727515834740831,-0.161825938796608,-0.675902943469324,-0.971227765190623,-0.250259982336339,-1.11130068032887,0.0495633631642302,-0.195529265831103,0.825596047901802,-0.189741780658532,-0.0659452452741713,-0.839017078473069,-0.326920107795512,-0.450176603967733,0.430009615374834,0.807957818953081,0.500078535052272,-0.332491487040077,-0.515159343329628,-0.562319553380094,-0.267510818540895,-0.590478511611207,0.620490213417988,-0.557724253237755,-0.410276736284981,-0.969344147070038,0.935697788771537,0.151587040912788,0.327951125378185,0.851328011542438,0.237235593020448,0.050610865949425,-0.0845483276482926,0.0719384201574341,0.342286241592179,0.149971907514039,0.267880268680295,0.330168157107215,0.796449544014098,0.614788706392704,-0.0106181062144628,0.400234693468413,-0.0320270782343447,0.207673181881913,0.227600060952207,0.443167048388498,0.318384640586675,1.77211907890077,-0.152079172135958,-0.305126745435285,0.253783392938881,0.683300768436726,-0.551163127035006,-0.434722193145831,-0.252410982483156,0.401015122801853,-0.289597634193721,-0.697000142330978,-0.85273465171065,0.257950978217043,-0.413182987300031,0.157662437698978,0.695176226572209,0.671240958851069,0.239220419501549,-0.239139141364064,0.269537335003689,-0.173737849402209,-0.469169821949375,-0.265029506620598,-0.699507746468903
"ETEC_Oxs_1 (GE) - TPM",-0.216241206612379,-0.656742540389976,0.713189036627037,0.409368358920493,0.942169245685658,-0.674029755651741,-1.20839677491729,0.460269067133882,-0.468066927655984,-0.499355470280631,-0.166666666666667,-0.686435329418852,-0.459826003227026,-0.672231649216208,0.601384877660176,0.0947187945952867,-1.11793699557337,-0.59864190048651,-0.552674938449281,-1.11815911775504,-0.196196778583292,-0.263284694517714,0.00431239244808256,-0.0105916528698398,-0.605717503167576,-0.944193104097225,-0.2407517755387,-1.18699380820122,-0.909442604306201,-0.99333256202517,-0.8674742136166,-1.00131398095848,-0.925896001429337,0.211303189766825,-0.280172718727024,1.24544507400964,0.0750323979838651,0.0206754590458145,-0.0639531478371242,-0.734837979167166,-0.666453620744725,0.759939524225994,0.11816316589013,0.44892266366972,-0.445747850725161,-1.05057446930148,-0.901474608273346,-0.0817464798598044,-0.590478511611207,-0.376291774352303,-0.544239970029968,-0.651837137070329,0.0195339449443272,-0.380471484406584,-0.248768106578463,0.191983395074158,1.20882905284914,1.41389561164967,2.08177252127763,2.78161245663737,1.15358903685271,0.464143349948301,-0.163849094032189,1.18848613020892,0.804215151908756,0.615488656948601,0.613049069933092,0.474131081060241,0.290138990130771,0.0753030497934374,-0.169556872336613,-0.27967956323769,0.411230814009393,-0.905528412864846,-0.339236269445458,-0.39430131816213,0.0524722486726788,-0.088237739769068,-0.245586217725013,2.50578049168693,0.733555892673428,-0.252410982483156,0.0442079217981639,-0.71898833383836,0.0717367678527421,-0.576307091029215,1.43543463692575,1.02999626545894,0.464574407846665,-0.479429145009081,-0.013609328252922,-0.149597697902595,-0.239139141364064,-0.104887952955707,-0.268706917730086,-0.600654843824057,-0.287563742915608,-0.324401074759056
"ETEC_Oxs_2 (GE) - TPM",-0.216241206612379,-0.385930808174706,0.939205040309441,1.01815652045429,1.23339754034699,-0.131816975465937,-1.20839677491729,0.263084664088049,-1.0088329396313,-0.0755459907924401,-0.166666666666667,-0.924277272594232,0.592518081461807,-0.736033789275778,1.07075590789574,0.236659910146331,-1.19004957008645,0.345318969795729,-0.457234006591958,-1.16332089939218,-0.295600882092731,-0.464291974204743,0.423039145560644,0.124978668312766,-0.0904250533484945,-0.697879006634832,-0.176136080383556,-1.26814716719595,-1.0130787277459,-1.04593393526768,-0.977028608554448,-1.25150808411756,0.1505062024976,0.550119699928222,1.02368036465614,0.836379082301004,-0.014326133404598,0.151413333596784,0.414248233565253,-0.773798175550844,-0.399792358980491,1.54637929667408,0.253103336036942,0.956007769708705,-0.521527942241403,-0.811498104818221,-0.86432501434105,0.131895088824295,2.58872542588153,-0.291929940071595,-0.0482242540681276,0.317858633371573,-0.584772812944166,0.527804342646874,-0.291543681725228,0.266278459762343,0.377403525180582,0.893342253809466,1.56040334246522,0.934199259226428,1.29750846379536,0.334867539856909,0.4020843509983,0.451095042397239,0.751226383872233,0.501668216259186,0.318364882563318,-0.213821243885549,-0.0753786830022437,0.231611043192576,-0.311170342662376,0.0415750513130237,0.506715318659244,-0.953397389124644,-0.413285762357672,-0.568141251684169,0.343440108351404,-0.230391856016288,0.29587149372138,0.756291663216932,0.763119714067586,-0.252410982483156,-0.208289405260603,-0.780471210699246,0.797795736627628,-1.23898678011057,0.805008811976259,0.608861422292407,0.359628094334882,-0.442645444212595,0.357029439798983,0.248829235297522,-0.239139141364064,0.166576200166156,-0.120179779040624,-0.304150603877654,-0.206739018300192,-0.658659107180854
"ETEC_Oxs_3 (GE) - TPM",-0.216241206612379,1.01959468081461,-0.608335228902451,-0.305343692903569,-0.39957218279585,-1.00667360947384,-1.02513416230376,2.29429789393918,-0.544955798096176,-0.141621023090441,-0.166666666666667,-1.13175814602175,-0.743969806296474,-0.399537117734083,-0.739977156201749,-0.456794817291607,-1.28941981783363,1.65053970633699,-0.417203569795356,-1.14634339013695,-0.567564973640985,-0.780816596065712,0.318012372383215,-0.302131271154687,-0.319406738783641,-0.873162846612361,-0.151916473943655,-1.24640815236739,-1.04721869098281,-1.17806948155563,-1.19615375987221,-1.23310388127471,-0.782962880826268,0.382695098705772,0.456039827795473,-0.158107538590056,-0.596061917598419,-0.774821670161404,-0.654753217913301,-1.42530516374816,-1.206996713446,-0.188442713197482,-0.435907696223487,-0.690145163540671,0.279949032720989,0.944119562218954,-1.11939399630414,-0.636449190204647,-0.590478511611207,0.241741411585582,-0.625235893043842,-0.902975090690665,-0.619098340123953,-0.39320315712507,-0.585097169679375,-0.605010134970878,1.30106425368339,0.249836476547365,0.0290814065436534,0.11926723028916,-0.327010108646973,-0.408603226612537,-0.495398146495974,-0.33906283917852,-0.417021898920126,-0.407602029756113,-0.439759985997714,-0.869565223946507,-0.54213517031884,-0.715041744366389,-0.884098140281039,-0.917771160196347,-0.512756691128788,-0.958994904082837,-0.138040785120897,0.898874568225149,1.98605185052801,-0.412247231210254,-1.93990426194609,-0.135846907359705,-0.44085368332653,-0.252410982483156,-1.25638280606899,-0.629426514575555,1.34506309297526,0.51452112611489,-0.491011644101179,-0.262541459463886,-0.415246223456559,-0.627855969514035,-0.637205409017256,-0.812359901154536,-0.239139141364064,-0.319452992972145,-0.563034182312467,-0.303551545591654,-0.623446205062598,-0.977274144875964
"ETEC_Sp_1 (GE) - TPM",-0.216241206612379,0.292173112217048,-0.723457067223998,-0.835106549737585,-0.20025532580825,-0.433712881348073,0.893399973891875,0.0053551917146022,-0.372436223245274,0.609352329378629,-0.166666666666667,-0.329643236418326,-0.672149842273474,1.03286481467073,-0.596131273645609,-0.607784055000655,0.502160197926931,0.235223143672065,-0.967176459459342,-0.708046227938062,0.371006555077754,-0.202792768800716,-1.23725691418485,-0.279517019027618,-0.769478467381299,0.862295250695399,-0.322321632598978,0.67973409382377,0.577399170930927,0.0594585747387303,0.916014999363333,-0.156237615556482,-0.875948761863063,-1.20928368546676,-0.780898011454616,-0.785349943092137,-1.03594031070474,-0.977101575053727,-1.01704205685517,-1.05286613274411,0.445977482241638,0.666714248527805,-0.628841584021131,-0.0943878884751903,0.0850992069253012,0.0640657580192769,-0.0565146572290279,-0.536122528319147,-0.590478511611207,-0.68392749123891,-1.02698122357317,-0.265388169205971,-0.718288609817668,-0.648945045848679,-0.715660308934494,-0.595719614162453,0.38590537545248,-0.902696498956649,-0.914645858970351,-0.807312007137789,-0.706215817357641,-0.892609350646765,-0.575879055516586,-0.755826819993291,-1.06472832562714,-0.989607458299749,-0.839758435943538,-0.435935886265354,-0.710040126863088,-0.615614320628691,-0.659999368810954,-0.746243588231333,-0.55078144887193,-0.551866382601745,-0.967617116596986,0.390969437795889,-0.18824518579622,-0.713554680352211,0.168175487336993,-0.394518342083392,-0.0668056799550116,-0.252410982483156,-1.05035304123827,-0.855397258279311,-0.697000142330978,-1.41492343726976,-0.435478442757959,-0.690562838578344,-0.659109481086656,-0.709019281635403,-1.09664642894574,-1.18979053708023,-0.239139141364064,-0.646866945132784,-0.428933034129659,-0.311965429403132,0.596719788446378,-1.26912337249174
"ETEC_Sp_2 (GE) - TPM",-0.216241206612379,1.05735169600264,-0.996033389909575,-1.03193555179011,-0.578840150555195,-0.855145246142443,-0.568966307274795,0.61230099673595,-1.13936588228592,0.439493438368965,-0.166666666666667,-0.716275472420748,-0.436758473887067,-0.290462116549833,-0.904059748115388,-0.531021072532235,-0.424808134357619,-0.329780693125367,-0.844038748983333,-0.862458377151459,-0.189751186649955,-0.822453598703354,-1.04967158636135,0.422805255372827,-0.868228256488608,-0.325422207962825,-0.772677318330124,-0.594511050173533,-0.450041723640854,-0.226367119496594,0.155062415492719,-0.94596532367823,-1.11130068032887,-0.918627086551732,-1.16335227240647,-0.779263480766096,-1.09249333385762,-1.12993791115754,-1.2475832332436,-1.16065303118387,-0.149902041950172,0.0155744164451056,-0.716106958873626,-0.625152758769598,-0.853556863394601,1.50320861824173,-0.516890297460066,-0.855260853330319,-0.590478511611207,-0.789844135017933,-1.25139665201395,-0.902975090690665,-0.969344147070038,-0.473422066812128,-0.908784694282395,-0.826014408195457,0.333807459505899,-1.06277066509479,-1.06240575808425,-0.870684913542958,-0.976512324718567,-1.11725816204765,-1.04324890515404,-1.04266815672966,-1.1999694073436,-1.04359498379409,-1.04459189113688,-0.840090603424936,-0.973346654962889,-0.931683062511802,-0.894300332261847,-1.00235361845928,-0.793632136314191,-0.928579846026818,-0.968568590851783,1.22188282370281,1.46247339128231,-0.695504941718702,-1.09927219461712,-0.694782597806664,-0.208985678210763,-0.252410982483156,-0.21201452654295,-1.16012572933066,-0.697000142330978,-0.721742187368212,-0.991744294989739,-1.0090180494958,-0.856940154171961,-0.752083178530138,-1.19693382806774,-1.17748851471837,-0.239139141364064,-0.902307797927818,-0.74274893283821,-0.784903894231363,-0.047939199726175,-1.2601555691801
"ETEC_Sp_3 (GE) - TPM",-0.216241206612379,-0.00275512648932168,-0.774371644775058,-0.934441128084388,-0.751841476505453,-0.721121745284466,1.45218946213982,0.359126790567103,0.931733203047657,0.0538784565619178,-0.166666666666667,-0.341672012182839,-0.665033168915097,-0.00813805168724551,-0.590852473352278,-0.696411792771332,-0.413845126778837,-0.654831274319384,-0.467614863026974,-0.330630723760811,-0.0824409343174415,-0.220244563021435,-1.13172136247498,-0.275416998891686,0.826874309481422,0.474535280250829,0.544530153288337,-0.0546567744683749,-0.865255431752966,-0.920115758182551,-0.221858262717044,-0.0874318236283666,-1.11130068032887,0.134080724129268,0.148545883872839,-0.79912718265906,-0.787109340035787,-1.10351418071682,-0.6135173158003,-0.660737538997081,-0.564744033356719,-0.786258408357895,-0.680723113429225,-0.520519077738681,1.06667653945378,-0.272337498184745,-0.603527286326823,-0.866309753923291,-0.590478511611207,-1.00145563608414,-1.25139665201395,-0.902975090690665,-0.969344147070038,-0.430268719620319,-0.940908736918607,-1.00506867335282,-1.18408103509172,-1.0320614959933,-1.13749029737157,-1.15304151610793,-1.15948679351964,-1.11883392596938,-0.94565986778246,-1.00729564261538,-1.05773786224791,-1.02228776876617,-1.00993712422638,-0.925965077898211,-1.01543351981566,-0.951850901863667,-0.93953488079756,-0.971461760686856,-0.988225107904176,0.566382146189059,-0.818724946378633,-0.425404818618841,0.526823726799,-0.677489827786674,0.209254838960485,-1.17995581302462,-0.848097459904561,-0.252410982483156,-0.368956903241151,-0.844640909488696,-0.697000142330978,-0.0523427763748903,-0.409657572589369,-0.898906456454723,-0.741328750868318,-0.52214712648179,-0.837092840552233,-1.11422122983225,-0.239139141364064,-0.862196276257167,-0.784632043675338,-0.641913909353763,-0.378269540703542,-1.03506068583035
"ETEC_Tm_1 (GE) - TPM",1.889662544771,1.15063231735098,0.0429569020873432,-0.15274296000966,-0.583603294544333,0.460016386728664,1.19268605342919,-0.109541282430076,-0.0685319242661584,0.957066931636714,-0.166666666666667,-0.066004984405322,-0.282644254080544,0.793103807419236,-0.69484113460947,-0.780057718145346,0.307308557900104,-0.592737304274235,-0.639739253628691,-0.782782832470168,-0.151805328188317,-0.457913632785914,-0.058434701281798,0.0614154219689482,-0.6949681333505,-1.28056766694114,-0.249231922181878,-0.545694899406777,-0.786758500803085,-0.924397227895844,-0.719615194890706,-0.362142252942803,0.179251016076299,-0.142428910821734,0.646818701352703,-0.766393025242935,-0.370857350396057,1.19675089635136,0.265913365394778,0.923204130089895,-0.375238877345986,-0.220896484356048,-0.405654440172144,-0.13821807037135,0.117541680769352,1.21737658035727,0.355029527709894,-0.43153909483867,0.832108893152098,-0.648975223529584,0.286830196904654,0.480939941858233,1.09564953194513,-0.549927249556415,0.0536144420121078,0.0702836168248,0.126467194236419,-0.575747765136375,-0.608548068498235,-0.381997894519587,-0.710511562175943,-0.126418761570008,0.0259978194694458,-0.771094234466615,-0.725639386212586,-0.732085750573191,-0.649987693253445,-0.55811970619232,-0.595552708422511,-0.42713636166248,-0.424678398913438,-0.0878789511155057,-0.325757051731958,-0.882855140967904,-0.887164867476529,1.56895524078353,-0.21483711540874,-0.70557453417649,0.312147489044325,-0.592070758535125,-0.609954560026177,-0.252410982483156,0.991220766528433,-0.505365962337477,-0.251086042732712,0.857169501397729,-0.426553945167006,-0.33739147809277,-0.221587553500012,-0.142608029705858,-0.150673899379022,-0.254268402459637,-0.239139141364064,-0.126767712409229,-0.0713927245805517,-0.340642038384558,-0.0103124999630204,1.39957683737194
"ETEC_Tm_2 (GE) - TPM",-0.216241206612379,1.32643472642285,-0.116525389894868,-0.445240309621325,-0.294260743224387,0.256744486381862,2.01662833349549,-0.210818804645262,0.521980682993546,0.0931901355419058,-0.166666666666667,-0.344530287143638,-0.541176035089186,0.371520829861787,-0.650674090734984,-0.79717706554378,0.481712937835925,0.215311010618592,-0.7458527008578,-0.477337328723873,-0.241978805421476,-0.496981534758628,-0.305670360164446,-0.0549601778179975,-1.16679671743883,-1.10980811471013,-0.339077562441617,-0.619342600559119,-0.601800830173298,-0.650433593202704,-0.875113131623223,-0.440987519291099,-0.601474131304169,-0.788580503548692,-0.0328600557651802,-0.754568554523523,-0.424077736066992,0.649631241839677,0.376366097639992,1.15085217815778,-0.5467035065111,-0.219770867868814,-0.691489324408818,-0.404199240772511,-0.709131933979987,0.47311494970196,-0.0369386925198474,-0.487904055377515,-0.590478511611207,-0.676445872838997,0.125987515752597,0.823475355795261,0.571547779938724,-0.682359124648228,-0.0241761959857113,-0.219769266282367,-0.729879336341515,-0.789699186903932,-0.628023500605187,-0.360394636988429,-0.477809162455381,-0.206791093183276,-0.115882237869581,-0.983946038612885,-0.921851504350637,-0.745672763493538,-0.700043716938525,-0.643510744044708,-0.583163450614992,-0.457361814313785,1.74731142894705,-0.313037226338464,-0.390306406293019,-0.911545898575624,-0.900708418452093,1.37175102993109,-0.355438405797586,-0.709519000347339,0.687666069043253,0.264289950383857,-0.369925629328607,-0.252410982483156,-0.00380918814632597,-0.784947858326906,1.06456312442931,0.901642737402855,-0.231786218012933,-0.455769902901058,-0.380445475729543,-0.380778569913226,-0.454222767164298,-0.154673237426343,-0.239139141364064,-0.445230270042899,-0.441338357681324,-0.360796415194757,-0.254926859005624,0.931739187137736
"ETEC_Tm_3 (GE) - TPM",-0.216241206612379,0.956454442623067,0.164658328822172,-0.429850346084227,-0.190525565549863,0.603039455957591,0.318232755486714,-0.658370078565272,0.126044171230282,0.309650696648835,-0.166666666666667,0.0636395884414775,-0.73509688169693,1.13381368094299,-0.555795097614817,-0.748024865473429,0.659412977735317,0.0173234422206913,-0.574585952050575,-0.723442262222498,-0.0287830107050398,-0.309135277408238,-0.53345078691134,0.217623567113554,-1.06751559127058,-0.938919909512427,-0.482956782304687,-0.404658363175149,-0.384488217550138,-0.669017319579161,-0.805398162313807,-0.213732669027914,0.560178027635119,-0.117853896259077,0.460566909500705,-0.765548361516521,-0.460262323987468,-0.0658189686325971,0.271961839657159,0.789294392359057,-0.189410794292396,0.166264995216133,-0.567801540186909,-0.168242366310082,-0.167324507960081,-0.31019643224294,-0.14495673613103,-0.325111028822571,0.0795167142852483,-1.11472214245025,0.342410667274045,0.640718454665655,0.16529631009435,-0.595925128807743,0.171148346923602,0.123386558197434,-0.43884243559011,-0.721760973500386,-0.383460448239801,-0.505510160319044,-0.521195330529281,0.157027988832031,0.1490560230502,-0.77571803853151,-0.729330207127785,-0.62126259189317,-0.628024978237581,-0.363455654173756,-0.330506415044819,-0.165865075238937,-0.283067405331335,0.0265399409098795,-0.231012120725802,-1.00446712497115,-0.932264796031092,0.985048435285526,-0.473722901773403,-0.794502347046474,0.887147008261222,-0.701514531998755,-0.505047067547591,-0.252410982483156,-0.0703838930550452,-0.795722853111035,-0.697000142330978,0.49408410478391,-0.1809605571991,-0.259498014808885,-0.289040229057599,-0.427473829229792,-0.280446526703095,0.415204039500429,-0.239139141364064,-0.380294083280184,-0.525149661844839,-0.361990762871058,0.168628325273917,0.473577754438674
"ETEC_Vic_1 (GE) - TPM",-0.216241206612379,-0.0618529382123842,1.11382387603575,0.0294866560513462,0.370390385233167,0.537115535864798,-0.128294820452149,-0.000483275282874228,-0.263541451286089,0.70432703544231,-0.166666666666667,2.18956796735846,0.111946951797151,1.00881930100906,-0.00228698511030489,-0.635180157163109,0.607735130749113,-0.112004712510942,-0.685745858201256,-0.868623651674543,0.883339381789074,2.42220307066464,0.319541369075075,1.06680460164181,1.21701382967749,0.12355767240642,-0.307069886434403,-0.0429849724123575,0.612280967039873,0.615002798754028,-0.359266429122075,0.358266195830955,0.823836519048036,-0.602650344192019,1.18960137409253,-0.678561999191941,-0.0228706537544929,0.848867011526568,1.11792211982541,0.175498990558066,1.10056086901215,0.705429844716124,0.568003506306558,1.64019256845378,-1.20779508680636,0.509144793782028,-0.0876372527584255,0.580790759385723,-0.590478511611207,-0.732302402500425,1.05512078869957,1.0629396827395,-0.969344147070038,0.298420392233643,0.282465546015513,0.600491412905628,0.0359270468880113,0.266966795017515,0.584587925935794,0.476797181379302,0.931968465848462,0.574785939990512,0.929553030121765,0.736545768101689,0.182345842441431,-0.119966316292031,0.152973818238933,0.567938174275904,0.310636271012442,0.702216386519626,0.387670931489655,0.558428458105152,-0.0386189711734925,-0.903851070158868,-0.849992217465463,-0.815618470069788,-0.964453604749713,-0.674769708116546,-0.454806968682686,0.739882891705019,-0.841307258300422,-0.252410982483156,-0.217381473599171,-0.419186073329992,-0.697000142330978,-0.00496657475274486,1.10702129994068,0.551675156597537,0.69123347683859,0.00949323271844332,-0.0810126702384158,0.900390832225839,-0.239139141364064,0.505716590722675,1.02524423022891,0.554869567160845,1.50109969646894,0.74199144029177
"ETEC_Vic_2 (GE) - TPM",-0.216241206612379,1.33227877537581,0.571631182112088,0.231027416091252,0.240219284424949,0.332713187475393,-1.20839677491729,-0.568403539459457,-0.561617310546177,-0.175801256081124,-0.166666666666667,1.61884167322476,0.509721397069708,0.65951519849498,-0.578772496310936,-0.753849601659036,0.816128860346692,-1.09950469305024,-0.670036123098851,-1.26927502442602,0.682016846959524,1.08251611872518,-1.02784971524463,-0.066581756082082,-0.70145939484729,-0.222166955704243,-1.15953280646114,-0.0797875986745282,0.0386528584106065,0.560754532331329,-0.581482098628204,1.5318752159279,-1.11130068032887,-0.0132401499185695,-0.407115778081287,-0.803797671675172,-0.405349017872547,-0.986219600293082,1.00123153663405,0.672857405108142,0.601517685448799,0.587908904104523,0.176539101132274,1.62721147364101,-0.987770694641727,-1.25044886604527,-0.336916717766681,0.0276398358956931,-0.590478511611207,-0.880131522109392,-1.25139665201395,-0.902975090690665,1.58386810652458,0.05485779328231,0.440562331051814,0.534149274523869,-1.58282353300065,0.234801189352499,0.108282819652619,0.595067001114943,0.388775542183865,0.47310224308243,1.28487279831177,1.00154265013639,0.361068236520204,-0.145704307060269,0.134917759419116,1.09979701293211,0.157228069789463,0.232944601895223,0.773093080911679,0.538661483472166,0.0580128828009296,-0.13617473075435,-0.902502564520441,-0.930359744033295,-0.661097109407395,-0.859928935575025,-1.10933633288552,0.711248631300828,-0.16013134714904,-0.252410982483156,1.47089693740553,-0.720011394924679,-0.697000142330978,0.784979524506281,1.38119039478705,-0.123164115351,0.0775416606477903,0.395712953808865,0.18669951191275,0.539580236173734,-0.239139141364064,0.366444841929803,1.12550449295021,1.26351153582732,1.55341420010321,0.70840983184489
"ETEC_Vic_3 (GE) - TPM",-0.216241206612379,-0.16230985814311,1.14965046765201,-0.0697862822058595,0.656790651357245,0.98725292992072,-0.346136008598029,0.314188459613274,0.538673584357045,-0.307573004811842,-0.166666666666667,1.98644049171452,-0.46605693204885,1.88191499498052,-0.869071938773278,-0.685022432242047,2.41970181621032,-0.99293332049334,-0.63733919261956,-0.460002845251151,1.13177048635775,1.59184391898158,-0.384847595753274,0.336145226597448,-0.720292564446719,-0.000305346860095146,-0.562777735915579,0.178158520844019,0.713634834870437,0.711636876892696,-0.993976304898605,-0.0912595772560531,1.20597068075094,0.380724129420057,0.467025890648103,-0.785411956810823,-0.15590159787447,3.08596965743785,0.576758589862754,0.111047801774413,0.756775451934528,1.13596515564044,-0.0551811100442232,1.29518589768999,-1.14795673465687,0.502835865345556,0.241860478798866,0.197555354460879,-0.590478511611207,-0.880468776170833,-0.514866369006119,-0.902975090690665,-0.969344147070038,0.158883030176768,0.593107738519184,0.877296505262569,0.355583915070321,0.239166484648957,0.510759825110051,0.457146040624686,0.748245618888376,0.484965906661268,1.21881515283999,0.757216176931764,0.46576655959547,0.0446270840948089,0.272146670664058,1.09389173615845,0.28615244573114,0.559824106460668,0.799056535812192,0.611839141997558,0.120203766096218,0.273245952619354,-0.931609437491661,-0.425720973885565,-1.44429220442877,-0.786021311993637,-0.412886353579775,1.49566249757561,-1.30351798452668,-0.252410982483156,-0.621710594995561,-0.604907910280454,2.50567348731038,1.16190311772525,1.10327001763993,0.0134879381570248,0.189139961766451,-0.0263709814119083,-0.0220205638173436,0.931958281267597,-0.239139141364064,0.437013592069319,0.633517006208265,1.61717653250577,2.28317945160856,1.387776879005
