"","FTS_RS00035","FTS_RS00040","FTS_RS00170","FTS_RS00205","FTS_RS00245","FTS_RS00450","FTS_RS00515","FTS_RS00655","FTS_RS00755","FTS_RS00885","FTS_RS01060","FTS_RS01125","FTS_RS01195","FTS_RS01200","FTS_RS01300","FTS_RS01305","FTS_RS01360","FTS_RS01365","FTS_RS01370","FTS_RS01450","FTS_RS01525","FTS_RS01560","FTS_RS01675","FTS_RS01705","FTS_RS01885","FTS_RS01980","FTS_RS01990","FTS_RS02035","FTS_RS02040","FTS_RS02080","FTS_RS02095","FTS_RS02185","FTS_RS02415","FTS_RS02510","FTS_RS02520","FTS_RS02545","FTS_RS02595","FTS_RS02750","FTS_RS02765","FTS_RS02810","FTS_RS02820","FTS_RS02890","FTS_RS03000","FTS_RS03005","FTS_RS03040","FTS_RS03055","FTS_RS03060","FTS_RS03065","FTS_RS03070","FTS_RS03075","FTS_RS03080","FTS_RS03110","FTS_RS03235","FTS_RS03275","FTS_RS03330","FTS_RS03365","FTS_RS03405","FTS_RS03510","FTS_RS03690","FTS_RS03895","FTS_RS10275","FTS_RS03955","FTS_RS04095","FTS_RS04100","FTS_RS04125","FTS_RS04255","FTS_RS04260","FTS_RS04290","FTS_RS04295","FTS_RS04305","FTS_RS04335","FTS_RS04390","FTS_RS04460","FTS_RS04710","FTS_RS04810","FTS_RS04970","FTS_RS05155","FTS_RS05200","FTS_RS05270","FTS_RS05475","FTS_RS05485","FTS_RS05545","FTS_RS05570","FTS_RS05605","FTS_RS05640","FTS_RS05645","FTS_RS05805","FTS_RS06005","FTS_RS06045","FTS_RS06080","FTS_RS06615","FTS_RS06690","FTS_RS06930","FTS_RS07200","FTS_RS07220","FTS_RS07250","FTS_RS07290","FTS_RS07295","FTS_RS07405","FTS_RS07450","FTS_RS07485","FTS_RS07530","FTS_RS07635","FTS_RS07640","FTS_RS07655","FTS_RS07660","FTS_RS07750","FTS_RS07755","FTS_RS07800","FTS_RS07810","FTS_RS07845","FTS_RS08205","FTS_RS08355","FTS_RS08595","FTS_RS08665","FTS_RS08880","FTS_RS08995","FTS_RS10650","FTS_RS09045","FTS_RS09120","FTS_RS09125","FTS_RS09150","FTS_RS10690","FTS_RS09510","FTS_RS09635","FTS_RS09660","FTS_RS09810","FTS_RS09940"
"FRAT_As_1 (GE) - TPM",-0.542118897859747,-0.620836871098086,-0.932708125688703,-0.318880168323627,0.851872633157012,-0.653481195986807,-0.505060844541808,-0.393879232659448,-0.600981879509633,-0.356326341242137,-0.903441967453414,0.709507260838571,-0.104377842781449,0.107018457343846,-0.0292706456940108,0.433176698222263,0.769377130281628,0.847805282021279,1.09360103538738,0.446819181667093,1.18689856181469,-0.272343286450875,-0.691830172535451,-0.480699837744444,0.0312404755163446,-0.459379406836753,-0.604268666953778,-0.71671618148373,-0.0418006677239112,-0.144993020556386,-0.271705126718048,-0.554147816907111,-0.373325370162757,0.317504281845338,-0.733756476278733,0.102100257456717,-0.497833603233066,-0.0297457480918243,-0.554668762538401,1.6536248331626,-0.512386447833928,0.152887290212668,-0.486783296179962,-0.165213422604845,0.0884841183703817,-0.351945431863611,-0.316566829143213,-0.509329945174711,-0.690981387046889,0.286455781521,-0.869109141348063,0.353563602627827,-0.8115766256846,-0.640833146412002,-0.307424603434973,-0.517222767991599,-0.919181701522501,0.708882343037089,-0.545027496810423,-0.746192788823382,0.087983017171042,-0.0321737721539187,0.925540552864058,0.38238916395961,-0.630157275299801,-0.381584242560563,-0.528056621232068,-0.41121014622361,-0.404569412324356,-0.535118799509718,-0.407354265324025,-0.286392581168474,0.541548054327935,-0.956146287830584,-0.401807833692993,0.318917301235992,-0.0207152511614917,-0.413327552572867,1.11839878563481,0.150731083872068,-0.0804310981157333,-0.527036039535573,-0.258561904408401,-0.272861753048315,-0.636662547317519,-0.277703788494757,-0.399250478555068,-0.904151549866366,-0.421640160343353,0.970541385480034,-0.81889084178078,-0.34241933188761,-0.712046244305657,1.01961861543205,0.0237414677744871,-0.836142681935793,-0.398094412194524,0.0834725516874785,-0.330579670205056,1.12092557605596,-0.341619239187649,0.775230211862388,-0.366429490477853,-0.401396967462546,-0.363565796328488,-0.470365589369271,-0.563244327622628,-0.26830452080883,1.3126071153912,-0.554232009758386,-0.380555169551712,0.799624946147138,-1.00241105779239,-0.321897654495583,0.782497196468008,-0.0859309316727534,-0.824892006452522,-0.699464887395123,-0.190942970470194,-0.978587488972916,-0.788862788216924,-1.12798388279955,-0.278066210037398,-0.0123349470016018,-0.161995782758361,-0.864284181745785,-0.00212107752719164,-0.791199092261799
"FRAT_As_2 (GE) - TPM",-0.442863404445347,-0.442892060569124,-0.484466247536366,-0.112148278911843,-0.00448740441162017,-0.829669067871543,-0.28033105320141,-0.374447172717787,-0.682409010960462,-0.464692969106624,-0.195236671900955,0.98707677692938,0.68521022765057,0.620372342993385,0.928840463352953,0.694987390580229,0.915941985627162,1.1374736081564,1.33512958789345,-0.154874345149179,1.08576409962446,-0.244083639512814,-0.530286934202677,-0.508657129330321,-0.862467082886618,-0.292006048717259,-0.461119554780742,-0.375195650862973,-0.255656576620928,-0.243622700529641,-0.304149091536662,-0.441592703362401,-0.845415128309621,0.264946402012429,0.0613268087507198,0.0209189022428091,-0.953279422432423,0.134057462123804,-0.774511539976547,1.19179673999656,-0.409805622614193,-0.142363511950088,-0.521921342523992,-0.187768135595959,-0.0629143521837655,-0.612144828262657,-0.665040136394994,-0.597308251064732,-0.739459084904607,-0.716254494201099,-0.693573003392024,0.57195684740152,-0.878192281186219,-0.764531206074036,-0.0880349586994448,-0.590830287347281,-0.689230986547266,0.854333867704796,-0.697391863312583,0.00325853557611162,-0.12357227727684,-0.510481927786863,0.853792711025796,0.715857424327835,-0.471963232443505,-0.471097980109241,-0.520874123699227,-0.26362822288951,-0.265108107885183,-0.824083809096385,-0.524399565019544,-0.595916719532497,0.676738684228831,-0.9162618916459,-0.564801135320737,-0.566767160312248,-0.0831666286041706,-0.19972840064551,0.699927333566343,0.200065943448957,-0.136911013186632,-0.554402928139263,-0.507235740220889,-0.298796056830423,-0.728744719207677,-0.893684075447969,-0.450907649757773,-0.760100133596845,-0.526131465471461,1.21761911982629,-0.526711817343594,-0.432897376412975,-0.0608287256284812,0.948838246201493,0.0246727107098498,-0.365267506156218,-0.732556835758885,0.541224989974274,-0.263776830969304,0.772799766532865,-0.531441006246267,1.09979655995845,-0.706986141224351,-0.54845265361974,-0.564571885010792,-0.335034832444636,-0.609141073264095,-0.106712657320018,1.14057672779066,-0.645873732414099,-0.374266287652904,0.663239393122572,-0.551044672290181,-0.466365966834511,-0.0340650000893364,0.563869117359522,-0.679256565217379,-0.330101067897786,-0.104178865428139,-0.890236092264158,-0.759396532795993,-0.0647013506905207,-0.156686471840091,-0.126105101870166,-0.0535068027946607,-0.365231772594491,0.180034088822384,0.0931669023615479
"FRAT_As_3 (GE) - TPM",-0.188962173778464,0.236064750018314,0.0107404304919046,-0.171564702748635,-0.429298382461419,-0.361813604273219,0.0317455851578392,-0.216142191846684,1.36313572719723,-0.142081468828129,0.292042821203272,-0.0621041006950962,-0.64289597230584,0.28634898653461,-0.364366903810144,-0.180264321653774,0.386147996407288,0.0112944910559334,0.15043611996635,-0.182028728369319,0.681939542202645,0.4710437066896,-0.359604880739006,-0.159592620292427,0.0973129269590549,-0.354614856707408,-0.485120194111953,-0.30784114870602,-0.218090858464398,0.845430504830738,-0.378623657221531,-0.125972574541635,0.494048501929351,0.116713395834352,-0.105672228965542,0.207088127946665,-0.0567603891956347,0.224143813766377,-0.471688470436512,0.996857528181867,-0.289606291155083,0.20044417858693,-0.413890996646798,-0.141941736878764,0.238923636633644,-0.0875871012602956,-0.216070873070813,-0.391814340106916,-0.547641650591069,0.945107215270182,-0.402160983542938,1.23686206701862,-0.545980415092695,-0.0903932454505491,0.024706989065391,-0.27110075364384,0.219947230051023,0.511454877727376,-0.187098122420866,-0.828623148441998,0.486500325076908,0.626445963792393,0.240273087363536,0.425241645849457,0.16981250465679,-0.321336028415705,-0.214488776683239,-0.535021278326989,-0.440416765884254,-0.165289143552582,0.28472422737777,-0.146805208659742,0.349330120478911,-0.386431858152206,-0.104249480724084,-0.145187479710485,-0.277773872739454,0.785178501514836,0.887835049779197,1.01265663473775,0.120631950430303,-0.305073419314693,0.537029672893374,0.515713200897147,-0.0996384644268235,-0.362327117273313,-0.347693500390924,-0.509224189997175,-0.313397998614668,0.842404445859646,0.158549169126242,-0.149447528448996,-0.286617924511013,-0.12962212709918,0.347999100614728,1.27379706114656,-0.033130598245284,1.06322859696986,1.17867969539952,-0.534659927314927,-0.0915144405451801,1.13639987268285,-0.520030641081802,-0.637022030847098,-0.697033278527245,0.3193527109387,-0.157284026089971,-0.710397908025628,0.970532133772583,0.0376038612580642,-0.405374228093896,1.44764259110192,0.388119575659423,0.159611925580187,0.970767926733791,-0.615293087938013,-0.770940113063114,0.0534851354573642,0.00508930029153182,-0.150741944404591,0.131941705215278,0.0128284108006449,-0.390875911066052,-0.526200176582414,0.0217033852945455,-0.112248872391377,0.111523030412903,0.299896241190254
"FRAT_Bs_1 (GE) - TPM",-0.801893563753556,0.933429808129499,0.853084915312461,-0.795850563489854,0.0479440148861911,2.20006688378112,-0.266432036611682,-0.178608738541993,-0.895348136894505,0.831403930231532,-0.214834028247438,0.149824306547859,0.577558112078375,1.23262987215583,-0.446295748881235,-0.787115559932109,-1.31859503995806,-1.29591533626006,-0.509638205893245,-1.22681176641577,-0.287930564459827,-0.0344654792037143,-0.5758197031104,1.43559839627576,-0.0318933348186157,-0.513569786079517,0.0300898074659452,-0.643450484371684,-0.589701942792971,-0.798792045028344,0.82530445381714,-0.503426897958898,-0.709768651996017,1.95011360930262,-1.05542049296421,1.52278357421049,0.28344445618123,0.275400604952321,1.90506330458761,0.82407254079093,-1.09425913122843,0.0767557139994173,1.46697876684504,1.41229954743009,-0.838699667284217,2.46116401692574,2.7369597675955,0.775367645431748,0.678512730814474,-1.2753819861281,1.36462134469297,0.298928235417019,-0.832119046154377,1.2899690272858,1.07355661406946,1.11184313833735,0.579806538827736,0.958990682614331,0.966541155713436,0.0328323888315023,-1.30289224795189,-1.6976427177145,-0.386163801897202,0.964282282348608,-0.0399537529383844,-0.693154756833745,-0.685796455523175,0.673377981534991,1.57475839820226,-0.1820348787668,-1.1658992531293,-0.649679949656255,0.777231571264704,0.980870162420149,0.516825091706273,-1.21758239037199,-0.967758029068223,1.1925215994955,-0.106761468326623,0.123264872049275,-0.48127706653603,-0.466595291080464,0.195927621007661,-0.772744546135126,2.29268981334902,-0.272773862250603,-0.67777220107973,-0.158825505075252,-0.66418604612237,-0.747824170102394,0.265337021592494,-0.328731125648188,0.154695954423221,-2.01342611894384,-1.1166946935829,0.631294895604241,0.220270221221727,-0.483313213175987,0.578114367810879,-1.8330816653263,1.5227759613084,-1.23508148607854,-0.657707991021173,-0.498652585046964,2.04444528793881,-1.011856727259,-0.377194395290606,1.43290721257097,-0.94308036353405,0.482506066081207,-0.886139151523886,-1.02257591139595,0.767649766312431,-1.08582036542187,-1.46827520825621,0.931860115464513,-0.604437219135287,-0.913915367502578,0.972394448793311,0.751013738008599,0.246184347566827,-1.85992697444354,-0.68341614345864,-0.0846706092982641,-0.0957814237158815,0.333479373392266,-1.25658992927003,-1.4080736209948
"FRAT_Bs_2 (GE) - TPM",-0.839449947642996,1.49378300493847,1.34278032231991,-0.509918779443321,-1.12042917164508,2.2607702645166,-0.171087276794312,-0.0727566943108642,-0.498569047812043,0.858609554020685,-0.00385960980957582,1.06394093416715,1.24247401944711,1.29837035306818,-0.436199386556724,-1.02057997654352,-1.06176434987192,-0.887607528248498,-0.561491571481006,-0.970964228464614,-0.784895977893119,-0.0758659810417873,-0.280483891317523,1.75412759714949,-0.238016987540571,-0.423320829249054,0.386522281009992,-0.332041602861945,-0.673504125845396,-0.557159770995319,0.790497000869618,-0.388742665392704,-0.617084508627183,1.92827356541926,0.174909865657443,0.811045830187227,0.739835495344428,-0.244139795440643,1.274609624552,-0.021646968075695,-1.06830341717432,0.238884522925678,1.40065471194327,1.48300513601627,-0.772216562940146,1.86239437391328,1.93023930155159,0.679336189068447,1.08465453727562,-1.37777169719402,1.36334260856222,0.758799409941818,-0.756156548059185,1.66281444893059,1.2105770504164,1.62861210660169,1.76908278857997,1.16195943789872,0.614713627600541,0.108244825265163,-0.276696036872132,-1.66867869101061,-0.820169307894964,0.464199010469558,-0.319559967402013,-0.794707930229189,-0.618982577548843,0.90398493766177,1.73704283487807,-0.173647410136235,-1.32614699804968,-1.16281173204934,0.83945092805658,1.5216556216989,0.503335758120214,-1.0105427706871,-0.854590994856559,0.456003412533308,-0.0663342749875474,-0.687194204010178,-0.595916659856626,-0.482430168583579,-0.326427363881885,-0.25091049304481,1.76577699511325,-0.344064948122632,-0.523416216470392,0.5881687835803,-0.617869891689517,-1.47631903593843,1.61309241391355,-0.461198104942137,1.76227016854673,-1.92743994839785,-1.68117119597504,2.55624743412447,-0.0960598204334898,-0.61721916666611,-0.0758122017019154,-1.71890690553788,0.886858950086403,-0.906013103452243,-0.946572685655288,-0.829046978874733,2.40738427161056,-0.782533849839572,-0.10424313957168,2.19454762957896,-0.928870997134157,0.185313479473365,-0.788097333076865,0.81849557341819,1.07756206522425,-0.747901035757141,-1.37724859188277,1.44272533381024,0.289820629124573,-0.745558028774672,0.724028717787657,0.358810532467453,-0.269786752327332,-1.18553559389528,-0.475335160859155,0.0166000576177276,0.126544790582489,1.89917543861796,-1.61175365419743,-0.773745704678626
"FRAT_Bs_3 (GE) - TPM",-0.988748401596271,0.510974143352967,2.1985709854685,-0.484638730329302,2.30951502780942,0.899839885643353,-0.60266363555456,-0.159715500189791,-1.31057450482347,0.410119141252036,-0.32490216777413,-0.138492788214411,1.31426983660034,1.44444278593705,0.334942059425314,-0.475036488458644,-0.787760923435973,-1.12096039112394,-0.249376523086962,-1.25222110048169,-0.545197599022705,0.231661230258965,-0.591506375053386,1.69994317835294,-0.781234028420588,-0.404006106534023,0.0627193252569913,-0.709520730041821,-0.495516540422479,-1.35714132676733,0.363736753550577,-0.603733247217932,-1.53007483631154,2.37457849752929,-0.260210786443141,0.731547075478541,0.616878907224338,-0.486601315611193,1.27210960053553,0.56057197382653,-1.25404418806744,-0.760624629232973,1.04748328040741,1.35287782771022,-0.528986036220975,1.91841183337523,2.09286365019468,0.553207673417278,0.21531121517286,-1.21815099969497,1.14699095791654,0.0198202497680415,-1.09735384406437,1.00715629309135,1.0826202082954,1.10464791821027,1.13118220028587,-0.297410459762215,0.689743627396546,-0.314684501763515,-1.30289224795189,-1.75729743028415,0.230896215047739,-0.073166098898947,-0.166226406393991,-0.762013922292855,-0.995937059453278,0.492981097823377,1.01968829034191,-0.972257738961535,-2.13054541558707,-1.3695412016448,1.80952387225761,1.47629067219501,-0.0694727671941889,-1.3338211374957,-1.01771897857041,-0.123753838702575,0.158959355130242,-1.63508715686169,-1.15184320993607,-0.696605038081176,-0.288641867780279,-1.35293755127556,0.40414844938579,-1.43189899271308,-0.832889493542824,0.00454329610115722,-0.813892263627388,-1.80174049819447,-0.59483508208073,-0.212358564350201,0.475390992800783,-1.89856033772657,-1.83226959420767,1.19951177643486,-0.242988472117058,-1.38906356377095,-0.480132898654629,-2.16172620651635,0.831787711765174,-1.28810420052109,-0.38193588330322,-0.798325665403557,2.14546966173933,-1.2678874899985,-0.587471575770226,1.99882691242695,-0.426264769778143,0.376766246022998,-0.861911570271187,-0.549236795340083,0.980664302301525,-1.35068831617567,-1.5877038857005,1.02164339125234,-0.293697613959799,-0.642713684391636,0.0665770067239332,0.390221939116738,-0.0488459335542817,-1.2684082896032,-0.612613816524916,0.828295103602217,-0.476954405692063,1.70002143369689,-1.36241233952872,-1.25913573536191
"FRAT_Ctrl_1 (GE) - TPM",-0.128794821699917,-0.441520051525005,-1.61322520803527,-0.323070756340246,-0.377086818754136,-0.932109669720816,-0.472431685772261,-0.338814561177107,0.579139812567588,-0.63061097933995,0.218424460713791,1.31631567674605,-0.347344982521643,-0.154633051049465,0.666760467974348,-0.0580520238780386,0.699577228097374,0.455826628028237,0.382078188209092,0.0967448383688307,-0.00939413766650142,-0.715068351504054,-0.441122311577622,-0.336225621183525,-0.447737462719401,-0.3939763601689,-0.156824832051039,-0.264896840971021,0.743068531775864,-0.585568498379197,-0.437163139420537,-0.315023594655177,-0.271045725333609,0.115149420136434,-0.428373177310351,-0.212677135417838,-0.148453456140959,0.613986266890633,-0.815965636354105,-0.212217244081799,-0.189261832852757,-0.401932330877615,-0.648456311908253,-0.588332518847795,-0.329352979317317,-0.866180159374557,-0.6223469442438,-0.460619122310293,-0.624563481071981,-0.554408544515312,-0.583252608013446,0.435472859896625,-0.380366307134403,-0.103266926891011,-0.469214312117823,-0.0649319306543443,-0.429995356931274,0.304459482954286,-0.410726257927634,-0.340199486579813,-0.819987078550351,0.648437084998789,0.64031682133252,0.817102452660718,0.0668083598939494,-0.409931348340064,-0.489690135630935,-0.406431145926159,-0.467659192115256,-0.454206583465619,0.0453264461494938,-0.190202377855736,0.14909707866197,-0.726396688705426,-0.339545264004867,-0.520491100985808,0.193825749575153,0.0712725345344778,1.52759350990099,-0.10085085701979,0.186347510467256,-0.372714029764372,-0.580079742583552,-0.571181677373909,-0.692726712041141,0.0450612402475636,-0.297721024826565,-0.56530791186575,-0.287149024235451,0.780341682682369,0.532370430915086,-0.487493320988168,0.547734356823377,0.538340499366832,-0.301616184652361,-0.484346008488629,-0.903878340873171,0.843200892995198,-0.0209424956157233,0.942408822200022,-0.413306896521436,0.830874081045013,-0.528741805210379,-0.314251878612913,-0.523171943435151,0.27520052987083,-0.231702467860839,-0.754417022947827,0.829569882761029,-0.389019617488555,-0.493050347523336,1.10273242380189,-0.549418553193389,-0.422756695593056,0.409759783937439,0.440542752386397,-0.554829122712105,0.0903481237964129,-0.636428611202706,-0.981070616272463,-0.972461127270954,0.32832679995225,-0.222616485521965,-0.374848865387059,-0.365163548336107,-0.375187140310703,-0.205114714390624,-0.615230830841807
"FRAT_Ctrl_2 (GE) - TPM",-0.573057246616526,-0.578783687040575,-0.531509938181574,-0.156659411349769,0.621546891189901,-0.916395174383708,-0.346701610193102,-0.257996907055182,0.130354443575523,-0.45727147757446,-0.988474512225312,0.337408635701509,0.73892983698941,1.08579145160348,1.627275749913,1.57090138265364,1.36634330016362,1.70032293763101,1.71413325533936,0.299603622370418,-0.0593368085009681,0.00984640370436103,-0.626993358524275,-0.799646876632738,-0.792170286760831,-0.3116979036721,-0.629191665971834,-0.611692813425938,0.191942029123397,-0.458197597721585,0.131364731695301,-0.526356045440004,-0.903085853277088,-0.068955122602798,-0.120611217695868,-0.607376815330297,-0.593242387175368,-0.369845269732372,-0.743596449440602,0.874856900289951,-0.824413242642522,-0.428065281640886,-0.598898035343426,-0.400070912421325,0.270925095672052,-0.697418803836398,-0.705830788342232,-0.633903887074922,-0.806820663804053,0.0136658194200608,-0.662038710149187,-0.314966184435771,-0.947251236644572,-0.675367448516276,0.0186573785620115,-0.92849072737977,-0.868018267805424,-0.0757377735227107,-0.848957015326975,0.0174952000261551,0.533404335187406,-0.234489957100311,0.505528973162137,-0.393462075227743,-0.829323525604772,-0.13318244435751,-0.577044354228603,-0.255027177147719,-0.413006400067399,-0.818899799325372,-0.0934085962685698,-0.821925389792612,0.401292650736011,-0.957860719544159,-0.486786733102656,-0.325689646914037,-0.122993415157657,-0.961274095185138,-0.632628114951622,0.412787504326441,-0.474745922239385,-0.662298153995834,-0.179169529077536,-0.488485233258374,-1.25772728047474,-0.821494065445031,-0.269054366795758,-0.915704374959575,-0.34595572513147,0.786329253080707,-1.47122254956557,-0.445995103756687,-0.987682965837464,1.54622546783169,0.0616676725357447,-1.10696825251551,-0.646147615960017,-0.0300336483618378,-0.298929893125879,0.503234942795832,-0.592384843742991,1.37437813139122,-0.209717137393035,-0.616294713186191,-0.301985755583757,-0.438382071134053,-0.671127086369777,-0.109234384470987,1.3836282656805,-0.59233328335025,-0.149250024268127,-0.24392303087032,-1.10397281486578,-0.22820464362724,0.711836643828767,-0.0020864088836764,-0.858976215094805,-0.896243463550689,-0.300434348890645,-0.98101972474391,-0.796196085734661,-0.687779792156568,-0.353089981816925,-0.187051191672026,-0.230847528403908,-0.764164667715124,0.181511240756905,-0.925810294136075
"FRAT_Ctrl_3 (GE) - TPM",-0.318471298780353,-0.200707984861532,0.283062510710558,0.0519685852013605,0.337453836149332,-0.995755268383957,-0.358383769823208,-0.287129642168502,-0.659949335915178,-0.457515900032221,-0.84614481024948,-0.0252259218676835,0.354063262532985,0.216740693757376,1.06122231154584,1.2908669901743,1.49206742687269,1.51602574064963,1.62742721648473,-0.101375932744325,-0.104859536992843,0.0350878431629306,-0.522674841165642,-0.595415359842937,-0.784272539265442,-0.484722229679735,-0.696240145359703,-0.663645957488294,0.117483535662703,-0.00541876519979715,-0.0431670993400293,-0.312304350946161,-0.419052169019966,-0.0444663854288426,-0.245119065953255,-0.514825375170378,-0.446993856942844,0.0729478233383039,-0.59432911160001,0.711726482706631,-0.153887335731129,-0.061601024872172,-0.388790536053069,-0.177516736200363,0.699793960534201,-0.459737346337954,-0.550744200062995,-0.560422542186232,-0.80320348648359,-0.619926332408785,-0.82226058206345,-0.25248564266869,-0.937953079978666,-0.714031399781064,-0.0862267347846615,-0.883098845175051,-0.791880572134224,-0.734451524900806,-0.760364045779957,-0.353789083388853,-0.116413996435079,-0.212269169496678,-0.25794907737279,-0.683630481049412,-0.740547927935624,-0.19710552908945,-0.557020191232124,-0.381918035945399,-0.548530218916611,-0.700262428625385,-0.209254492615038,-0.702146675086658,0.57161324995552,-0.839981654338103,-0.438275197837343,0.140919189838303,-0.149046395068096,-1.04614374222585,-0.468912258874654,-0.224568797974418,-0.554408056066169,-0.563513865258182,-0.403344345303374,-0.560758655031763,-1.11251968966031,-0.67420724372733,-0.325366399012107,-0.892734916258708,-0.331995025643926,0.244099688679826,-1.41124323069532,-0.37863854548093,-1.03034236834134,0.854374268033193,-0.140137753832439,-0.919933479980571,-0.440333670970296,-0.276399211306986,-0.225305805493443,0.677753869335195,-0.464693033150123,0.903920452141132,-0.421228009258662,-0.356873582388069,-0.257259606857566,-0.560268292141633,-0.714554809430132,-0.0623414960188319,0.621802797460635,-0.554465835235735,-0.27054705312599,-0.0776903123240974,-0.648617921088712,-0.61638451502184,0.134645530962438,-0.229622194097186,-0.799129986529024,-0.898562926807728,-0.33752845172758,-0.833046061469836,-0.754843354767745,-0.388676886139222,-0.050278402912299,-0.310926594802897,-0.229665580693412,-0.579535037244321,-0.233592051455288,-0.356360418633012
"FRAT_Li_1 (GE) - TPM",0.741631001609586,1.96320831282819,-0.336187778378,0.343068345028667,-1.27110919927381,1.14277956823362,0.124905155605616,-0.28142982319174,1.68325828207641,1.13419502564345,0.616565131151952,-0.579797773199962,-0.32478925152103,0.00398918742802641,-0.16227406866896,-0.117469977364955,0.152034008074855,0.115752011990245,-0.0670570301114831,0.335889163893117,-1.05804994133205,0.117774357849791,0.166957005126141,0.455376948599011,0.423196750796671,-0.452982549796224,-0.475239542218448,0.625270377002909,0.932564235742638,0.519681506955995,-0.133417200975185,0.770776809924263,1.49035258626847,-0.908691413250444,-0.485652315901297,-1.30629014019876,1.09629643482297,1.42565598406227,0.770850447830864,-0.845293682907975,0.330498283041506,1.40608831117125,1.70134794870175,1.85154144898185,0.232238790551439,1.50484674291196,0.933585656633169,0.200966778287167,1.00142341933237,2.54251608876392,0.0182181532704477,-0.100677237703461,-0.477113552945346,2.42427923102303,0.560415835252989,-0.0847495556150236,1.00298369446114,0.548746793324123,-0.00072019325929358,-0.0761006533988887,-0.147950242711316,-0.893630259696492,-0.865335607097162,0.159761470582958,1.07043641973827,1.0706057042657,1.08152983359678,0.0430012269869511,0.0900354905145855,2.24763623731427,0.7223371634975,0.621920896451167,-1.50804906012459,0.765180598376785,1.42791555268641,-0.298868767410731,-0.406137549605177,-0.242186308601167,0.228520153780699,-0.279585252516101,1.45366481534136,0.859433179915282,0.416989888580129,0.166886031336889,1.11299052569653,1.80285136831933,0.148860872089259,0.649869833455111,0.631705747344357,-1.07226227520252,0.281374964837005,-0.110645097543571,0.888646392762281,-1.40529466999706,0.0526407969250253,0.286721671568564,0.382620784501019,-0.585792625485306,0.300467664268472,0.69448366671325,1.08306952979937,-0.543033959147799,-0.592699921134385,-0.885865547337367,0.259286858320597,0.160340153141831,1.18400012452497,0.406739334150278,-1.08839060864339,0.961344192304076,-0.747858949656725,-0.0168355743524125,-0.138900132321114,-0.0292816659739802,-0.825171098274482,-1.69854020877637,0.0543119249445342,-0.327159451626775,0.713912582609421,0.0694328640950882,-0.0088416046304739,-0.523871784022196,0.118636340464797,-1.73102081688347,0.70551192677601,0.538092755635749,-0.356664118579276,-0.52656057795828
"FRAT_Li_2 (GE) - TPM",0.593683237827187,1.92544838650278,0.102928773348192,1.60899329236154,-1.15079234218817,1.11282389628223,0.530341685646949,-0.344010928578476,1.01693486203619,1.12611619516336,1.89164318259887,0.719241095911267,0.471203031957749,0.870538773727517,-0.467222514040296,-0.769507731930455,-0.424245251298669,-0.541205118076737,-0.486562977558499,-0.253948151409878,-1.30059846613842,-0.809767753368274,0.483964796884633,0.624990738705332,0.333788379896919,-0.383273499250424,-0.271040221383882,1.94777621323822,0.220285061373105,0.813720461965253,-0.52660756158536,1.26220602208577,1.41559018407664,-1.45396542076887,0.733077760545169,-1.39559797189922,1.43648414567256,1.51009028960093,-0.120343530345917,-1.07531507405251,-0.409567570106199,0.378937621451613,1.07596512128619,1.472677643449,0.181017586400023,0.878003825915679,0.851132427605395,0.191917260609596,1.7514840054751,0.907043560392779,-0.41545602847351,-0.0238152857407913,-0.25257600402518,1.114720953595,-0.098719274857659,0.452681401195192,1.20106859726432,1.83774860018401,-0.258039295791976,0.961670121450653,-1.21615475906264,-1.19184088476283,-1.40312879817269,0.488722842801824,0.919268024907954,0.519265478090344,1.59781355702165,-0.114615073492455,0.364222114372651,1.49418903582122,0.157438712165641,-0.19349490211495,-1.84475942525815,1.62504098095447,1.59473436641356,-1.40113172639375,-0.345316581472762,-0.911696792994611,0.188616924779479,0.00591550779227783,0.79059577462368,0.736029144200002,-0.245720938878048,0.423199948113133,1.13215717630172,0.926613590776214,0.332935163708424,1.21586421970308,0.390654004856978,-0.620932514781573,0.869305554856943,-0.454994979587736,1.31189826368206,-1.70307023648151,-0.316001628322359,1.28188580473232,-0.143086666698157,-0.697930714336925,-1.30724630299718,0.402967368221142,0.686641293859247,-0.791091769960176,-0.0794717265337694,-0.939426409147404,-0.0131032776421554,1.6316741017228,0.702059896044737,0.915604019659767,-1.31955231228595,0.588035463600857,-0.719640103600313,0.164463843116557,0.958481515097205,0.324880914902541,-1.29392269894975,-1.30301288353426,0.117756970027662,-0.318378847307902,0.370125572193124,-0.138060737768932,-0.1863527226913,0.570014885105712,0.419020707266764,-1.62771086219039,0.716171504367357,0.867332559239208,-1.27364398525607,1.14188613878061
"FRAT_Li_3 (GE) - TPM",-0.102282076966328,0.833768170123243,-0.287962896704398,1.03499909623915,-0.559635578487162,0.00264511423433848,0.0202146792355558,-0.50619066658502,0.341612110350941,0.429407128542662,-0.391976170645488,-0.0721525841475537,0.897462417086825,1.37367587621266,-0.269192367529694,0.244297786307703,-0.0811079376133226,-0.0684860531066058,0.211525637118148,0.654907545828333,-1.05794097561754,-0.795215029202661,-0.0927095025276745,0.0373055296522262,0.0576907407056135,-0.605782931794273,-0.417181769368887,0.163585218358264,-0.546485046610608,0.00530230204560661,-0.786364209678035,0.63306825093756,1.08003434604379,-1.1475012725607,-0.284477770472336,-1.22459873252816,0.962082775991812,-0.058482551746449,-0.575083251011052,0.372212839066234,-0.56838331068854,-0.482475875733136,0.605909380897879,0.37997235556817,0.790571054725345,0.643349416054705,0.332543910344717,-0.192624029103287,0.417498865239703,0.380586951912188,-0.782017265588722,0.809075929196455,-0.33057316940538,-0.351247276045882,-0.163995245326571,-0.451451809524994,0.147596554019606,0.7361684155216,-0.582813475031978,0.718137056000184,-0.8986956634086,-0.47463614036641,-0.70245044756444,0.680478578797726,-0.229801690809021,0.286348079606261,0.800728686710836,-0.249043606193694,-0.229893484991881,0.422555092644219,0.0718057233943496,-0.601683670207761,-1.9561225386916,0.442424119005477,0.519181725913597,-0.237901503396095,-0.290226612529874,-1.67939231764751,0.600183068433735,0.214250493990501,-0.0797865745034648,0.166103083735374,-0.245890308904724,0.122878088362216,-0.0132112986383944,0.277417214041816,-0.187222262530737,-0.207196920561495,-0.032695821224096,0.252766842184273,-1.79836965512584,-0.395612138040261,-0.15832504341939,-0.120633474228946,0.0642203519026709,0.222418365177233,-0.156617836779535,-0.486600872446367,-1.82460636551585,1.84767253674287,0.00389621154028158,-0.279528058557364,-0.196262504491096,-0.435730336609555,0.136380181018219,0.866754244808715,0.0859529101818419,0.573247022256857,-0.402178588948617,0.495837507663575,-0.406455486002155,-1.52031101217671,0.427880695137084,-0.510184817673995,-0.816141407441529,-0.198837139507222,-0.463637397389862,-0.525842930043736,0.120013965668127,-0.247236921252676,-0.574601430008865,-0.658582677483159,0.0495858603430367,-1.21850196335961,0.314630465921152,-0.059441591671365,-1.0494110385193,0.567823749309644
"FRAT_Mig_1 (GE) - TPM",-0.475225263164484,-0.309546971218455,0.46085556200366,-0.845164261607386,0.986840660399645,-0.152084098252337,-0.104770867018302,-0.29169925456544,0.170667213899422,-0.65701324959206,-1.39212910252224,-1.96244103850539,0.754175277788998,0.649493799887431,-0.0861687522762152,0.212676341133204,-0.324051380689007,-0.461564914273596,-0.0198358744090491,-0.291774733048427,0.657375887211166,0.660078729826099,-0.529072219532065,-0.670899673204639,-0.326814959995303,-0.515398226536744,-0.404679928743756,-0.541734954416069,0.708482216794516,-0.357392922659113,-0.42148456663009,-0.710852960625323,-0.399609817680338,-1.07980804814346,-1.32739962780558,-0.577182925461717,0.216963582452306,-0.110764864384809,0.554338793312647,-0.0493166774698218,0.0777774062279895,-0.807330437478812,-0.315354426978369,-0.805896846970116,-0.0623994215421531,-1.59383576646753,-1.37049395240656,-0.605409339453688,-0.773190600845518,-0.327152255564982,-0.796048764770306,-1.86314655431449,-0.761298478125085,0.306242675494466,-0.575943179917029,0.0457843343107409,-0.482167131807596,-2.1327147095787,-0.00523802517711912,-0.814810434941359,-0.453769261958373,0.285736181100626,-0.28083742966085,-0.474146670951136,-0.854645393242882,-0.181500816440376,-0.355374493901149,-0.826963612040816,-0.94958552958678,-0.337014515053237,-0.508081215696381,-0.798639375409028,0.67553616219586,-0.429291115212475,-0.430670791658248,-0.123593823204057,-0.329172199193699,0.0325540439999003,-0.324579192746138,-2.08216794530455,-0.331303573662637,-0.486773160120241,-0.192259823786315,0.747134106424504,0.348404131873853,-0.659802152380831,-0.30854004387892,-0.482302189234528,-0.438474830563089,0.723165007282797,-0.762469909716715,-0.0698941788109138,0.976662510585632,0.447770976824693,0.510638076678797,-1.10377423716268,0.0593581913161655,0.233863163552373,-0.28731689959221,-0.506693715840711,-0.371700112177316,0.00264620842943049,-0.230840674258988,-0.0945074222936018,-0.297997474897652,-0.715979154527082,0.473165021200952,-0.768716751177856,-0.433718505173532,-0.185739646201845,-0.642389044776172,-0.318523265254332,-1.14477466563691,0.169284583049635,0.404291509065093,1.83306651563327,-0.143305036769254,-0.459002961506784,0.285480697540274,0.128594550392527,-0.0738651447643043,0.465290444278459,-0.629840297762552,0.507035714408181,0.187897983904127,-0.0695642170033815,0.63104698493495,-0.776022807426533
"FRAT_Mig_2 (GE) - TPM",-0.412878140562628,-0.815174783791979,0.839017875157232,0.0630508197534823,0.876823385858885,-0.871119514253143,-0.432031787898816,-0.044225283924688,-0.579224591141566,-0.883740057764361,-0.476823912005709,1.49023311518379,-1.75174367231568,-1.03022156072815,2.06548133739632,1.47673989552512,1.50991489103618,1.2166381479722,0.201269285954945,-0.322903389515436,0.465063742047396,-1.15115777601221,-0.432634640115084,-0.680454219858655,0.884769403721155,-0.648159190760994,-0.461979043398802,-0.911917243697072,-0.481346666966136,0.00812881891419122,-0.836288754071085,-0.977239509462559,0.455113332262631,-0.903612980735823,-1.47291063227728,-1.11593949941018,-1.19857139569742,-0.841707753404233,-0.472544676275437,0.638398510684243,-0.00694133572232847,-1.16261263317315,-1.19089461613742,-1.08961483913686,-0.765974657932311,-0.473144002809126,-0.704181147972729,-0.390543228669783,-0.470473078492271,0.0839779891356619,-0.813329215520193,-0.391659885420655,-0.316889566715766,-1.05381338211796,-0.829182213933127,-0.900345323355475,-0.24098262696506,0.0973668831487734,-1.04679549775307,-1.41077337239572,-0.503349734411134,0.690779506515205,-0.119359331210981,-1.03109787732009,-1.18300064193207,-0.205319722795286,-0.49706009703634,-0.671349216615871,-0.447813904881533,-0.857046203062462,-0.267207249158972,0.954258767534183,-1.04059182336273,-0.773867690143188,-0.730944427899995,-0.0629535846067148,-0.397916702648136,-1.21166512911589,0.643505182824653,-0.57306980080785,-0.496145748411498,-0.279678286612428,-1.15107496420152,-0.166778600574149,-1.26359791936644,-0.169721736945774,-0.30510154399365,-0.43307341596964,-0.404143942052821,0.323259715610052,0.156704756259287,-0.643143396832066,0.031913943379694,0.750939128869199,-0.726554322042299,-0.441521747083165,-0.359827687690001,-0.919583646166511,-0.733082216543544,0.738672771629987,-0.599441430234254,-0.137773503040421,-0.396665396342451,-0.154164223107861,-0.222033589164403,-1.10150749682417,0.167524211997039,-1.1301776026881,0.255456557444879,-0.202131864167051,0.176192196457134,-0.0622668060479822,-1.45501475674571,1.11050681515707,0.425939114965179,0.650070710171355,-0.198680821810384,-0.391047464590792,-1.27586357601445,-0.527628302597883,0.354863642322957,-0.106709787954137,-0.77677238316053,1.23919442269567,-0.769140144854789,-0.514902274308222,1.56125444297046,0.229326103883131
"FRAT_Mig_3 (GE) - TPM",-0.28948361268877,-0.508370887054457,0.498787807687632,1.10847409814477,1.13716102200797,-0.139339186831223,-0.0944673012549828,-0.0883966126330471,-0.631845803376423,-0.55888748567946,0.424387721040235,2.09009521146264,-1.71707669943099,-1.02730183964025,0.757885707145447,0.260097445997445,0.479066240771784,-0.552366090015598,-0.737629266050535,-0.380735076903689,0.644303076030413,-1.12807454065268,-0.359295953185077,-0.502084045692246,1.69914003166275,-0.57802498076517,-0.430008808336079,-0.641783181384866,-0.504568420230699,2.33956935743399,-0.581292055734347,-0.529819038269995,0.786245199513762,-0.882960713880901,-1.23632304235605,-0.730878373386989,0.00820020417212549,-0.612056743278723,-0.254421728187867,0.883344695723547,0.126659250331333,-1.06441578934763,-0.981756479232638,-0.759868694751457,-0.736537241391209,-0.33521262319434,-0.497540229819583,-0.193172367814059,-0.165656556413534,-0.143902609642255,-0.731827738343082,-0.358182531494627,-0.0979803352388285,-0.900031535003087,-0.647079264030964,-0.460088084208628,0.0195978799797296,-0.16303128345397,-0.813063800408717,-1.60385072939173,-0.696225316911502,0.468758696619308,0.317395697151846,-1.16649691393802,-1.19828601513044,-0.0204186687362428,-0.0657726655809791,-0.69324553969978,-0.498028683232226,-0.564588549134923,-0.136360178101994,2.45351538720084,-0.973367151593647,-0.434990620410737,-0.598585355421117,1.12219221348149,0.0961920232008151,-0.229321933142191,0.326376194863528,-0.815286940660666,0.0977906339231141,-0.0896046300047468,-1.12525187296237,0.0497200019977815,-0.363798171398382,0.191905850184388,-0.389972812130265,-0.231403044355653,-0.369635525328689,-0.338953043875792,0.63969022624414,-0.633862861807198,0.181299527686137,-0.161800558262034,-0.335824579790004,0.00314588664173313,0.0693690913988342,-0.988343860653336,-0.516606173146211,0.432263118095131,-0.562072911602729,-0.30509391016652,-0.0910939093800918,-0.116549170142053,0.228446487691579,-0.949134799232547,0.102040927899587,-1.05621281105953,0.0486342539831692,0.0579652504578519,0.288068450340259,1.01120225761685,-1.22992831244562,1.69959579651687,0.777949256769888,0.303333763398383,0.274880037319455,-0.296963456303361,-0.860469622246861,-0.511405278431597,0.447594146319497,0.553648971405198,-0.39646502768074,0.914708847048217,-0.410592195803309,-0.240501666057658,1.26065173111584,0.158863573687641
"FRAT_Nd_1 (GE) - TPM",2.92040455873651,1.84381529058134,1.45696630923632,3.05390801901405,-1.14377858164597,2.1861816668303,3.49319091909778,3.05887136525863,1.0871422277347,3.41825593444206,2.10527616011238,-2.06946872029181,-2.49514365750133,-2.85849969778543,-2.2300844458019,-2.09751210172681,-2.1241845809061,-1.95583691947973,-2.24308557547698,2.18856941794205,-2.75654844937007,2.13549159133896,2.43447144742119,3.42009110993069,2.24513935322282,2.76947331378127,2.92428943886978,3.00715564959549,3.51414091274423,2.50160883923592,3.21965145651887,3.22233791910829,1.93659933852906,2.22604923709804,1.41350617404143,2.71243634223506,2.02900540110033,2.39354578816982,2.6793818050147,-2.28465850680215,3.0615281698235,2.35698957136931,1.74440431321391,0.309090256502723,2.51961125299182,2.10266315747219,1.24269107438164,3.23350989154319,2.31747565684573,2.12654100214443,2.80064047603739,-1.95525035307546,2.7131715147184,0.628917161969989,3.12941426653319,2.49767463118566,3.11091483864198,-2.06541082339016,3.1686178880834,2.89626635888717,2.09460872949849,1.4860161621114,-2.44838977658222,-2.29005964836991,3.1848106255216,2.49884606169257,3.13370091835147,3.2450462966212,1.51019593388117,1.56538373741802,1.43149810192897,2.65669175958598,1.43567406302896,2.7550574226048,3.61348489120977,3.35890610563636,3.24091362501598,2.00979018552975,-2.219233754287,3.6966665440752,3.10805677468942,3.6285763614556,2.69723021586756,2.69631813466489,2.2690868690547,2.53814544575106,2.3810717009204,2.41115061131875,3.00701015729872,-1.789662864572,2.78986311740888,2.97738668005558,0.518643973554705,-1.40721391179958,3.30671471718221,1.7339819807886,3.451573298238,0.854628081815307,2.50203982528002,-1.50552888257709,3.17557548779803,-2.25729062660148,2.39243077612704,2.89999136158528,1.7713931028234,2.09854125042467,3.18662708238613,2.29834626274058,-2.19865776599872,3.86147782209228,1.99369136319292,2.11736039854488,1.7122873906194,2.42288826244884,2.40097635313562,-1.39992036842332,2.21058471533753,2.32353328595419,3.12156178731817,2.4698321591904,2.51430482005663,1.96570678699914,4.14133363171008,1.91074441794188,3.19309944258887,1.72806068857406,1.80145407907756,1.62504821939012
"FRAT_Nd_2 (GE) - TPM",3.62783759272667,2.95266129588558,2.83511988371959,1.3801766033688,-1.68967755762562,0.876445790691462,3.06418701516214,3.56361663960275,2.66166931141824,1.90109482201743,2.52581983525884,-1.82623674074095,-1.69039171883832,-2.13099774853123,-1.8370519809362,-1.83609737101332,-1.66707011654083,-1.82447655187058,-2.21760063101204,3.82465052146215,-1.86174241017612,3.59184026582304,3.22662466861094,1.12685236898135,1.08490537500391,3.25456453569402,3.36759130271882,3.14563682295615,0.724595676266434,2.12032209177941,2.6246459135938,1.89455710837774,2.65301299075686,1.23243976332899,2.51238779678806,2.78376109494931,2.82332437125527,0.671505844134936,1.64923671091985,-2.32952725886664,2.40409431887448,2.37457793510705,2.96295479318912,3.10044118728032,1.98554930799279,1.35250864114613,2.49066247806568,3.1458711081718,2.5147475288649,2.2238361164218,2.82338618679465,-1.95360397026935,2.10950522864015,1.72122088884115,1.8588868251556,3.18375551493934,1.77667550032702,-2.26899507213752,2.73533245847514,1.61213859941252,2.53096054419154,3.45070234201596,-1.86217454356546,-1.73229149025496,1.7770107194264,3.69359512185287,2.57182795047794,3.16420524084767,4.1558721496059,2.80241346138675,2.22718618294069,1.96395884425804,1.50133529697236,2.31023031008688,2.22735588052676,2.10720391590373,3.57187300396756,2.28253881736687,-2.2684442565266,0.936648157355375,1.97618941586781,2.46474353723926,4.01148016948454,3.05245993208169,1.28024342973831,1.89658451855443,4.14624499201549,3.6384015472669,3.4087016577841,-1.10568006793489,1.25207046177987,3.05197565452614,3.32925452792776,-1.47618812746372,2.6693800279769,1.04383117687643,2.82959661600773,2.97000020218732,1.71967468344151,-1.69757283533249,2.0660549558044,-2.25896885031405,3.8865875594313,3.03450633836367,0.0513818519380188,2.91886002396879,3.2107478960615,1.46417859777413,-2.06867953870392,1.94347928831167,1.75422884848232,1.4179639677316,2.1822112403282,2.47113119578598,2.13542084437605,-2.15848991047479,3.73538379555692,3.61500321132386,3.00152186164184,2.91493667848337,2.21477391913325,2.58112417236742,1.97395621723763,0.0450388060312042,3.03522751469123,3.45430552477534,2.72262106788929,2.2630269118497
"FRAT_Nd_3 (GE) - TPM",2.59763303039422,1.33019167087473,1.13642134001884,3.23943389187467,-1.68967755762562,1.33130931003159,2.90039639109876,3.0126841174149,1.96377426242512,2.47948208958299,1.50294824291418,-2.14157774240295,-2.42983818292692,-2.68616705011108,-2.10578120641363,-1.9524970143589,-2.05701423577547,-1.97427867081659,-2.21758718362353,2.01135461806917,-2.59769045762839,2.09054150964339,3.52005379578758,2.27969045134683,2.64485020815716,3.46493309804339,2.69163941584013,2.11776554984764,2.49050459030249,1.61121276708342,2.87225931881683,3.14662555520265,1.76753761981591,1.26455721805987,0.728830831596853,1.29515737540524,1.33966945660881,1.98620060346266,2.53531795655093,-2.53979743349838,2.85955051643544,2.25552210481334,0.974340962131979,-0.474399729860115,2.96904569646283,0.819942740238306,-0.0445986442128198,2.71695256343699,3.06819438681153,2.11250057824792,2.02752945114318,-2.17453066062321,3.16304493427648,1.14849948877573,2.41469516343477,1.17278291934542,2.15407721033084,-2.50594896684896,2.66196792789143,3.14548507568702,1.72187958623363,0.946032041839159,-2.44947384374348,-2.49783196875787,2.78907250635545,2.84525816946236,2.75928035944655,2.59703923644821,0.916290776757816,2.00430867820692,3.18866017452066,2.00972875952525,1.06412391444823,1.9858601264767,2.06144294279941,2.47377127644131,2.45888793058199,2.60743311030833,-2.59086165039137,1.38708612710244,2.66288500338681,3.04626753911699,1.74469699208914,2.47581326063283,1.91276098972467,2.79004083902844,2.8078808762922,2.17084451090729,3.04960690054029,-2.63059427602481,1.2067063346114,3.48132748751505,0.104864438487277,-0.962428403023523,0.987660729429432,2.08322463353451,2.50658756137138,1.52260086116797,2.67033719839856,-1.0271531390812,2.55541146858893,-2.18373301258547,2.60651542563165,2.97556462105986,2.17727823019422,2.01268739701566,2.26895938336259,1.73243918460357,-2.19439496841372,2.27101213952513,4.50114776762218,1.55845547537441,1.84005409436947,2.74244578132449,2.46682172267039,-1.70194365791173,2.6331479307925,2.44619153893789,1.64348005120569,2.92836792213212,3.96426306446179,2.55446728340397,2.6392517776062,4.07971623326694,2.60645927658278,1.04592957306465,2.53016038895737,3.70445051303213
"FRAT_Ns_1 (GE) - TPM",0.278253871053323,-0.298728365661026,-0.120192586827206,-0.908091399192675,-0.715716945391673,-0.22075008716417,-0.345638540542611,-0.0170527313157429,0.743815979720794,-0.064325598236675,0.815478994716921,-0.343625171388245,0.289706957550744,0.330636439090571,-0.185534138729869,-0.127098245412513,0.289265524823374,0.512566299461372,-0.178104164181634,0.638249705623047,0.438020474962784,0.42875251166536,-0.385111035838695,-0.184411755563956,-0.180978070143138,-0.0778211987854485,-0.645198395086113,-0.00488406926208954,0.675654874481278,0.593455525457738,0.0595069571338524,0.269180204959768,0.517716945834816,0.829597453981248,1.26871920132376,0.872048896049979,0.193743446380318,1.20153948057573,-0.56733112756795,0.413403273021239,0.0903426580578187,0.919100434598104,0.167074419645797,0.321646878643841,0.379166233023557,0.202921622264303,-0.106359639543303,-0.29202576729932,-0.492786116835813,0.159679515128878,0.0216604473539655,0.824708050265798,-0.459192411683016,0.942375549107255,0.3280393088193,0.639569592998757,-0.0524988832477414,0.525320732898889,0.105762286596121,-0.108171471586072,0.130397201853975,0.546402200529167,0.015567324637271,0.223721845618335,0.662941438127579,-0.244951259240889,-0.246362308741475,0.099435493780066,0.215258322263858,0.280512856704566,0.334944058285016,-0.340359302154482,1.17168153600211,-0.58482204711729,-0.0331590926335406,-0.356484554247026,0.274031883539926,0.873383709582763,0.0982967504221284,1.04140664585525,0.754736214563397,-0.184586177186104,0.543596129929365,0.113071178874877,-0.181406265629916,0.948632908108569,-0.153554459971727,-0.292984700417896,-0.23721000078196,-0.0648462331718958,0.319993336661857,-0.0624549471727537,-0.0285773131217256,0.550209924926628,0.547944250159355,0.42897960587802,0.547882389934406,1.02697296158162,0.888648205723173,-0.019210268948733,-0.082103239479062,0.603881121191578,-0.386354926996647,-0.488534733707854,-0.119432852451135,-0.172963130602371,-0.173589194194038,-0.0942093134502892,0.0227422326633182,0.111882035090296,-0.425681053720842,0.674755735145067,0.198823310152895,-0.152118272830369,0.369189502473161,-1.01864382299569,-0.690258804516228,-0.0219114139451048,0.60417570301945,-0.366951666657147,-0.573215086473776,0.71607477216822,0.282834249163584,-0.984376046906173,0.0610505886759914,-0.244653200949408,0.324935448546181,-0.725255656995703
"FRAT_Ns_2 (GE) - TPM",0.0498589299343885,-0.139394405731789,-0.18754779150565,-0.0280381967089715,-1.32679124154806,0.0496283424611801,-0.205298618497778,-0.0526064836613991,1.90603887301625,0.158119243673989,1.44011042463401,0.325130775368852,-0.184608766336745,0.155231229068251,-0.359813060132794,-0.438048525715174,0.247357426577759,-0.223306581258623,-0.141983930162332,0.548501823510543,0.706360657165862,0.0126586428816282,0.0758832266388706,0.0507967076949748,-0.207979958716869,0.169396345129243,-0.504730110376475,0.27709844145481,0.640617077920557,0.937516691862007,0.176903841730463,0.84326259095028,0.69443976270919,0.126641480243493,2.45929503428065,0.602561554582609,1.22299184660895,1.41215880365098,-0.820515017432727,-0.0193152389692917,0.561334167262962,0.607064403708978,0.0972750791903556,0.140777095364021,0.783741658812012,-0.117553748790361,-0.223050111947204,-0.366957384828025,-0.180089406277785,0.468950443689628,-0.106831159762453,1.38192952680893,-0.0135510386986799,0.288016392791178,0.0803113268337704,0.750967944794676,0.217676696341995,0.568331027897534,0.133494304841472,1.02600153233207,1.58836255394164,1.53457568303091,-0.132944132635051,0.538995185898415,0.234743679122885,-0.0710891920908963,-0.0131873591972863,-0.0436956335828435,0.160455850205504,0.457342995049512,-0.109166920716141,-0.117754878180611,0.558114837811873,-0.496237605382562,0.0575516657062415,-0.365510245198994,0.0338033246630692,0.913590289518342,0.152564994830566,1.34993194599013,0.829668764552378,-0.0976713141856109,-0.0575307187282204,0.470604854143734,-0.377708083823503,0.730901115025924,-0.0482911778595523,0.151377754077159,-0.0291372834770908,-0.300604828420552,-0.395498336787478,-0.303533136597028,0.824471170604154,-0.33183428894738,0.654667248800324,1.24391309575018,0.315954932849871,1.01769787574393,0.572177190174244,0.30100395019426,0.24991969710051,0.596840922603865,0.215939648738397,-0.203750194556388,0.115812686793072,1.08977915661049,0.0390784525889697,-0.00022342830962242,0.296451009147906,0.3045984591102,-0.128898651580379,1.08858832019337,1.68499872161963,-0.0736490249626066,0.60015960446402,-0.687400169641067,-0.221383835441629,0.374033938463153,0.260322333603573,-0.2221900179596,-0.062979282567225,1.78636318878222,0.499516235765784,-1.04896886737795,0.0641776531314992,0.623513638353799,0.185230892756244,0.143517727664865
"FRAT_Ns_3 (GE) - TPM",-0.0359747339879695,-0.204780314542436,-0.0234743481740656,-0.353294847693759,-0.225011839788949,-0.221696858954411,0.0345571280920509,-0.10565726947549,0.171795519970389,-0.154912431905201,0.790346081850721,0.314917868833788,-0.0634283961213251,0.21553074780443,0.0442139105849095,-0.75033914406668,0.538140323795024,0.382829169043756,0.495944006693356,0.321199803834205,0.615633977684047,0.173690988618389,-0.139912976562383,-0.138644575981573,-0.842601431190626,-0.264271457943199,-0.517765870598714,0.224219174177849,0.650931955773447,0.845324416496596,0.0410037052622019,0.486064137797861,0.278143154560371,0.606785189707765,1.47758556150488,0.638972394331547,-0.0539228919034987,1.06815318702902,-0.807024405155996,0.47590688523854,0.381010891867765,0.560585974538364,0.0818395003115074,0.384953143838032,0.798842482564235,-0.128302309269466,-0.175185822641257,-0.407160468043925,-0.567911386647548,-0.0390896211042132,-0.329429862236899,0.94065116600733,-0.46633633895973,0.406051797025683,0.0615139993114392,0.217916273718884,0.0846050003204588,0.135578452831802,-0.097358658905713,-0.0505398071900486,0.194804638236223,0.451317345383878,0.127916156582962,-0.281075924044742,0.112022534353515,-0.418354780404009,-0.123549743765389,-0.196894147554174,-0.108493278365503,-0.157764787376247,-0.753567681330958,-0.619643597297867,1.1997374685571,-0.739477834066536,-0.0963698137316123,0.246163947301612,-0.0593202113710802,0.360554012054662,0.572152363102579,0.274877707848383,0.336643566244968,-0.219409713328563,-0.169468541595569,0.0562394664530217,-0.434172102939992,0.167072167380451,-0.319371178848783,-0.311767524983833,-0.161503121824164,-0.146647073147736,-0.0510308097065105,-0.382801753223226,0.674006368159016,-0.22565043755579,-0.0455508168518558,0.452064055147565,-0.137452489205261,0.953336898529202,0.268490980460888,0.48090826695658,-0.130906010259763,1.51985716569394,-0.615588593912862,-0.20817132270415,0.150724280599645,0.286329719936207,-0.245108743530453,0.204760537311944,-0.136671432423172,0.150317169828056,-0.157600138132096,0.778282232941808,0.886970552968831,-0.790527716927162,0.268293222567536,-0.728264237283034,-0.474081052909455,-0.665892298450607,0.159283442619704,-0.567098497801899,-0.354872166720939,0.848069655363828,0.68572501955554,-0.656353272554823,0.0573333063257434,0.287946161273048,0.19141299102934,0.172703828899949
"FRAT_Oss_1 (GE) - TPM",-0.144700635825781,-1.1293282313285,-0.801157883059859,-1.14685083325516,0.772528776909948,1.18312109096136,-0.812835740015143,-0.668816828998405,-1.21193774719112,-0.301162412954974,-0.404367415169195,0.482246170693988,-0.800225933078354,-0.836185432146401,1.31097771518012,1.42550673858342,0.63428429562019,0.63765186370723,0.501684911843158,-0.851758192946267,-0.0233289790852389,-0.834945542740157,-0.703346480169115,-0.570848919143092,-0.41440331058596,-0.387071752706955,-0.717455346562559,-0.871770367412575,-1.58371294759984,-1.02579212186429,-1.09707065697869,-0.732087801724915,-1.2858446788808,-1.14150792400588,-0.721194939753779,-0.78842466517239,-0.451514796478017,-1.4961362044557,0.107163501285685,1.11439184376856,0.722026633687808,1.20227501124937,-0.586259168895923,-0.691847974255122,-0.640652079318111,-0.288375889206325,-0.0951294531090541,-0.534206535843597,-0.513644639223696,-0.709199140556344,-0.598599603392333,-0.243534287401076,1.34062577470602,-1.47703082310322,-0.715629704818114,-1.24873848495807,-1.12051237829767,-0.382250450703053,-0.594876322194462,-1.62393646857958,-0.490940072098693,-0.554003783358058,0.823849774920433,-1.37464340792895,-0.899220576041358,-0.506500812914914,-0.540154270372917,-0.748971560479221,-0.904011294922762,-1.06454469878659,-1.086407970852,1.14554136375217,-1.43276586952244,-0.573550608509268,-0.830630339923799,0.28558763134843,-0.707805157370796,-0.88254618585318,-0.417929171709173,-0.743978634429671,-1.16303004631522,-0.073468814197234,-0.879464583288197,-0.920180626842192,-0.950343185474923,-1.01754273744391,-0.361144857436966,-0.793551339439949,-0.304395613239676,1.27292692207654,-0.216684667507115,0.122034899944367,-1.60950078967277,-0.0824065450176422,-0.803644224703342,-1.07767805870107,-0.410681677185652,-1.78912819528842,1.81235022814553,0.116570838270244,-0.385440038517365,-0.349887187094306,-0.44924729172209,-0.451827143388175,0.479577688190152,-1.40932769390882,-0.607170562874261,-0.540279248950197,0.077113820021621,-0.754702679000228,0.306895899114653,-0.429303876289613,-1.16265483623859,-0.688427278257041,-0.973097917012431,-0.0824485973265241,-0.438198833697588,-0.524595896304123,-1.18454779193436,-0.794158163621945,-0.181677199849491,-0.191809035604085,-0.810009993832943,0.228195181433085,-0.829267600063336,-1.56770820197614,-1.05349173155453,-1.14751828299137
"FRAT_Oss_2 (GE) - TPM",-0.222694411051255,-0.790003178515658,-0.16243873399084,-0.673247059931327,1.62226002121753,0.582200040022212,-0.719605668798667,-0.47224799887553,-1.25214310172303,-0.357320486879496,-0.664087045663142,1.00360744408823,-0.512478600288393,-0.263467726846201,1.12182257890048,1.61175651141659,1.25464128289821,0.821056699770896,0.855284163405443,-0.457418850552848,1.01381822535011,-0.77966759337215,-0.624873180160012,-0.545292551575632,-0.742941052697716,-0.326204074619505,-0.693570702179575,-0.753784058506207,-0.925691993207261,-0.809593823041168,-0.789966661467637,-0.529662636451809,-0.518384390441936,-0.565475226919845,-0.0863841291883043,-0.294044594438321,-0.12376126498752,-1.30959162690449,-0.352754969614362,0.880954641113187,0.99836342049741,0.788711699172413,-0.239126907532588,-0.276116793097589,0.00945718832482223,-0.531753817610928,-0.17278301700654,-0.536509018194187,-0.634968786390192,-1.1040226598193,-0.559396912471815,0.29901045476328,0.834560506270505,-1.43661433122508,-0.482607196664604,-0.656222492354307,-1.19553386750986,-0.224632847947164,-0.630644006352446,-0.799889526557204,-0.463395546934606,-0.35736003048215,0.991538622113063,-1.09629434569506,-1.07723521047744,-0.615161389823275,-0.501475570959821,-0.490508952051708,-0.610854647855812,-0.881457493989249,-0.83351918440788,1.06740791470121,-0.556604497300314,-0.736491783661219,-0.648709183885822,-0.382003206548378,-0.351583147914253,-1.12803797429673,0.777025811295448,-0.0435073195853439,-1.0777879925128,-0.183548435187304,-0.536666730464454,-0.828288247706069,-1.12857710656501,-0.959065684110098,-0.351722663737078,-0.748880568800282,-0.430501352392826,0.342841640851934,-1.45967492152204,-0.166060376181434,-1.62100434899316,-0.318044490873481,0.033483830227051,-0.449746142921451,-0.660203437628222,-1.33237363614466,0.15576943759351,-1.07398760150397,-0.417829081108083,-0.26694462607634,-0.591932431316986,-0.2491452277372,0.470025901773771,-1.11926242500437,-0.711664359198004,0.0343406394290211,0.278945469883268,-0.65388204434226,0.379865397100644,-0.382720449401249,-0.938694636440056,-0.425314256644442,-0.581912693730944,-0.0600609684658552,-0.388532615982039,-0.875383350690795,-0.723166705358405,-0.988041389551029,-0.53078562549179,-0.911749080536818,-0.361592691050919,0.0171245444839112,-0.501005926175665,-1.32992514567666,-0.659311370339387,0.247729004687851
"FRAT_Oss_3 (GE) - TPM",-0.291050188329961,-0.568333238248556,-0.211170702374188,-0.7599701977794,0.662854065318031,0.374018449758819,-0.659496306069053,-0.432301769061103,-1.32623669039464,-0.349283415922885,-1.24366196938963,0.279175153147247,0.311776697157709,-0.212610028255673,1.5652346314605,1.91617992623942,1.43779459504356,1.23247494535051,1.20225774393964,-0.76785399963178,0.00360979523932569,-0.66482174021698,-0.644836773030284,-0.579632957723505,-0.7753245911496,-0.250631594337454,-0.735239091704103,-0.793469619402226,-0.998275578465402,-1.31796302709674,-0.602096192485713,-0.684252046077028,-0.883319726520908,-0.311544943266335,-0.490744487168003,-0.585248198694617,-0.869759145247683,-1.33780115332012,0.0140198255864972,1.13382481313467,0.687836234911066,0.625084283437567,-0.349949894175091,-0.464687967095967,-0.287456042888948,-0.234730014026013,-0.147565576794543,-0.518006132498287,-0.638112371375215,-0.427054546653713,-0.422546018800713,-0.275088424239548,0.516998582599916,-1.3667597227571,-0.349092905697967,-1.20354917616801,-1.29114432059781,-0.530570325326405,-0.650944121194185,-0.901552121367733,0.817587227207552,-0.771373608233579,0.125176682807579,-1.02395038219552,-1.35026578712957,-0.418909589000542,-0.540080110144681,-0.410656162631102,-0.663024089610006,-0.978847612911091,-0.96123769674137,0.51420721832814,-0.561271047883772,-0.692097616760074,-0.73016629469681,-0.291311872202016,-0.479355900175001,-1.37337857748749,-0.619645917343786,-0.277404280095876,-1.18577864255735,-0.199215671721797,-0.564336327964079,-1.09425502898351,-0.991285248044098,-1.19975237390742,-0.436830382621152,-0.831599953969875,-0.370014137919328,0.60176870905497,-1.28238935900656,-0.122284580358026,-1.6017543950401,0.403982417075993,-0.495736005575518,-0.767517117880229,-0.0917107230665042,-1.48736320411097,0.391712296756467,-0.558092910824237,-0.749236468413149,-0.117727314293248,-0.653464357431668,-0.31123076045299,0.131068142104062,-1.22474486738961,-0.609938359678935,-0.0184241285279604,0.278388093394666,-0.88356083498876,0.235821142132755,-1.07119962895815,-1.37456575269057,-0.678911514340784,-1.09841763376539,0.115533352447229,-0.719844689843707,-0.82319276446339,-0.78069216952606,-0.694783119519932,-0.746347066734296,-0.603179785483045,-0.508882032496603,0.0702707839919152,-0.568383696115713,-1.37398279488887,-0.733483310626844,-0.607459218145813
"FRAT_Oxs_1 (GE) - TPM",-0.298174956722997,-0.564316634506824,-0.486663389203911,0.0420233096513786,-0.075446925177256,-0.735908479444641,-0.543353357078578,-0.318755482928194,-0.644033472415881,-0.0974987165392384,-0.419167247977909,-0.828572898903596,0.2127771747412,0.154322831053889,0.134167816964696,0.468990960330691,0.288558148525145,0.436550925249939,0.84644317950533,-0.165047476510116,0.236226404717958,-0.00852685686215759,-0.636999763041769,-0.234630572799174,-1.07041091580358,-0.46395670509792,-0.472041430867852,-0.395406825789638,-0.0872192365871994,-0.748612740326099,-0.0645852792212176,0.0337252339593924,-0.430177053236221,-0.0415299836117878,-0.170364886327386,0.454857270124646,-0.150811770439424,0.416943572640463,-0.116895535995475,0.18133000110518,-0.474198008934585,-0.726508645415708,-0.203419415963294,-0.000285263069605844,0.356705243459678,0.175278787936431,0.244018166581404,-0.24779680438415,-0.698999594141098,-0.43950429945431,-0.215622551158667,-0.182372126162288,-0.555627674799108,-0.144154389536246,0.157824641445975,-0.157383531601944,-0.498692053374275,-0.481236113056128,-0.0719806832474226,-0.223459101554423,-0.696640580912714,-0.45123841212278,-0.197931826180194,0.338023190595571,0.138517241433919,-0.562242006412071,-0.468405142054055,-0.259266251158372,-0.00855955748777772,-0.117381800714341,-0.556721066860693,0.458701633953668,0.0262593647261619,-0.605017073771059,-0.218654612648847,0.137766857792194,-0.0311311652429142,0.321907438508236,-0.571153997798473,0.217476296290569,0.0517677122956906,-0.391436161436907,0.0990583711428976,-0.853644625612699,-0.453399925800687,-0.706355023713127,-0.549410830330359,-0.841670951943742,-0.343419731201896,1.57322138444015,0.0089066864360866,-0.302600782473413,-0.776478282192311,0.315932341055784,0.598139868161251,-0.999049051373848,-0.158751249078071,0.124940191359368,-0.244853611343063,0.867280519775557,-0.101527778998473,0.431817513218371,0.187412887094099,0.104752861253936,-0.774165269125759,-0.393444624322394,-0.436830876132746,0.0556714721854817,0.349900248690602,-0.0393814320427511,-0.645572103966617,-0.626026161206326,-0.156423852274916,-0.836565044024284,0.0702635380278747,-0.172887574822794,-0.845180073689044,-0.475512919412087,-0.22877319701071,-0.400021998681953,-0.771788373290837,0.120526325342911,-0.106995077033118,-0.13781677299106,-0.0711519111576946,-0.72347695539846,-0.207302775230034,-0.600197153033396
"FRAT_Oxs_2 (GE) - TPM",-0.352291406303726,-0.638778346541614,-0.386900417602521,0.00510099418885098,-0.270738694021797,-0.930033715796792,-0.129125446805253,-0.161810105195752,-0.392961206875157,-0.250999195933359,-0.956547068111022,-0.286921337335588,0.703053657181353,0.608263003434153,1.14937960221698,0.94768383428938,0.784549986295398,1.50825155641122,1.14798068424074,-0.81132453049672,-0.42757196359043,0.183469129259191,-0.541933744009485,-0.56164744710336,-1.59565373743996,-0.51980669352492,-0.456658560733029,-0.0382990710820026,0.665126159239857,-0.365882783686458,0.0777995387859414,0.120842506160447,-1.27700927732313,-0.119231517792657,0.529885187956339,0.081352510254771,-0.477337077457307,-0.147952925277722,-0.701626343712618,-0.266711264399591,-0.503914127396553,-0.954497798938208,-0.454314989536146,-0.40283922509223,0.282837619473533,-0.518731041837042,-0.494178005741449,-0.53447257325705,-0.773456704933348,-0.53620261301776,-0.303276237147253,-0.70617711741885,-0.800895801271709,-0.370523851752062,-0.360300916051864,-0.588433039703447,-0.630582770494776,-0.131924145856289,-0.41019299845747,0.20444906503535,-0.970690771973992,-0.756507930733965,-0.575677385203914,0.182763670936388,0.0755278126304353,-0.416074528434056,-0.539778001841454,-0.183640563321395,-0.162479550408345,-0.434079551192471,-0.537655156893439,-0.231869706347204,-0.0858013396193229,-0.677155023739431,-0.350539906166669,-1.17756068043009,-0.379678342741506,-0.116731717116113,-0.323742182102426,0.386579899323481,-0.685232263517861,-0.604490003641249,0.234243751990503,-1.05265299558544,-0.579243779767756,-0.86052813225283,-0.316788552761533,-0.793539141203826,-0.366038765736576,1.95315686241399,-0.153327173541504,-0.510715752994608,-0.379330491131044,0.206886259566057,0.547364166105962,-0.416309088729277,-0.0244374158842917,0.34237957646789,-0.538796533883081,0.283482345983972,-0.422015848829739,1.41488506737574,0.141929617175691,-0.385499332891819,-0.698073314359482,-0.315401113287859,-0.379077096985618,0.215378865314056,0.506613530669029,0.0439887444084602,-0.799280884470276,-0.731485338107355,-0.200750474236605,-0.825802592698197,-0.153282517227304,0.52950696502817,-0.899792558207949,-0.155534164596272,-0.110748482018731,-0.217440240200159,-0.815279451149753,0.359232808643761,-0.0310561829571974,-0.127504250518233,0.0654452356876126,-0.503297797499526,-0.16013612942494,0.301736956806977
"FRAT_Oxs_3 (GE) - TPM",-0.59990672495388,-0.415762567351702,0.128099531962462,0.0932042030119373,-0.622374186443951,-1.02990933714649,-0.234204568084021,-0.289203274032511,0.0511159000494028,-0.459888636796831,-0.924217055083637,-0.0746693388326564,0.588088810354182,0.604388273421403,0.379269245372111,0.970267459881305,0.924937686658062,1.15896585777932,1.44814756883916,-0.311107704518891,-0.410054951057233,0.461775762680226,-0.590608247672158,-0.426919488129365,-1.61466841735407,-0.291030961450213,-0.643791267908529,-0.344183745606472,0.203084302287392,-0.857714978050637,-0.414550335914861,-0.13063087761031,-0.427384224721469,-0.159633218496973,-0.0701204570269009,0.137479471679815,-0.599606895232646,0.448879589191701,-0.5434788515188,-0.0949558471706835,-0.103691733571119,-0.172511950379253,-0.269680880529568,-0.165737322870083,1.0555076151107,-0.226374882729133,-0.275947761060911,-0.458437968061434,-0.810544462805254,-0.798387595104471,-0.461089694755483,-0.54165794112692,-0.853274445243286,-0.48789173238531,0.242572070895996,-0.136366762933302,-0.613999567604117,-0.970732311233699,-0.373246014934782,-0.218972646811638,-0.17844711576148,-0.455053230635775,-1.01107547601418,-0.00278999087120893,-0.0833737040828642,-0.371907331112553,-0.325929270322571,-0.264927991845121,-0.490008469314955,-0.381510980369123,-0.248558132870944,-0.42568503922004,0.0874621321827329,-0.772482083883268,-0.414402441977885,-0.725504104385364,-0.202437723320393,-0.124901129217722,-0.0993968446916257,-0.0912957147290184,-0.494127336794482,-0.474007798755176,-0.424154680218972,-0.814788587561515,-1.21034265260596,-0.66859176291671,-0.284396779482962,-0.890761737254334,-0.393794711328736,0.549544003567084,-1.08286040374323,-0.322834892988587,-0.840782282516251,0.302845569651433,0.596615734565496,-1.05480330702263,-0.364510587060391,0.225648657170405,-0.713705210655027,-0.133176342165764,-0.120958914203622,0.923126812523243,-0.0623865993191118,0.0212355729943006,-0.506097952771032,-0.917620181848728,-0.815576444613723,0.249376196812309,0.0265119729532788,0.0155680323872122,-0.504343667765279,-0.836946536931191,-0.239084497361845,-1.11612109905785,0.325435509499012,-0.370282037417702,-0.894850656909946,-0.870075397022299,-0.443261752788968,-0.509270686994639,-0.786553863842331,-0.213269521264895,0.139649611909574,-0.279143516093152,0.0250838423017875,-0.857621460029235,-0.360694015907821,0.150654089486431
"FRAT_Sp_1 (GE) - TPM",-0.274645404865102,-0.449602511751077,-1.4305988442925,-0.109743369532151,-0.403949541497567,0.0566253652702021,-0.150101662517034,-0.190382572030521,0.0616738254313611,-0.158492432236934,-1.29959476214755,-0.855032766798867,0.169032052099217,0.0158144628372843,-1.11231061016161,-0.833728916237299,-1.34048648950751,-1.23878272237987,-1.06923911541212,0.128916178223551,1.01017525290009,0.209411755095774,0.076962414073501,-0.0297186223833764,0.978520347940937,0.181443174344788,-0.385277823905504,-0.14088054189447,0.0820517755519932,-0.885410315542591,-0.34989799574853,-0.289712093206954,-0.122523433017491,-0.0712877694104147,0.737890124418995,-0.177629234956897,0.0299186402723139,-0.024630784028731,0.345960398621881,-0.734202619493374,-0.373653504357734,-1.01901780402146,-0.0853243975445557,-0.366221693265815,-0.695330183092871,-0.849698196508293,-0.571710847746269,-0.116604146562237,-0.270215587347366,0.767208177130795,-0.103625072468038,-0.546255588340832,-0.0013901381958322,0.677923113126845,-0.161698681288612,-0.365757783505536,-0.259997791498606,0.090254317171249,0.326521562211854,-0.263863426336642,2.21521119457732,0.275141311275559,0.535669759039672,0.521756512796873,0.157459556940241,-0.195704120292331,0.0267580118610656,-0.563632158214431,-0.68136527752837,0.801788334145041,0.751532953485988,-0.386923636590557,0.395954698052387,-0.270503116976678,-0.200563126150869,1.11929400936136,-0.171480336272368,0.491399440708269,1.56386084914357,-1.2492509225115,-0.120532964647772,-0.336543123737619,-0.0334716386114045,0.510237279062699,0.593178565592415,0.32263955708145,-0.21775894275058,0.11446016675661,-0.308841560048286,-0.323987711247993,0.651775452613988,-0.0552199358582703,0.355199887867459,0.164990661114267,0.103650697789162,-0.512172245232504,-0.106849896078608,-0.861575037922367,-0.145481419627244,-0.0801760541591486,-0.575673454960218,-0.142690595088113,-0.0884744825877615,0.11058372819734,0.0365798051712142,-0.159076886609622,-0.235616021705267,-0.796600277257819,-0.841068605816528,-0.26035194502123,-0.360400357219505,0.970817856888946,0.484338759142257,0.744229518420021,-0.238368823242208,-0.69797519077559,0.199647780145468,0.683415521198277,-0.158460578054178,0.144613067501232,0.411272923696222,-0.496917287201668,-0.645330596647085,0.363155190842721,-0.430107345466388,-0.122181524223789,-0.437371479668934,0.249689380156661
"FRAT_Sp_2 (GE) - TPM",-0.168271767336352,-0.166583184226133,-1.06048643675582,-0.0588545352587537,-1.18724850149198,0.20887068693139,-0.315064599838902,-0.173668574734364,-0.341294672603081,-0.00117201138259287,-0.881989320937898,-1.06445983834973,0.239695248455551,0.522779340910204,-0.835935508649007,-0.703934393305184,-1.0970566020924,-0.92871587658805,-1.01268592144685,0.457783028394652,0.927900062707469,0.79360675541775,0.142725343808973,-0.012012857674061,1.22527860549648,0.139248471809319,-0.387501747357736,-0.159840401850493,0.152672937616578,-0.18179157959382,-0.175084265289261,-0.460876876991284,-0.293972871577204,-0.0725191537896581,0.172817304214568,-0.292380342983093,-0.632025580029407,-0.0650860911370417,0.563342241666433,-0.649747864936698,-0.127261643432403,-0.5457492779609,-0.0569216724969637,-0.429966430410255,-0.804253366896774,-0.50963507048978,-0.34524587700839,-0.0763754383982132,-0.239898169536191,0.276544948809654,0.0156735821325997,-0.824463309507376,-0.07923364294558,0.733139535078838,0.251928602858177,-0.756568868614012,-0.501741267221131,-0.299381368432933,0.322884843365364,0.0690505696415023,0.896761016249204,-0.0100418218754777,0.00883042794030115,0.922547178403034,0.606259161477403,0.0504053745817053,-0.00359043740510246,-0.448156026599784,-0.404112564909602,0.73046685256279,-0.0583212010409007,-0.633514798161587,0.540053276815589,-0.28875532237176,-0.279371407305357,0.194121558116782,-0.190057638979405,0.508632968615229,0.445485031833113,-0.774631420358669,-0.0689465019144285,-0.158224085776675,0.0655836230990302,-0.0301232811895061,0.389773330011731,0.272763899710204,-0.104200597664561,0.162250267111495,-0.223926534189038,-0.915077409457366,-0.416952434334789,0.28008795344189,0.138674519839604,0.553316276375175,0.145968001535654,-0.369851561410767,-0.026128076192562,-0.911755142251183,0.0499864264769267,0.308506168331177,-0.436077857422233,-0.241123440242964,-0.27886113208847,0.478454018016115,0.278075581635478,0.108166924915809,0.172213599496893,-0.84628920880706,-0.658935369449578,-0.361367433025551,-0.05029899927534,-0.595649444177812,-0.385181841956254,0.706815625688826,-0.146022261682459,-0.653975629167961,0.20830361461889,0.292290886908261,0.00805808536056913,0.392536157871255,0.247276758261796,-0.499046483955859,-0.428242619649881,0.318798997565982,-0.639792870887327,-0.0534388761106549,-0.169065238886101,-0.0335329013953955
"FRAT_Sp_3 (GE) - TPM",-0.122521165485145,-0.23143249878821,-1.53532753291813,-0.34223551244089,0.885592837147841,-0.252101875267,-0.3326371368285,-0.327604955789537,0.00674668928145335,-0.26742071427919,-1.04553840420562,-0.548597276558944,0.301401188639799,0.610123412686532,-1.31787783050107,-0.852411137701752,-1.06073809812651,-1.00223415973388,-0.862324012012443,-0.500743878461222,0.471818506918212,0.239034601962086,-0.306022064807263,-0.168678642280538,0.327986857622271,-0.0950873988001283,-0.298153452644774,-0.0861035449846247,-0.0958038256180232,-0.314990898628573,-0.811607530027052,-0.298363220400918,-0.222602603086069,-0.149407204976333,1.07498659367993,-0.395643406500462,0.402990358213126,-0.396549725178696,0.0299426667728131,0.340498173737008,-0.665212461540546,-1.29430684771167,0.348094518208528,0.478820731174396,-0.803811820975152,-0.526875334863191,-0.166800533260428,-0.0371914134218853,-0.305001935684686,0.222498342320041,-0.0497508750556952,-0.124176895341605,-0.263165256785774,0.467114129632944,-0.17430159499994,-0.0690609086483013,-0.28648741533202,1.20415894408566,0.13824886534564,0.119537661626507,0.197233651239784,-0.322024220377234,0.659879398191894,1.87628629536604,0.256161707281089,-0.266987242611757,-0.104588071738551,-0.652389196644439,-0.365977301571969,0.802158779241307,-0.386391655099533,-0.71011134631713,0.231741194871454,-0.0862456903498727,-0.393827921531231,0.00847309407737373,-0.025134113614833,0.0440983504311777,2.50527306340869,-0.111323879300719,-0.661307909230728,-0.285660415972423,0.0340403916800126,0.810000419534269,0.394838652857384,-0.150738217979546,-0.42421176977544,0.115882029501517,-0.410748026636052,-0.672229965781086,-0.590536250316162,-0.206255985688004,0.882589665941299,-0.0313073614221124,0.869707370784902,-0.527162364107324,-0.57574732191203,-1.22446731239663,-0.00646418646065753,-0.373574969667855,-0.834599900820947,0.331489126817918,-0.229591751291932,-0.417561433622912,-0.562411000294627,0.1371348215467,-0.265654998007532,-0.82420630037402,-0.577888534189828,-0.265993580771756,-0.709892052784227,-0.123317357320035,1.30159128674192,0.174388936528478,-0.616186961024543,-0.0679350589415621,0.512611344054387,1.12380527142521,-0.306210334207072,0.164908433946607,0.345463270010177,-0.144857446275231,-0.928975325208793,0.0339470685557388,-0.458204012129695,-0.132597629642486,-0.272509000896278,-0.127638860178816
"FRAT_Tm_1 (GE) - TPM",-0.154994977215455,-0.918966889987874,-1.41563582665488,-0.470279981565728,-0.229612599236135,-0.699536895544987,-0.36932439449005,-0.648462696503886,-0.789362919765307,-1.17521234507392,1.19440194708574,1.46767311594757,-1.05854649884227,-0.386670735323899,-0.565770291240364,0.179419589399437,0.573674022102159,0.124457675360403,-0.0347467784668532,-0.786357058729807,0.954951408389785,-1.52191403794396,-0.111478742902339,-0.974332305132439,1.65929717387135,-0.426779906308157,0.607020894611752,-0.634030251030044,-0.731988226077784,0.993082405339339,-0.847432613700204,-0.781134843060874,1.11741172213795,-0.965917640218417,-1.58582534072619,-1.30550142323844,-1.0974629632172,-1.33968617760822,-1.25320712861303,0.716887614809206,-0.975965340669158,-0.730692164582781,-1.71131791871655,-1.83908235492481,-1.21138760925806,-1.52525305384793,-1.38175711189373,-0.835880787094953,-0.443298680402417,-0.478520296749298,-1.21916079565362,2.74719706134573,0.725434046343173,-1.05439004618592,-1.38959756584751,-0.799319155818111,-0.183100415695236,0.794200486458973,-1.01152656723334,-0.588458559980678,-1.08025303493772,-0.586181764615313,2.345592643272,1.4158928532991,-0.759833484620546,-0.759209307146136,-0.6863690891502,-0.907152036051271,-1.11234312556466,-1.24111812898614,1.04458468584775,-0.420318062174042,-0.792964669601436,-0.171173016261903,-0.652928788606625,0.317771547091887,-0.0479695793905708,0.179740958106388,0.00279407676956694,-0.813617946939157,0.479467743224573,-0.747241756105219,-0.888256076777204,-0.207046997779092,0.205189709942089,-0.197717883865156,-0.351256927787823,-0.302621576762287,-0.40259821413728,0.282708032734779,1.82620998187289,-0.962024269761434,0.160501731818709,1.24103021416614,-0.286682517353502,-0.846721014607091,-1.32080301805685,0.88385163834328,-0.436521341697059,2.40065185961941,-1.03328368175001,1.25681765583849,-0.74230233753679,-0.895856285867717,-1.01975914257113,0.529767988003636,-1.02346496665529,-1.31288361164125,1.60060402873992,-1.01980430316852,0.457346622710988,0.408679200006342,-0.618536438646436,0.0947180101740751,0.0254204559686794,1.15037508795847,0.348973188044506,-0.15828959602933,-1.06945276758346,-1.40547680820258,-0.00694139607825692,-0.828291625326743,-0.351194107232877,-0.185601785762217,-0.826943533391066,-0.0639814212537765,1.0331687860116,-0.649262019557393
"FRAT_Tm_2 (GE) - TPM",-0.531412204618874,-0.919193359831617,-0.428167839982021,-0.593064787738604,0.92131358894285,-1.37004841720433,-0.549923579869542,-0.663596873444653,-0.664612084613986,-1.22141928803706,0.189013778397026,-0.353850009747952,0.787303686416599,-0.186176969295253,-0.0756250402736405,-0.17505534055175,-0.320875305927192,-0.239946856296863,-0.0373957917884933,-0.806524881169685,1.3352437793425,-1.10919381899352,0.370671180398425,-0.873907645773877,-0.276596705655981,-0.0745176625519909,0.353041172452743,-0.394067618639201,-1.48786493112231,-0.793980714079715,-0.721743005207176,-0.789339577895846,-0.399131379335614,-1.05851259171303,-1.0778131768161,-0.959679694787566,-1.76521030436417,-1.49309772325899,-1.2072467528448,-0.795877292725951,-0.483311466811395,-0.823834643623667,-1.36977561520546,-1.52712231654009,-1.16549843275407,-0.968987306344909,-1.14074192742662,-0.696177885529107,-0.405893580205498,-0.793352674504323,-0.648043457313736,0.908233508370086,0.152649557745159,-1.29437901435181,-1.42065638062595,-0.81047705722085,-0.737532879278109,0.143907016283601,-0.809723628012591,0.0978741463228039,-0.286454327510345,0.180899485810698,0.978107704903799,0.417264061931705,-0.451240281922533,-0.50447135367679,-0.689680228476193,-0.547404063718668,-0.822004861162275,-0.864825236479222,-0.247047046386573,-0.635853223950534,-1.32145874887471,-0.143706664069201,-0.868804647979005,-0.135479927488692,-0.663474547912613,-0.906037970741923,-0.226617720765624,-0.870608392707016,-0.826547928511691,-0.514192330889094,-0.809970700707297,-0.435137050334944,-0.776244753231447,-0.60672575109125,-0.00825531182674674,-0.237977938574994,-0.316460851377004,0.114862023426793,-0.150921808733635,-0.554195312508319,-0.86598879379488,0.77269252324843,-1.29400848313124,-1.20762135005706,-1.30988541587623,-0.0946039080369173,-1.33931350471384,0.143573416641922,-1.05684023132347,0.347058263167002,-0.0226803680280235,-0.259616622445725,-1.5603944525161,-0.0105376910661538,-0.824565725681065,-1.11010179265769,1.04848048662763,-1.27238688916367,0.328033257460047,-1.90212424684929,-0.18471773145323,-0.387210910326334,-0.617296234149514,1.67087952786672,-0.140966750705262,0.551390674756555,-1.4756074169335,0.0361202023126372,-0.305970860603344,-0.584222531642264,-0.467981700639537,-0.684627549466394,-1.19596182343077,-0.689373803231239,-0.209402906398558,-0.520273597088106
"FRAT_Tm_3 (GE) - TPM",-0.576050083401957,-1.08050111826689,-1.00162544944894,-0.465047670183679,-0.171716426395595,-1.14204557225739,-0.461278128657478,-0.620907166956602,-0.472910133973078,-1.18004102918856,-0.383497380549329,-0.0552522851257903,0.946874898968716,-0.303035372900658,-0.0498282777714238,0.0304471410341942,-0.52636660585614,-0.143642552147826,-0.0924067219425679,-1.00032535411231,0.858917018493872,-1.04301909324444,0.269432024438095,-0.898885751695113,-0.59309985415393,-0.403788883152468,0.731252318829708,-0.339111658159433,-1.48687307615475,-0.530410083542155,-0.893397225771245,-0.628819737007732,-0.792321283390519,-1.08858199271086,-1.15701094620818,-0.910292317734912,-1.99949215568304,-1.43039400166057,-1.11407645733251,-0.629754723550348,-0.909230875629531,-1.41178376280633,-1.43085551611719,-1.65973118112863,-1.15251670027234,-0.834962860079319,-1.01692616007685,-0.589594945942396,-0.272852045454258,-1.10576946724327,-0.623231937279483,1.12727224877551,0.234585954768282,-1.12806321020322,-1.56414413222548,-1.13661694055259,-0.471263076109685,0.539691974889965,-0.779960905153549,0.212792817875288,-0.670516825361593,-0.392128337428265,0.726141552978362,0.472525472647953,-0.836359270837816,-0.510464769040182,-0.520340746215689,-0.55646527127983,-0.847602341959894,-0.967008636532558,0.034612084903219,-0.7691838460037,-1.47287494186936,-0.0874216403137854,-0.843150496958412,-0.42831796938941,-0.637697447495506,-1.08179082630443,-0.542237744500651,-0.880470177071426,-0.799102318512528,-0.532146240643393,-0.830233093234557,-0.906910514335592,-0.739156380890083,-0.81657356196896,-0.227032868032557,-0.169978628079301,-0.344633080804742,0.13480104612778,-0.562485906555017,-0.334634406316939,-1.0198525467466,0.379077200104239,-0.866793158232182,-1.00173675111003,-1.09296929342428,-0.270347835920769,-1.09481857524451,0.457716027341546,-1.11944670087533,0.285494218311596,-0.119566616696762,-0.173779311760609,-1.58902360571087,0.233935385156582,-0.843801878839811,-1.07611397695878,0.776951751324965,-1.12168916273323,0.430907303264227,-1.66826341032788,-0.712491708156226,-0.716419767112346,-0.875100810505249,1.97672761965936,0.266997982336841,0.238889419531393,-1.18965551450283,0.352357174431863,-0.353155198926842,-0.50945670482435,-0.410129961169353,-0.495145673797218,-1.01104695425614,-0.595132820055057,-0.670260715053597,-0.518372383518167
"FRAT_Vic_1 (GE) - TPM",-0.221111276401708,-0.608182185365255,0.388088028078534,-0.774638331174124,-0.0911935681486522,-0.641826547770744,-0.180077011233072,-0.261561576591944,0.26748424231129,-0.645635758532199,0.0643199750971053,0.302910275826771,0.968825048109507,0.204221610184647,0.299659992463581,-0.144167584278283,-0.0906131931897414,0.210182681428611,-0.149568542699784,-0.154012197773298,0.239859851669631,-0.561318113139675,-0.129987945034512,-0.784454091094153,-0.0213148282016009,0.0512210508086439,0.275358578673546,0.0540740030666047,-0.598280123378134,-0.207907929127436,0.14966159683521,-0.329492825387428,-1.0472675566355,-0.469400823685949,0.0477134898283045,0.307554320542562,-0.73418052301499,-0.964335896127791,-0.352021115933043,-0.219005419118852,-0.479946278149777,-0.533290702456217,-0.504680253179258,-0.0715263927438195,-0.931837549721043,-0.460211060749814,-0.348010736075982,-0.30643731716957,-0.149226602899976,-0.350309273883038,0.587803799080289,-0.0314888368151702,0.316015891224366,-0.781071674402586,-0.981470790894171,-0.153621254498111,-0.301682044323741,1.05600181815318,-0.310300975158181,-0.179098146605801,-0.812820616537384,0.791133291927842,0.971144285383157,0.346857435041422,0.0691867051000919,-0.127107242023912,-0.0659204657056525,-0.141498455415288,0.0192558161048874,-0.028010552250265,1.53574916613942,-0.109631400653941,-0.508649341136713,-0.111071412194835,-0.620129508775392,-0.385216322337927,-0.163273732172496,0.571586749515701,-0.176338353209088,0.596191613556801,-0.45535600530342,-0.278073151883218,0.388028255637929,0.195686497700047,0.0346427078364189,-0.0864125948760724,0.0222814187683506,0.269024800542904,-0.0930266699724232,0.71375466826609,0.823885338243926,-0.0759812755249512,-0.685947546432076,0.713672171996538,-0.360599794572027,0.38602800834862,-0.00349233911102668,0.431678672172678,-0.638187765945787,-0.125649897850772,-0.522480463253551,-0.357518829536506,1.24415166523936,0.663783887154882,-0.898353725861192,0.238825437084013,-0.208652038999927,-0.68839626249377,1.33468226280091,-0.649753707397553,0.106634248584706,-0.816936953099959,-0.0316950650376005,0.117493984359282,0.488606272662645,0.500332621200895,0.242966217982134,0.107308778281034,-0.250193863989221,0.37223545352935,0.122030482950972,0.276003635091643,-0.301060075088021,-0.0192211445743753,-0.613894899880812,-0.111290069880866,0.0825684083751107,0.913038248442596
"FRAT_Vic_2 (GE) - TPM",-0.398125465033657,-0.463727554324949,0.837809908416615,-0.827605903336192,1.57330344917239,-0.838909095788164,-0.339986621287969,-0.220102196199842,-0.769579245806598,-0.741073616950971,-0.065893581440786,0.057690320073323,0.864150591985507,-0.338002106399299,-0.116294976490893,-0.712652610171643,-0.336271094511173,0.16993920643693,-0.293586204505653,-0.492232100215584,-0.120252990660907,0.0248127821383165,0.107592443382564,-0.524630758924793,-0.765507266384828,0.181634289899394,0.20183472190803,0.245596789954778,-0.593183706104447,-0.939181056781265,0.318886537980127,-0.384714371972086,-0.248269122909152,-0.261354078944107,0.0965895705555467,0.231647836058486,-0.333093591182758,-0.447542204918159,-0.120871655781154,-0.746835395060879,-0.250328758632151,-0.253733881801662,-0.387710808293614,0.0767798717849325,-0.968179314279588,-0.19936118625437,-0.0914280251141767,-0.116364883315554,0.0506216927563049,-0.250252219291524,0.6820104841393,0.217311882580396,0.410141402896929,0.243940423986504,-0.767811332374353,0.439912923027416,-0.413088125735113,0.239343858954493,0.100958180973127,0.167292546822026,0.0976423899963119,0.170028948459025,0.835558266862917,1.34476933024421,-0.0583129919894717,-0.397884073929316,-0.223457772730683,0.0967049745930199,0.168464651483951,0.273138976913928,0.198519115446583,-0.331573972076933,-0.365099745255519,-0.181276872509458,-0.568283790333657,-0.544905575390022,-0.240043231070058,-0.55796160009828,-0.462525595324474,0.00867918543782609,-0.635414125233087,0.0118354972917684,-0.218696579619623,-0.429402744304466,-0.0139953171531244,0.484639867042208,-0.309191546159298,0.458086271172572,-0.184638240902668,0.0401015660480934,0.0561741201269417,-0.0252322171957257,-0.44991753810789,0.846007107460429,-0.64060063193326,-0.106252043876347,-0.107626978128162,0.819940448329945,-0.727130240630555,-0.305353902616918,-0.591137721041913,-0.201964300255339,0.0188901157835166,0.787988871329573,-0.949972628547699,0.137871109569514,-0.0708539940340261,-0.65996567361138,0.295560040547346,-0.721113340864866,-0.0657410402260406,-1.31593041614667,-0.164370867837664,-0.541140940786121,-0.840875263670808,0.492365737533337,0.300755318090966,-0.112832852097699,-0.0748670767457043,0.546143318183246,-0.0176639906214734,0.118107197031702,-0.157490699661512,0.133661916980655,-0.640543496087287,-0.0802134759851259,-0.31321963804601,0.0654514238044994
"FRAT_Vic_3 (GE) - TPM",-0.313147971192679,-0.517896951105785,0.0651137933824313,-0.79554297950324,1.14876285309327,-0.532792693353921,-0.217225309818596,-0.17499035633504,-0.482385697267142,-0.712805044560713,-0.0443945532655726,0.191484195639184,0.704858141017868,-0.196754612127759,-0.394235835336931,0.297572372532458,-0.125472294371454,0.263260594171942,-0.0314365634982076,0.289154228433689,-0.128486115280063,-0.121129934553757,-0.026192609757011,-0.64244869992866,-0.327029808688198,0.189968916316872,0.318918914966425,-0.131909676321801,-0.317641382663815,-0.64683699020254,-0.163527581867447,-0.654348026896937,-0.669576022644665,-0.387484087585066,-0.374136107504166,-0.119101986426234,-0.218516052245522,-0.649060558023464,-0.367134359568535,-0.450481779176029,-0.173448026077248,-0.36656006233774,-0.47823931678261,-0.0790946359822491,-0.884414522834003,-0.523473322140612,-0.408462080837332,-0.291782587163698,-0.0810339787747455,-0.252499203577845,0.359800727577567,-0.0672602680848234,0.399313844848011,-0.227986747561934,-0.862589292359076,-0.0117231571928075,-0.435901229398445,0.247528162410271,-0.0677967586493464,0.0544389749030708,-0.0845786551307352,0.776647844825435,0.654344127214533,0.421499370926229,-0.110731860733463,-0.00595160119795374,-0.272673176894617,-0.0920649612476088,-0.0860925680651603,-0.180895699130997,0.518332146067942,-0.594269952984164,-0.583119955538573,-0.223896075898192,-0.606997514920487,0.205736901479819,-0.256552054824994,-0.512310030374558,-0.380026000962454,0.238683479830927,-0.292512922045141,-0.146348137816138,-0.0519970102036802,-0.0980771334722797,-0.13137974201994,-0.217587874325643,-0.0609481837822987,0.325434121676453,0.000377148193597064,0.28714796815932,0.294095790562012,0.0213486038973255,-0.203740795097732,1.63817116793995,-0.902991235100996,-0.232471441401709,0.16075878876943,0.507228534394112,-0.838838056167943,0.161669393827407,-0.514259962985871,0.0290553887597535,-0.127022889525408,0.59467127326023,-0.964923467885886,0.310107962095454,-0.124841343344563,-0.842155509257422,0.762599678744166,-0.759912416479021,0.0144112018010377,-0.711037688574093,-0.898382686964727,0.0737027446061282,-0.22518498197015,0.310717466886884,0.508730521660013,0.228479404677654,-0.354541459742616,0.384341565707365,-0.258686040882197,-0.400808815434726,-0.41451229571389,0.111642722623456,-0.600385434736807,-0.0839205487792521,-0.200022360899174,0.0336401417623995
