"","lmo0278","lmo0361","lmo0362","lmo0365","lmo0366","lmo0367","lmo0484","lmo0486","lmo0541","lmo0679","lmo0847","lmo0848","lmo0971","lmo0972","lmo0981","lmo1007","lmo1131","lmo1132","lmo1211","lmo1641","lmo1691","lmo1692","lmo1734","lmo1914","lmo1936","lmo1957","lmo1958","lmo1959","lmo1960","lmo1961","lmo2002","lmo2003","lmo2004","lmo2063","lmo2104","lmo2105","lmo2104a","lmo2150","lmo2180","lmo2181","lmo2182","lmo2183","lmo2184","lmo2185","lmo2186","lmo2261","lmo2429","lmo2430","lmo2431","lmo2720","lmo2744","lmo2783","lmo2840"
"Listeria_As_1 (GE) - TPM",-0.795854981257102,1.53864974668851,1.3261140703801,0.336271925749219,1.19017817829121,1.2156861151812,0.7073257732076,1.4578294714586,0.923468350000101,-0.045951653782579,2.46490366194296,2.42473032664145,2.04192972386523,1.79638620593731,2.13558247031126,0.480591426643741,-0.24248233867003,-0.0725418286966481,0.51466133294476,1.03066767380175,1.05231220134705,2.26728304985257,-1.69062433740658,0.977517073842977,1.59388470659691,0.108141479830277,0.742318674038886,0.53456179735642,0.35674636949502,0.883083072538765,-0.673641940918595,-0.548856902990788,-0.53094398135706,1.69408645978189,-0.334431471219134,-0.5492772393301,-0.331913858015148,0.870005069969621,1.65873127812561,1.37096518995366,1.26152963335704,1.31696916954862,1.2720006150422,1.20133426073869,0.662503537479563,1.20412513713571,0.921057972050599,0.190436091367772,1.11331070665518,-0.404885213875671,0.588348534417803,-0.686118094425324,-0.347173392602313
"Listeria_As_2 (GE) - TPM",-0.7629146457088,1.69357990086008,0.831667191897054,0.445541233498277,1.18237317898733,0.759223932817755,1.1437440749466,1.52708740659445,1.00455124831415,-0.997550753521289,2.20043734486131,2.46112853520605,1.29983867730902,1.30145473455132,2.05721496925863,0.600243390648847,0.03467304176131,-0.219150601582247,-0.294328568796953,0.729374095621275,1.16640197218729,1.31111361945724,-1.41418928505309,0.34025863723259,2.45996041617219,0.0255656086679779,0.97674317518445,0.994807912820231,0.57421462050969,0.832194555622705,-0.6915041344431,-0.537891977203413,-0.445757562807812,0.177931576543799,-0.84833074371448,-0.575153378638212,-0.443518059615826,1.05312697254912,1.71476042706917,1.37548153657842,1.25358611804653,1.58394470082694,1.37742195519165,0.937477825800184,1.29778928978989,1.17030968258974,0.501956391940312,0.622445212982625,1.0928099516335,-0.593297695601015,1.70032979481087,-0.483075612016357,0.541210256670295
"Listeria_As_3 (GE) - TPM",-0.770595460964614,1.05562127773885,0.940596725201006,0.548068868315699,1.25730328840483,1.31590711587235,0.837654377367651,1.37631763019292,1.36452978194571,0.396599710810406,2.51536084314423,2.61414301188684,2.11068700288112,2.13663926492173,2.29509070016996,0.865314492148472,-0.203787819859864,-0.120018710180286,0.215819966539662,0.977339222210973,0.644969723100444,0.1603570499977,-1.7431709089532,1.02995374011889,1.97048620800738,-0.0330450086930064,0.975679919853502,0.70265682734886,1.06047749103776,1.00156006027778,-0.696594923272158,-0.53011482631086,-0.516298223753111,-0.103690846531595,-0.275264768053507,-0.491748639173557,-0.486135913365638,0.278994864274168,1.56640733456483,1.06620315418235,1.44664138207412,1.17815495751489,1.32356351952222,1.10438560955172,1.13469427672371,1.4581030202984,1.17442433491326,-0.0166788326118837,0.591593249389489,-0.53375282563463,0.85233192491922,-0.833934123186895,-0.274477217746675
"Listeria_Bs_1 (GE) - TPM",-0.189477591305511,-0.0455117787430577,-0.437309888973594,-0.0861233734217439,-0.228159888880182,-0.194413204639276,-0.580450445572191,-0.0759296800784846,-0.118550644137894,-0.550219976446101,-0.725085498752472,-0.676867656655677,-1.00178415451306,-1.14518636634421,-1.29171173909841,0.211957467761825,0.227066904331475,-0.0486816151232373,-0.590847104697798,-0.479737991298375,0.941213213912111,0.751400855690034,0.880700796370613,0.808863138056604,-1.02286135574466,0.195705989225854,0.17812614491776,-0.402344486124539,1.57250434432333,1.85863230723447,-0.66131514831056,-0.518628502777335,-0.534900147857838,-0.981499894883181,0.0801731320932669,-0.0845980012287254,0.0383540788446168,-0.12835570894164,-0.369757944521256,-0.533051361433653,-0.485035730243561,-0.520056165460855,-0.505235056684042,-0.69813666036255,-0.591011733439224,-0.00672140911530122,-0.263051638242566,-0.0982820045822661,-0.174836303270766,0.136568846644277,0.583730035785662,0.744937862961793,-0.737099109593259
"Listeria_Bs_2 (GE) - TPM",0.190049586817862,0.061950526825487,0.0329197854228787,0.15988176710531,-0.150155428831464,-0.227494152113497,-0.266168591142231,0.022469150876542,0.0835242841021745,-0.997550753521289,-0.724565057299813,-0.56054383491794,-1.00853371390048,-0.99992454537785,-1.14444736830691,0.175479880698996,0.353672489396399,-0.112055800979806,-0.102535100045511,-0.321531826954685,0.839223979911401,0.495106987012258,0.677188583952022,0.930287609339148,-0.92574520921876,0.239282659764235,0.569162694714836,-0.390456934900929,1.19539018173185,1.01795737693661,-0.648547153493517,-0.513450301726251,-0.498757308525774,0.798781782766775,0.16957488313134,0.064688974530208,-0.276986002769795,-0.154576900655874,-0.293081204610761,-0.444866105316843,-0.535675429483175,-0.367535973903723,-0.496127873569424,-0.643626585640639,-0.552115673876286,0.0224792352924334,-0.232316932286812,0.180596043588271,0.471812740783923,0.0857077227625604,0.240259708422691,0.672500173104353,-1.0829978429286
"Listeria_Bs_3 (GE) - TPM",0.281625935703317,0.644199060124562,0.64511142035041,0.400712728791465,-0.11069661099385,-0.117877240685058,-0.488047810211972,-0.143223449354975,-0.00281221477757756,0.696426209069142,-0.563771646492159,-0.420041367387324,-0.841842002125891,-0.886559465184719,-1.42308010585895,-0.241187987829297,0.19991537965696,-0.280344377205099,-0.545793370404228,-0.253270555628082,-0.0919511993583317,0.686525115888514,0.0739823648778939,0.643794885019382,-0.708042884975743,-0.0285161112113805,0.219461830664014,-0.518988762001434,1.2725955702853,0.791772831482749,-0.628089267046553,-0.557581808510849,-0.528396096392432,-0.902346544930126,0.574442812026449,-0.0670365320214559,-0.174929470053881,-0.54169650220707,-0.161986512198521,-0.26037368164397,-0.299901314848996,-0.394956050159836,-0.318601929856133,-0.516230744447865,-0.319400179870037,0.641167270601872,-0.0310946788017577,0.00280233398348872,1.23560706306338,-0.241316299810178,0.534389674869345,0.904384876147512,-0.646375016103063
"Listeria_Ctrl_1 (GE) - TPM",0.601622388036244,-0.602702583493693,0.0893353295833182,-0.433624691954828,-0.433547708943643,-0.190086235730332,-0.712088961544655,-0.279042707596319,-0.439551960159449,0.464886145041441,-0.147699649785705,-0.153073993999106,0.703345234884329,0.262659076058326,1.02781623321909,-0.583652024626953,-0.367261051512589,-0.052356322351599,0.442988360756832,-0.626549212490004,-0.105726888490142,0.0900106548440576,-0.893515550241717,0.197027172824149,0.8172398131978,-0.240581637385375,-0.300810659023015,-0.323146501815317,-0.618993148005066,-0.342847982961973,0.37600472477633,0.527127363225248,0.454726972014744,-0.168993416792197,-0.512570533148557,0.0526071352861408,0.0744356814378966,-0.638367420602517,-0.385784721867602,-0.264440076129291,-0.340179285758595,-0.231767134517361,-0.264997433137617,-0.331171825032416,-0.427457928388669,-0.261344208135366,-0.445139336645079,-0.214639969147955,-0.828937162453643,0.595106536244361,0.91446905779214,0.697684405028778,0.00594958118072746
"Listeria_Ctrl_2 (GE) - TPM",0.499560504086961,-0.565253311215289,0.721401117054748,-0.374928061555153,-0.362972044985896,-0.153171805472709,-0.665930426657488,-0.431195828235747,-0.371277514894157,-0.470194699712862,-0.156104922914953,-0.106845798090169,0.465667496313045,0.208321542764261,0.570215092952627,-0.632203661265856,-0.267167028454544,-0.0069509803098025,-0.159434847633673,-0.571983030942673,-0.0132410298982106,0.381396600205226,-0.716817937700264,0.166112468082183,0.697440480771302,-0.277938962707965,-0.259356528818377,-0.211877385263049,-0.432122097190344,-0.158066995139514,0.199573828663536,0.163477660046888,0.200946471437225,-0.652317541518354,0.0339010993554232,0.0549564247165109,0.16898974843769,0.0721137093682254,-0.190663747536996,-0.301764703319028,-0.352076419128002,-0.235562868132898,-0.158333055803937,-0.346645944970061,-0.364583219894661,-0.267089850587455,-0.49420897176748,-0.225088760703459,-0.523399192240194,0.767377682878648,0.85282648349416,0.802008949816883,0.00441099963870707
"Listeria_Ctrl_3 (GE) - TPM",0.481530438858144,-0.372029608969293,0.399881847964189,-0.172174542990034,-0.236765953243738,0.0247732974298181,-0.552355164171359,-0.103947338335476,-0.32730563279645,0.307688770501698,0.0551030079259921,0.126277525774377,0.309158526721501,0.241934746974197,0.933002117643037,-0.435483937923947,-0.104690002990954,0.28935727830543,0.685248135968421,-0.566042376606407,0.59991857235881,0.081982495798166,-0.775178432613975,0.438366928240313,0.923597768589298,0.032608168266674,-0.037599757643135,-0.194507652452502,-0.367877170548085,-0.109480614450869,0.245582669900892,0.251741820805761,0.234181338008822,-0.036069368286269,-0.0414618621849456,0.292361725064754,0.247301715622124,-0.159045236916908,-0.347474009403898,-0.147358232371846,-0.217623368562814,-0.15521437726005,0.0547055772554183,-0.180001968190254,-0.285366324266949,-0.0927211425676314,-0.169599632574724,-0.312745186093553,-0.646124306978154,0.170345922036829,0.732456374157634,0.0103743535060128,-0.185862666038327
"Listeria_Li_1 (GE) - TPM",-0.566443623341792,-0.742012265254292,-0.655250475468337,-0.469633423254737,-0.577083505763616,-0.63193080571755,-0.200749597466145,0.600627383205253,0.22386916806387,-0.314226709506642,-0.322850266031168,-0.565155150794059,-0.184830283112926,0.347889998698917,-0.167160435030573,0.548227616911925,1.24046502191613,0.923312239557282,-0.19605797395683,0.930012761592135,0.149232601571372,0.435205891996123,-0.0257150238549406,-0.0598436415121886,-0.944191594369394,0.047841966019051,0.504108134227751,-0.136336778579984,-0.12308777739867,0.0453567957183144,-0.326690425409911,-0.0725545798120307,0.080093198772099,-1.07009503312237,0.909733146932923,0.673692200263558,0.268664456967324,-0.107767525411782,-0.539375947776061,-0.415424971098759,-0.521132110535022,-0.239536784429488,-0.466858371707647,-0.465611303916716,-0.184275851208009,1.49464218841496,0.272088473867468,1.40243824059161,0.452338740885168,0.333565693662231,-0.171465748240645,-1.52644338497051,1.03052470773492
"Listeria_Li_2 (GE) - TPM",-0.57218401538384,-0.649126190311848,-0.855047983729841,-0.552768000613887,-0.729279101493109,-0.663945912698875,-0.40091119939448,0.716839062974748,0.449204205719935,-0.264179492816651,-0.557410770936357,-0.53316414831284,0.0361936572713572,0.0318453746368736,0.117478905214975,0.648019308127967,0.649398877691298,0.580015466797152,-0.239098483831348,1.00155110059682,0.669477979025805,-0.191872279617424,0.081161824470698,0.423805914666418,-1.3352846376568,-0.129705611231716,-0.164236868315552,-0.260599470539686,0.660731405812075,0.0671315664813984,-0.520135467532618,-0.256131611737163,-0.212798484994461,-0.247032819307414,1.01175209264052,0.930238676404379,0.492737263018306,1.17506515903374,-0.718415649700444,-0.672312798781251,-0.640974823439839,-0.63335967387486,-0.572561317400449,-0.523174997921286,-0.326277749459165,1.36406900761309,0.563772435453769,0.327036771513852,0.241539628929229,0.856032502741019,-0.631620342419982,-0.743907874095327,-0.673440302767524
"Listeria_Li_3 (GE) - TPM",-0.437588837140146,-0.727855948049516,-0.795984431812434,-0.618535843640018,-0.726532597394497,-0.714062660745665,0.174343374823702,0.447820450703597,0.063000390274995,-0.364699245918809,-0.597513122482744,-0.587073270528238,-0.307019045955363,-0.557708703578129,-0.382470639413647,-0.0221188665543809,1.0777786336856,0.577380463071165,-0.0164424960062486,0.931447842038554,1.50396637577727,-0.250600395924265,-0.206873778630758,-0.400562747335274,-1.27805401221454,-0.123762764786121,0.346338179463505,0.034945121394704,-0.238500399211953,0.0086766169762923,-0.28961048656303,-0.100402581954304,0.12933131157032,-0.0673906424053057,0.159111670911103,0.883826358720115,0.495053817338595,-0.192059226714958,-0.693422020622064,-0.700271313246351,-0.730730682634362,-0.571333881175009,-0.537503172662781,-0.555577507836245,-0.196701348993913,1.14460763676285,-0.158982191687729,0.687327568707253,0.385330760941333,0.413854642208597,0.581156844260039,0.848668980603068,-0.59364511816102
"Listeria_Mig_1 (GE) - TPM",-0.980482671107284,-0.852703903635853,-1.11607279427374,-0.818467043603576,-0.8997989905791,-0.899937918312617,-0.966871349231359,-1.04307499874646,-0.861067250861205,-0.997550753521289,-0.771090477220938,-0.875450725308357,-1.2227722862307,-0.0585988719252722,-0.371628326848733,-0.76423583785021,-0.885919377715211,-0.766698016867698,-0.855520865795241,-0.766851559017165,-0.579152139679557,-1.33707030351343,1.54939209217151,-1.6904192389848,-1.09967020845867,-0.975081405390318,-1.0567788913538,-0.880260055921372,-0.869121856549291,-1.19873276003889,-0.703805474909266,-0.594186899908122,-0.534032057637259,-1.07009503312237,-0.933311766786513,-0.789362377778884,-0.731846891559157,-1.24895340594042,-0.925375481133044,-1.00884073159978,-0.968033254020206,-1.02927727578317,-1.00490733187012,-0.857810383070933,-0.724077838033969,-0.874602742949264,-1.21339148814696,-0.93923972798932,-0.00464221236640891,0.727772484312814,-0.957010295620421,-1.52644338497051,-1.0829978429286
"Listeria_Mig_2 (GE) - TPM",-1.05028244892935,-0.83521378785842,-0.428927408207698,-0.809939898957566,-0.902735211690238,-0.952438514064504,-0.954589341463078,-0.938855402842834,-0.78990655510995,-0.997550753521289,-0.817906427060864,-0.945042062683401,-1.49385734830429,-0.808362380702647,-0.418630997284677,-0.97882192595018,-0.888017740499834,-0.805975311050919,-0.329060108242887,-0.766676461976651,-1.11893541305482,-0.136159631049967,1.87179397219616,-1.61892987544022,-1.46778099805437,-1.0043870304495,-1.06660501476321,-0.764364571465145,-1.05221495693752,-1.1220968887377,-0.670391050758993,-0.585732738960875,-0.508594850515299,-1.07009503312237,-0.933311766786513,-0.746119290947808,-0.731846891559157,0.452701614664682,-0.987898981636684,-1.04033894183381,-1.0194292456206,-1.04990343916653,-0.998687950105426,-0.874443027656999,-0.765572377433011,-1.03226876553059,-1.24232410310216,-1.0805976856092,-0.350001905561297,0.789014152060671,-0.926998858172359,-1.0765545155252,0.492769226243527
"Listeria_Mig_3 (GE) - TPM",-1.01328787797237,-0.830608154528761,-1.11607279427374,-0.798103932418053,-0.520397013744371,-0.955643261133846,-0.922656651156647,-0.986155193525024,-0.808042766172176,-0.0242606077176352,-0.77663368984024,-0.92680264412468,-1.41958091543583,-1.28322785666072,-0.909757807722791,-0.786905967771953,-0.840306714864457,-0.798635206836089,-0.499571373555201,-0.898875935718089,-1.41916547461849,-0.211143429161126,-0.439802660023575,-0.979370943552944,-1.63986063347711,-0.98593216695099,-0.966003835161475,-0.722110138705193,-0.93321723229019,-0.9990592166137,-0.656784518964721,-0.526753807710799,-0.558040056664723,-1.07009503312237,-0.723301014973355,-0.631469532455667,-0.705456618563876,-0.436231402927754,-0.968612209111452,-0.784022783841735,-0.945591590502769,-0.861704826730038,-0.933617275881937,-0.865051294487742,-0.73482005389605,-0.88665623238328,-1.3019120974148,-1.11384518001887,-0.449713909666711,0.0199475062156804,-1.29514097046856,0.192516467905898,0.422196280162629
"Listeria_Nd_1 (GE) - TPM",-0.0503745563697123,-0.658952790260458,-0.457671315443338,-0.741062813157481,-0.477484750614756,-0.165469576715737,0.134631497288292,-0.258964233252155,-0.852506097875348,-0.997550753521289,-0.369294479706383,0.449529779102246,-0.606071110094609,-0.978136897940743,-0.175183570499154,-0.918029369416907,-0.886197504826805,-0.785487045142025,-1.38289512171078,-0.562847659179182,-1.86733856139747,-1.72101395062802,-0.569707401097191,-1.24989378488143,-0.210238563839183,-0.931188112818041,-0.952061882113054,-0.830163451805544,-0.975266264508579,-0.568574653716459,1.56173600562536,-0.538225352307565,-0.552459223272055,-1.07009503312237,-0.933311766786513,-0.747342082092088,-0.706768224137088,-1.24895340594042,0.477654155554364,1.2229126748173,0.773069697468047,0.733944757744104,0.417777901154641,0.536630486593281,-0.458153810187769,-1.18332276078467,-0.932197337715729,-1.27701339090756,-1.59724123014384,-1.50953704761991,-1.68506353331964,-0.981934397602681,-0.924066125114334
"Listeria_Nd_2 (GE) - TPM",-0.388293067531117,-0.596998516175982,0.275127220658704,-0.694165344405186,-0.41171106715916,-0.268947248415224,0.142258857120996,-0.616266748328995,-0.803201464062044,-0.997550753521289,-0.548816068265538,0.207500530887402,-0.795410576979788,-1.21510754504385,-0.388515225366572,-0.97882192595018,-0.85850367906114,-0.777286700976946,-1.45886299690317,-0.681655074061773,-1.76036381949466,-1.81041309270974,-0.505183844403113,-1.05866778134417,-0.413757595544923,-0.899241091941075,-0.884669913460847,-0.853443722237791,-0.673053450438473,-0.635499834364292,0.83381478676165,-0.507785102973372,-0.538645423983772,-1.07009503312237,-0.933311766786513,-0.736587925378803,-0.66472478560737,-1.24895340594042,0.266678311538894,0.51887761983169,0.395463748562801,0.511338451484829,0.188796236389439,0.296853247051141,-0.522648187341667,-1.00741347354511,-1.11586086028118,-1.30849498122595,-1.6109198129382,-1.48825719273872,-1.52150206018286,-1.16210395132743,-1.0829978429286
"Listeria_Nd_3 (GE) - TPM",-0.295000434910063,-0.62949690047217,-0.289866275093886,-0.649295404560214,-0.390241287733027,-0.280364257541367,0.171579436550509,-0.284547352136682,-0.854167074460984,-0.997550753521289,-0.363715168266338,0.238061311226323,-0.719542832016955,-0.753187852427207,-0.463906609641637,-0.797641264421281,-0.874825344687236,-0.801346091647099,-1.45886299690317,-0.629642653698084,-1.74752868885743,-1.72160070826072,-0.956142661221451,-1.49338026278477,-0.105850024075728,-0.897784703349634,-0.847445256651504,-0.775747670291329,-0.815427920128117,-0.571521883373919,1.04870047781663,-0.570747357602896,-0.579091417150166,-1.07009503312237,-0.933311766786513,-0.740407434234968,-0.682018756722711,-1.24895340594042,0.0926921487382645,0.637705672549568,0.777410278118166,0.823626943593478,0.380397711509716,0.208255377835026,-0.466797069612938,-1.11479182140358,-1.09986057750479,-1.2144855975949,-1.38630698540805,-1.44305857189199,-1.64165505006894,-0.715040606727311,-1.0829978429286
"Listeria_Ns_1 (GE) - TPM",2.42062077514203,1.74035343851098,1.62105347193862,2.2524699287069,1.87435305247704,1.83710409691184,-0.176538921517909,0.0864512235206294,2.01806905644388,0.336819683809288,0.912448176120218,0.754101494999369,0.752926046923969,0.850304370996756,0.741519618097407,1.86062461485705,2.15066135058791,2.72448091708498,0.226209599574452,0.0158303047047868,0.875590888307831,0.591753620308623,-1.03787915149264,2.0302149016973,0.740051388079902,1.73012739759411,1.94537784367198,1.87337749359778,1.69086618767923,1.76311473442658,1.74025921940852,1.44805535329262,1.37610626675908,2.23335342631889,2.80968082252689,2.43190619977423,3.32040086733457,0.0741985444721185,1.14860040931886,1.33872342981776,0.892247678945004,1.1265653111731,1.27360765884694,1.89693407239914,1.95843147173977,0.907067088910886,1.57434845557101,1.77874654444216,1.44075582323481,2.85372722020076,0.923017733866049,2.00857012641803,1.23855793126454
"Listeria_Ns_2 (GE) - TPM",1.71062541212893,1.49394705984719,2.03194547033256,2.36556839501339,1.93971646214144,2.09486616537076,0.169844841848524,0.20714214310314,2.0002966201252,0.0834587620498223,0.480610001882979,0.216430899191878,0.705355464472856,0.376014815178408,0.600701503379941,1.87618133598113,2.4138847855226,2.57045079743108,0.563092728829649,-0.318939548133865,1.34436996628856,1.30518283104,-1.00823949612518,1.263971419851,0.794432645122907,1.60022975619747,1.92593851921935,2.66953219446956,1.58143191433965,1.82582504619848,2.18144870701438,1.55815918058371,0.754213281981259,2.35545732660359,2.1307949167376,3.12504485810603,3.11589189814595,1.00772262839334,0.996104947427641,1.07638752889079,1.33444050601876,1.46218458487384,1.53305539900392,2.20826249819375,2.0995285834143,0.916159534287167,1.50411552738726,1.30752781888233,1.71702226596103,1.18905663012575,0.564569342550145,2.8994446143035,2.46320688612944
"Listeria_Ns_3 (GE) - TPM",2.06535859645192,1.65013474922932,2.08392968957512,1.92506104333106,1.82610595918916,1.79115201140925,0.301439844472302,0.174588678907407,2.225918503793,1.63417413328993,0.535005172521552,0.640145948520131,0.741462422787347,0.511106127457692,0.731406573847355,1.60010572133522,1.99876264684716,2.50791513025394,0.280211365985102,-0.296038776998059,1.546826921712,1.47331053726905,-1.2545705858448,2.05530075334267,1.08131040782478,1.74284287165555,1.99522580476159,1.99651672432777,2.14460576265437,1.83010002782212,2.12221328713806,1.92341046287664,2.08313362981545,1.10955488082943,1.78982509869179,2.59133398099686,2.15490440680619,3.99521707401909,1.1360050325345,0.92573079044885,1.08205189442995,1.19286780829946,1.3068066542626,1.85610544651648,1.91129854362774,0.801756779808992,1.42209987557544,1.55490280789316,1.44062449906432,2.4780677043694,1.0035962765364,1.80108502511306,3.29529784353876
"Listeria_Oss_1 (GE) - TPM",-0.769306422679945,0.967607335691236,0.833160841052261,0.202060822530761,0.355646522792421,0.381466296267991,1.02870852333188,1.34106117846322,-0.256798039577192,0.298143250132836,-0.22553562531323,-0.290673310403068,0.879147053843557,0.609981203753339,-0.332008583573119,0.740811634343309,0.289313295329207,0.373588195498477,0.499702606113687,0.37680231558377,0.162022682025764,0.188563226806155,0.914487496487627,0.474474908945611,0.095509274229571,0.483480403474458,0.371823488177735,0.419403019283391,0.373236266736675,0.246002732291915,-0.664231164581916,-0.480672635754977,-0.470370509607821,0.982832156330244,0.184996778882264,0.263026866713693,0.220773282665916,0.790082495057882,0.611905847985136,0.245966013304398,0.261461000671432,0.160099647085585,0.0785913805271876,-0.163857145889496,-0.263808967952261,0.131104195228055,0.519710929329544,0.469332632793193,0.50417623927826,0.628777487448494,0.44263946457462,0.233839652770612,-0.415067179064217
"Listeria_Oss_2 (GE) - TPM",-0.726746268443806,0.975084789098303,-0.00904027722291597,0.239985614187018,0.283469531802651,0.53270257996635,1.39227277871371,1.11028095190893,-0.344199184728828,-0.0705589648997075,-0.156752697606597,-0.271530373220157,1.12433201931595,0.217843974599263,-0.527364930803272,0.392078505349656,0.246559598721305,0.424995067340443,0.596870114819478,0.481929995131786,0.717304380879414,-0.287218953522288,1.3807275576778,0.20491676101377,0.114325570892518,0.441407413979516,0.193072601490962,0.336052138541643,0.397578148877218,0.439998419103656,-0.628001887072263,-0.533996699168741,-0.464961168812212,0.398651940878271,0.0417894770902306,0.0459663096196614,0.298684677536023,1.07323168893873,0.23188786617305,0.143470505232348,0.270828898229068,0.227524204105637,0.131691381931345,-0.175211617684568,-0.310940289618078,-0.299574403781427,0.589260499016158,0.328698512685017,0.668955019758028,0.787517809505236,0.37339145853418,0.213071835896199,-0.903798633944421
"Listeria_Oss_3 (GE) - TPM",-0.790219226926407,0.904881299559369,0.833926568869299,0.220558487578426,0.351812118215773,0.398534927435283,1.24398138264245,1.41135719831404,-0.25744770731139,0.0867729085353835,-0.144822034498384,-0.259418513265093,0.756654043086694,0.138637475451083,-0.497043594334919,0.717402839718361,0.307899304427942,0.597214933332565,0.785466180847847,0.333901581777172,0.122249381540112,0.264761190283211,0.469883715965151,0.847933030886081,0.102068449670482,0.517491188089951,0.459354855037989,0.55394081682175,0.240407719978751,0.316479451167109,-0.64461912067614,-0.488047100086218,-0.464940349085978,0.647932155908903,0.400310978783046,0.238757536628273,0.156060015704057,0.924097339027341,0.66046318151483,0.148422339796981,0.764225127551962,0.23625410139433,0.108336531520841,-0.181490936210038,-0.301392480066625,0.149382277013362,0.388241574964986,0.507225681975864,0.4947267670444,0.622655561325132,0.384178778363209,0.580122407262696,-0.412234818870803
"Listeria_Oxs_1 (GE) - TPM",2.76818372961009,1.00390811377452,0.858304582546515,1.87374443456963,1.58803119921913,1.77490867881089,1.92435611906056,2.38290930135849,1.24236705992222,2.87293929351683,1.41025573351804,1.18825250027956,0.559689730927601,0.269651419781248,0.90418341746872,1.05636099620138,2.0320439562167,1.25488393932415,2.0258301953812,2.73618402952027,1.42537675467799,1.1248918507377,-0.495000551887994,0.687067944919602,1.07766214802163,1.28806736327831,1.77838691998172,1.77086249425241,0.779223656629542,0.888790568649466,3.06408611690818,4.15189077765203,4.40535557753096,0.109230521013584,1.2830512831021,1.09772590837074,0.955368176772099,0.242719303938379,1.57818037462722,2.21371618799164,1.724495421791,2.3142902808578,2.17356031785338,1.46624548387997,2.07932942437691,1.49874539933104,1.24207855758535,2.41246544293581,1.44802142516547,-0.50505710673638,2.3603096733004,0.313964369434575,0.758761076534094
"Listeria_Oxs_2 (GE) - TPM",1.49489163159578,0.864158016221728,0.537392945353458,1.79071945142115,1.74190720182935,1.22472491718302,1.93920236426562,0.180006602527339,1.26339726244031,2.79881407999203,1.78020269976699,1.6040490312584,1.31147814481313,2.97177029437638,1.34978619102326,2.18703660968779,0.87153987723379,0.514763734783668,3.39373579814848,2.48767714220852,0.630737061680699,0.758186641940074,-1.01454334119893,0.448796655543952,0.783970887643384,1.08612637014115,1.1916666740157,1.49469455485347,0.886662827313048,0.610005541002156,0.545083369677444,1.5585064629189,1.15255278285896,1.37351789110362,1.88254040973231,0.201178177687228,0.220315954750649,0.633270373118997,1.77442936666249,1.90647679864426,2.21112716038393,1.26244732537953,1.45862153838782,1.66715272473357,1.78629636444221,2.17686645261904,2.7155604280798,1.55962550481857,1.38513860082647,-0.25317521076842,1.01289326967067,0.149777926311308,1.85254304497241
"Listeria_Oxs_3 (GE) - TPM",0.964781055452366,1.66612072705558,1.48505666492628,1.6086310761372,1.61440005631645,1.60459859934172,3.02916735678598,1.65404690213922,1.87480309476236,1.64426368644437,1.47585856922351,0.973012030188463,1.55153236208678,0.789494064148511,1.37999779631874,1.6327239166978,0.317451228338149,0.0451400619692808,2.2776159261579,2.39115925776861,0.849708380755407,1.85638672608621,-0.726545723911601,0.789577854722505,1.1433539150876,0.925180385906958,0.959193536383069,1.31759431789265,1.18643549822751,0.923123249178895,0.13773324762403,0.768712344338454,1.11124536105769,0.269345341071467,0.662786199745399,-0.152813872968555,-0.161660386960164,-0.366560531482564,1.67567297734638,1.37829966770351,1.50406610078199,1.42938453885204,1.95698702167173,1.72655024852213,1.73124720860944,0.466409104753522,1.56165300395635,1.4116889326604,1.00887022578258,0.178875715787494,0.957977422646214,0.199901018382015,0.278858326726078
"Listeria_Sp_1 (GE) - TPM",0.158580107772953,-0.918102078586222,-1.04275751542196,-0.811058611557295,-0.92150244253544,-0.9722568617574,-0.779562747683927,-0.790154737052775,-0.862546576565482,0.866127315182705,-0.846959756777552,-0.91147472954492,-0.409957774752525,-0.433527171015627,-0.845294646616096,-0.935948671976161,-0.91039379519823,-0.88754869929472,-0.0352861272428347,-0.790139093618752,-0.483553424186513,-0.513431410127408,0.900297822405914,-0.0976347799486593,-0.608757021666118,-0.902777005289968,-0.990386674689737,-0.853005441232572,-0.97608935806803,-1.08634267438131,-0.482656299412452,-0.402839320520225,-0.461901446513056,-0.922452327105587,-0.872991763440098,-0.74967532020664,-0.701527275219241,-0.509749598004084,-1.01412118165031,-1.04225759408531,-0.999200378485609,-1.05547679952487,-0.990118984948478,-0.878806280552922,-0.772735393671471,-0.8794220900307,-0.865190577376149,-0.979642354929114,-0.883747622778908,-0.127455907426203,-0.707412211635773,0.489602419217024,-0.0742348845656094
"Listeria_Sp_2 (GE) - TPM",-0.0891100339173485,-0.890206138904945,-1.04624640110295,-0.792471682205588,-0.906926912124057,-0.9699747290129,-0.655889441904007,-1.07619445135429,-0.841817399372776,-0.376304107038764,-0.821544904618399,-0.813500316388707,-0.602952066709343,-0.856807434601226,-1.26088761842758,-0.97882192595018,-0.887518785381619,-0.871379740907079,-0.616934747752579,-0.673627709956053,-0.250676299082237,-0.549416816975201,1.28414975700201,-0.81076305601283,-0.341733248085369,-0.887978842469642,-0.854058430964328,-0.839881508495253,-0.94007666315863,-1.04133518753639,-0.536533314494934,-0.472781044069382,-0.379955893743507,-0.577936341136414,-0.531165060918172,-0.737270842595843,-0.68131252002866,-1.24895340594042,-1.00529063931628,-1.05594417715396,-1.00356573965693,-0.999503869530929,-0.985947283309051,-0.843874901493008,-0.774812427469865,-0.874986709539988,-0.852881154707094,-0.588569431675924,-0.900831792255092,-0.260469316572438,0.0178772098780595,-0.429239175960637,0.198013519437588
"Listeria_Sp_3 (GE) - TPM",0.0763102405362505,-0.912141782580398,-1.06378866685725,-0.814574117947136,-0.863498795488715,-0.928929035734052,-0.810834441576483,-1.0578968220014,-0.845990102778176,-0.532377953237166,-0.857232449488941,-0.920603916147048,-0.462683292199169,0.999604840046019,-0.978217094887044,-0.94824725299276,-0.909468834603495,-0.877279875417708,0.203135586743956,-0.801611236988485,-0.368264840048111,-1.13598442394378,0.569164856665316,-0.172307907354431,-0.57805181325387,-0.85075981942853,-0.945084807571264,-0.81223271982818,-0.940329107954084,-1.05770148766413,-0.602028587289297,-0.405140393210984,-0.367037630599407,0.0354505896253932,-0.832939550014559,-0.718268719690711,-0.731846891559157,-1.05473785183816,-1.01211622855715,-1.02691751320488,-1.01994803334047,-1.0528564854905,-0.999228621860401,-0.877457038865394,-0.767764361520231,-0.812147713963359,-0.929079757682915,-0.601048149262044,-0.853066331544637,-0.541705330248692,-0.942529737725123,0.322059948420642,0.115985776781847
"Listeria_Tm_1 (GE) - TPM",-0.791542897280124,-0.900585938603902,-1.00719025725919,-0.794769424120069,-0.910115332336783,-0.953029681033071,-0.953925509421192,-0.9810575643749,-0.865650492988179,-0.699480031847351,-0.323092934956257,-0.468769038790187,-0.976301349079859,-0.950143666588856,-0.17728331566594,-0.954332599554804,-0.89160403891388,-0.859327139013444,-0.403077950236087,-0.833690164998981,-0.812622858913127,-0.686806244944289,0.468486036128144,-0.326774640874569,-0.411876905701951,-0.93503189746656,-0.98982643398075,-0.842724084147215,-0.980249610614851,-1.06712370566153,-0.555227455014996,-0.455756220130354,-0.500782939450909,0.110580123871399,-0.796640425546448,-0.758571268332689,-0.701539249948109,-0.440039370169304,-1.00475912343084,-1.00778856276349,-0.981753278685274,-1.0204048839997,-0.968974470498017,-0.871677452805735,-0.771291787335953,-1.08071898164041,-0.721581630752241,-0.804139743573799,-0.869576844278736,-1.21905325361935,-0.991730511041904,0.217364403531318,-0.0458228799415211
"Listeria_Tm_2 (GE) - TPM",-0.762699260190234,-0.913027919633689,-1.06891281265919,-0.794765117178744,-0.910891182015604,-0.966978715742607,-0.937850964374777,-1.12976851725626,-0.863040901720429,-0.997550753521289,-0.315023036441824,-0.520334729942392,-1.13538123248566,-1.00355194727587,-0.601646696983483,-0.923665568350763,-0.877585241497874,-0.86131142038852,-0.8385403164845,-0.842137420015366,-0.924294012566158,-0.674862317475357,0.523982832103096,-0.681668107864665,-0.463276827966279,-0.908181995515639,-1.0157192820405,-0.832535405284414,-0.932267103147914,-1.05851003559343,-0.59102937505037,-0.514490749061446,-0.542979544717747,-0.239098549867948,-0.865410395985776,-0.761686135682961,-0.720470104437297,0.0649064228003792,-1.00493517117491,-1.03736618050334,-0.97379106467249,-1.02919679581114,-0.974174349654368,-0.874019711709344,-0.765812191914437,-0.983181784288116,-0.711018668676109,-0.90680391921735,-0.540288627353466,-1.26200579120401,-0.835639440932106,-0.785403672437042,-0.758554948540011
"Listeria_Tm_3 (GE) - TPM",-0.899136904222443,-0.90617043771848,-1.08837024506153,-0.80093450084883,-0.903107138834493,-0.942438117949731,-0.908266793941963,-1.13787350451877,-0.849854097090938,-0.0116704851046702,-0.308003918081583,-0.586176588509602,-1.14983864572196,-0.798668605520548,-0.443203512365744,-0.930222297869151,-0.882801876314936,-0.848994620037312,-0.517527976289442,-0.822944595309484,-0.799067406010971,-1.02425737985129,0.52065752659869,-0.326252766716782,-0.0883056641241569,-0.872957034572444,-0.968439183742222,-0.788147536314665,-1.00256185900498,-1.0968434338108,-0.65540508093457,-0.561415103097127,-0.555750381346787,-0.874838629763319,-0.800357158355941,-0.764664925550642,-0.685066507839579,-0.631527099497771,-0.978565195871283,-1.00577058283676,-0.963325138159865,-1.0254089866363,-0.955261418341105,-0.863481809030501,-0.761311072468588,-1.11136545703727,-0.69272049509987,-0.834258895865063,-0.344566184027898,-1.2693117941577,-0.665509708148837,-1.30879392457349,-0.320665463136396
"Listeria_Vic_1 (GE) - TPM",-0.315878615139384,-0.887094617868308,-0.935904115041676,-0.746514712721487,-0.848831813022565,-0.907614427727928,-0.795312763393683,-1.16280562899529,-0.790506725004103,-0.560378779448322,-0.80384215792209,-0.819804158677175,0.140449789117667,-0.05450847978887,-0.824628573159057,-0.854306855685061,-0.851599554912526,-0.827063500226819,-0.327791791316084,-0.584998015478224,-0.73709732644743,-0.810367366280181,0.488065792028367,-0.850744264148626,-0.790281310873358,3.16280001960987,-1.01873730982726,-0.809223981202668,-1.01194631354135,-1.08838016993192,-0.465386228943799,-0.330452925550482,-0.415261895886592,1.81601024264423,-0.634598943548523,-0.714263086643345,-0.625163606878449,-0.458012374430637,-0.95598416660646,-0.937575140761771,-0.927246897171142,-1.0051438008883,-0.930190968174173,-0.810900494110444,-0.714498141705254,-1.00002393649161,-0.416314269198416,-0.908005822180028,-1.23165441608379,-0.977746595054984,-1.07331820411692,-0.625655555566379,0.194055129898663
"Listeria_Vic_2 (GE) - TPM",-0.310565664094647,-0.900056572495826,-1.11607279427374,-0.78617129657996,-0.887432269369719,-0.937223585066985,-0.895998004887649,-1.24917358975189,-0.860706108281309,-0.997550753521289,-0.889641962965088,-0.923776558017711,-0.348849025130741,-0.891867610391159,-0.439364290242406,-0.97882192595018,-0.893399907141718,-0.827532762597268,-1.0931347337591,-0.586749045156672,-1.20956158664418,-1.06440423496072,1.17156081635547,-1.87730335255879,-0.315033090917073,-0.95570592687443,-1.030622784518,-0.783789046471888,-1.04523944598198,-1.10028366677167,-0.438176806656716,-0.256845524166865,-0.382296830168279,-0.129416403249822,-0.933311766786513,-0.749703840102283,-0.683552912277065,-0.505316165506444,-1.01947740859455,-0.971224637934398,-1.02539689396912,-1.03346903144051,-0.994035647926168,-0.858278775224685,-0.76694582191575,-1.00837493456511,-0.576858212305561,-0.527933315957585,-1.41215067640317,-0.959531184505589,-1.01470581726377,-0.477882657737998,-0.164833616081707
"Listeria_Vic_3 (GE) - TPM",-0.385754897376801,-0.924344815865303,-1.01643849092949,-0.809193939243917,-0.895429701888759,-0.961420785987298,-0.715511475713185,-0.950706988509801,-0.87005251518187,0.775345540792977,-0.69527648718217,-0.761240039454631,-0.802639741871997,-0.386464129964115,-0.780559906774281,-0.949689889223267,-0.887555754556991,-0.875531857917244,-0.748982847247741,-0.747337378331313,-0.9523620683115,-0.0967960062677138,1.64801682820451,-1.06372464702999,0.353359520310412,-0.786341913169075,-0.983535481166761,-0.873058107879964,-1.04546623095291,-1.04740376236095,-0.625831129564536,-0.489599358436837,-0.436932766962546,-0.718967857657354,-0.455130510560077,-0.68129088782845,-0.599651114264648,-0.138643314616246,-1.01307611386066,-0.911429019883302,-1.00203396751095,-1.04792767881813,-0.980558886679768,-0.849648874705232,-0.770546418662706,-0.770265592320891,-0.484783847721166,-0.791783192675552,-1.08462819264362,-0.0443554830640811,-0.559446573491671,-0.939348885012188,-1.0829978429286
