"","SAR_RS00310","SAR_RS00455","SAR_RS00460","SAR_RS00505","SAR_RS00535","SAR_RS00870","SAR_RS00875","SAR_RS01155","SAR_RS01160","SAR_RS01185","SAR_RS01255","SAR_RS01260","SAR_RS01265","SAR_RS14860","SAR_RS02030","SAR_RS02320","SAR_RS02525","SAR_RS02705","SAR_RS02885","SAR_RS03180","SAR_RS03185","SAR_RS03365","SAR_RS03430","SAR_RS14700","SAR_RS14975","SAR_RS03715","SAR_RS03785","SAR_RS04040","SAR_RS04620","SAR_RS04940","SAR_RS04945","SAR_RS05045","SAR_RS05690","SAR_RS05695","SAR_RS05790","SAR_RS05975","SAR_RS06110","SAR_RS06175","SAR_RS06380","SAR_RS07120","SAR_RS07570","SAR_RS07655","SAR_RS08040","SAR_RS08045","SAR_RS08100","SAR_RS08245","SAR_RS08305","SAR_RS08345","SAR_RS08585","SAR_RS08630","SAR_RS08635","SAR_RS09025","SAR_RS09030","SAR_RS09120","SAR_RS09555","SAR_RS09685","SAR_RS15250","SAR_RS09770","SAR_RS09775","SAR_RS15265","SAR_RS09905","SAR_RS10540","SAR_RS10545","SAR_RS10550","SAR_RS10600","SAR_RS11060","SAR_RS12565","SAR_RS12645","SAR_RS12690","SAR_RS12695","SAR_RS12780","SAR_RS12790","SAR_RS12805","SAR_RS12850","SAR_RS12860","SAR_RS12885","SAR_RS13060","SAR_RS13535","SAR_RS13690","SAR_RS14205","SAR_RS14210","SAR_RS14340","SAR_RS14440"
"MRSA_As_1 (GE) - TPM",0.0304027466293506,0.540133249197726,1.47918316367928,0.375367594893922,2.09768488929476,0.580931263611054,0.609682004858297,-0.933565661285855,-0.896314968614008,0.317038507052111,0.425531079745881,0.56048392678481,0.417179496126641,0.481730504513058,1.66788035826788,1.47368648506489,1.66228929597711,1.10601720217408,1.17312764397916,1.24357172322803,2.1515440680206,0.375917359202374,1.62595469430654,1.76689823745211,1.29405489332409,0.535501693294255,0.917865770579271,0.916151197477089,0.759224217327733,0.74707914021962,0.343774256583637,0.501739526197079,1.46233978735076,0.887201727049857,1.34780785263553,-0.214706854674991,1.73231279237493,1.79250936491782,1.33236732201754,0.785438602319367,0.884357456208498,0.714239646661715,1.8111735287591,2.0244661278138,1.47270702110739,0.899947946404574,0.449872075725269,1.13583100649794,1.12487456050718,-0.184653042801575,-0.284793288259783,0.673452354610476,0.658779092555291,0.0925702617517217,1.353646483723,0.843602261334042,0.155047942792543,1.15213663078678,0.906074603242661,1.52593612301774,-0.264492439243408,0.853798106339109,0.347295722056254,0.18392970067598,0.150489597914196,2.40322673439141,0.381794674190939,0.502388742119761,0.708635126900803,0.928184394619836,0.583998407355412,1.47328200571391,1.35178568824574,0.20547752946191,0.799724158047541,-1.0799919450099,1.21576532254693,1.13937048275566,0.732289030579348,1.09440742787936,0.533650219015614,-1.66718527054286,1.52666933631253
"MRSA_As_2 (GE) - TPM",0.953472872154972,1.43693912827916,2.45765750963325,1.12749053292341,2.21863890174023,0.62252752047326,0.331130140494039,-0.917609746057946,-0.895993422427538,-0.0702508384781658,0.708054779553632,0.683254952397853,0.48507510445437,2.43900880470626,1.91237479389008,0.650026702853358,1.44689545132222,1.12009198253246,1.3187743944557,2.10273947935141,1.96966451206641,0.556385913474966,0.575602653615171,2.12363919654587,0.838548577664381,0.806740075652664,1.04451277935581,1.0357673554681,2.25730674793402,1.16843650046616,0.354075766807962,0.210085799672956,2.73146404150931,1.02464801813707,1.96696162022048,1.13579268991871,1.41971144920645,1.74283090112459,1.63540085087201,0.72251899374219,1.49651684067484,1.10743839209457,1.91767789876878,1.65049421595088,1.5846585100234,0.0392597376694405,0.062968241677345,1.70436626088394,0.844832780381188,-0.335662830242538,-0.315834238181377,1.07809280690746,0.216860961914026,0.598365304796457,2.14331226989724,1.84618982832708,1.6087584827654,1.16150325063166,1.46185500709977,0.423193524219091,0.72677104125478,0.766945414437289,0.947798790707965,1.13332424337792,2.48968220346647,1.88212463288607,0.818347082959167,1.13920981701905,0.858465112630895,1.18746845583578,1.9831773125896,1.76995056696475,1.70448095426929,0.769550709455335,0.181462298800359,-1.13856311373599,0.861317054851418,1.0224131278485,1.76936906215855,1.77545074849317,-0.124586860945556,-1.64382840857429,2.27978594627895
"MRSA_As_3 (GE) - TPM",1.35112817710696,0.986848693303702,2.47781848718987,1.62432482527401,2.28721283456687,0.817268069760552,1.07947502746785,-0.919711415152821,-0.894899874136666,0.219774203420204,1.01909108275131,0.375588990378968,0.769653607822592,1.45551048010516,1.57365431175961,0.416611177963672,1.7964742000519,1.62204715656813,1.14010314615968,2.61504717423381,1.82907644500855,1.16255632146764,1.46808209111651,2.01458361056086,0.592962469380146,1.52586239597415,1.12413438973142,1.12657309081035,1.13851894838715,1.07500595236881,0.538388317616393,0.247867072594346,1.73625293994528,1.30697197535976,1.66023684127971,1.15337955580129,1.82489738702393,2.45245981635312,1.41629382188154,0.22990246940425,2.13788587604782,1.56635729899779,2.66263530216138,2.00090195364149,1.67665102026513,0.140912299811414,1.26607549192578,1.43580154138337,1.72535729598221,0.181316400945384,0.672319875570524,1.09445424850067,-0.15774743872325,0.317561301375158,2.28705732872437,0.701141699480041,1.06639252996429,1.2600320438313,1.64069434937933,2.2753638287611,0.283048209829961,1.10678881704504,1.28277463077317,-0.00115377025601826,1.59501692855798,2.8077146793928,0.912732043009849,1.66811542839725,0.426761874041047,0.859793541973784,2.53487526816233,1.40872139152642,1.79005652661613,0.611892364071154,0.451119035235735,-1.02797941648043,2.00172666740886,1.19712841059146,1.07220685155846,1.80287234675263,1.78349744580913,-1.6201537831832,2.08329685257446
"MRSA_Bs_1 (GE) - TPM",0.158932893591116,1.02247093903165,1.04171656201419,0.603052984603418,1.43878449308889,1.78856827613279,1.39746117030914,-0.877772462804048,-0.857849816642917,-0.391802400792395,1.27433408012804,0.666550060962491,0.61151030778841,-0.1021486870439,1.15312636257162,0.355108940221528,0.680011586095503,0.769317182670369,0.563097269961246,1.5487881923397,1.59034526345571,0.0885835294468303,0.837098245179768,0.997911774711826,0.791977792580956,0.611309857520968,0.32065124322936,1.12427575398454,0.173148180619542,0.623513549255737,0.785308179055733,1.30874681924784,0.594557989463867,0.649390185410172,0.677586338877502,1.56828956151677,0.519934037514386,1.30275841621413,0.797057586501092,0.661373034837102,0.946030461823477,-0.0996093566685032,1.02448196299632,0.864935542027034,0.341503853307905,1.55046268207298,-0.188474774244048,-0.11150689593804,1.21476951786292,0.815796712552705,1.11513223005037,2.46603795093067,2.47342746102413,-0.0129587070672604,0.430780614943211,1.09543700423238,0.474093689796399,1.00351856691814,0.594242892280142,1.28250983806343,-0.310708844122803,-0.108500243086536,-0.0683102569286821,0.243182466077145,-0.0201147633536326,0.87555100409544,1.72294737132353,0.108184016196767,-0.104262500912754,0.160034242727231,-0.619159445336866,0.797348589844929,2.11094652596522,0.835660806457047,1.14291036585987,-1.22243193416499,0.961781001797993,1.21918371823686,1.3040771460381,1.34755978407382,2.27064751584106,0.326022734705828,0.82933389826087
"MRSA_Bs_2 (GE) - TPM",1.92497228560956,2.0661897060291,1.50372297434733,1.2985492820131,1.52660482345147,2.4511663388632,1.45862657175129,-0.800065738176997,-0.804966650933014,-0.260571986233394,1.32979076237183,0.13752430662435,0.469888503490881,0.559596617071906,1.74088378124589,0.875368994702653,0.178592076808915,1.64834001987516,0.03887916276055,1.34063004345921,1.85835757699117,-0.236457954015265,1.56324989777069,1.18007280415174,1.1951171381379,0.318729971030842,0.928710813594874,1.14969375970361,0.587945954150146,0.46416052568667,0.72290973904391,1.6520784039874,0.626553526945151,0.954803970732734,1.07009268415457,2.382568159281,0.68371268286009,0.935075539772236,0.66263512586491,0.861698105884975,0.949281908907166,0.149384242871103,0.354999355856914,0.683496951566035,0.526448592740423,1.73556012494133,0.647941518035981,-0.161385782767967,2.28965236299724,1.46377984346801,2.18671017462808,1.97399879252169,1.31808879824612,-0.875099699780722,0.787229227455549,2.40919342503837,0.967669589583949,1.9240121267774,0.743329764905117,0.842189500675815,0.0564437831315068,0.0917805156080346,0.378953309512465,-0.15496528412036,0.794518766656107,1.07703789867054,2.21802119842498,0.339855177895611,-0.0377895659160513,-0.0192562656014308,-0.41409574463591,1.9273701937414,1.57282867767895,2.64085463832045,2.63276084966674,-1.22071387847563,0.901524501083819,1.07826639118583,1.56456723666305,1.90387443597266,1.7072107140441,1.22057336180331,1.22426452820643
"MRSA_Bs_3 (GE) - TPM",0.271536473617136,0.956074324633642,1.24467694284755,0.0277341364837116,2.13814994064746,1.74407478691588,1.4983915304764,-0.883593285966241,-0.881562364108909,-0.605835436681903,1.01374834420577,0.485105765952726,0.766397585464124,0.892017807096265,0.814177303082827,0.621843644413526,0.416532232441454,1.07785109702219,0.28327726162946,0.761725467201042,1.31516181566318,0.434214482866228,0.350990724394137,0.663634082169385,0.737338486688323,0.40451290705573,0.166021187944275,1.25638984765435,0.339286710515414,0.861772837916343,0.674349510799324,1.03114345547522,0.623833705709632,0.960657525341861,0.743496794543626,0.971765541488446,1.17571177372385,2.12952421045746,0.882230891662996,1.53812357757423,1.20948754866469,0.348883292372526,0.732119576052768,0.565837933849043,0.529732552522877,1.04220636416944,0.302995711590556,0.108391510853387,1.44470432151137,0.679005630514658,1.48162031151911,1.78933325882092,1.62332997469042,-0.779587150609621,0.299610731214448,0.705098971861957,0.779360648082463,0.614780239543487,0.279827048381362,1.21845125725839,0.0350500375085924,0.281669486173496,0.297543530133852,0.772360358094908,-0.14443383871794,1.3150950109447,1.23720545561413,0.203269840413178,0.146451594596463,0.272320880160963,-0.580311875721092,0.90164953410297,1.86566806203947,0.822365225034529,1.11023611136055,-1.11860864964642,1.36153275282031,1.36734458854326,1.44899021934639,0.94166994997671,1.57811703191492,-0.0972436493161916,1.38075854914396
"MRSA_Ctrl_1 (GE) - TPM",-0.530564616548602,-0.939704375121534,-0.68743140195509,-0.747375818954971,-0.504399169220464,-0.942911792550151,-1.16359243611578,0.530557487798791,0.47909751087284,-0.973292956892548,-0.610103436253953,-0.49973757804015,-0.221369454206261,-0.219199529495431,-0.968467616030625,-0.958507333207588,-0.743535635494504,-0.992803795524235,-1.33994909692475,-0.819354767903037,-0.70145198665125,-0.988762488703982,-1.29666541630447,-0.363383552963104,-0.643084846807417,-0.735606442610419,-0.82563651275366,-0.857031578056765,-1.17201902217929,-1.07371550301413,-0.738176160243307,-0.73113766643796,-0.937318617678774,-0.976539156081241,-1.26791241615146,-1.23669290361883,-0.892180034771438,-0.950471982841322,-1.03165594992,-0.0768944978853587,-0.944821360634299,-1.24100343690442,-0.109595420863595,-1.85603302227466,-1.52962790477953,-0.783490545151275,-0.419749470750348,-0.721148163170059,-0.241107914932053,-0.817636657870647,-0.769457291776727,-0.651719738076149,0.0913376054130252,-0.386820079018108,-1.65962874941605,-0.220616889169317,-1.32482970042797,-1.04820803118296,-1.21231232948608,-1.18289842078399,-0.839235863986519,0.236900808033628,-1.13246643704247,-0.357376848706239,-0.861523758144636,-0.874627697801341,-0.576872769513688,-0.243146477417151,-0.509327245425567,-0.845981610945026,-0.210763748346586,-0.964285073604427,-0.831365334254238,-1.10128602250177,-0.389349322092772,0.587391898328427,-0.929134410610673,-1.20090755704144,-0.675666532493817,-0.708830647513028,-0.558330350188899,1.10772293773176,-1.24593923606945
"MRSA_Ctrl_2 (GE) - TPM",-1.72553795945143,-0.943061625757123,-1.28780987057767,-1.3657474708997,-0.622892392942792,-0.876432660089085,-0.816274986509051,0.432897695788101,0.358603979629231,-0.722367806018678,-0.732298833679472,-0.487012714752117,-0.403064970471117,-1.46143700605032,-1.01115351085119,-1.22862148504728,-0.678802481475102,-1.09923421818592,-0.734047417232525,-0.905407014552487,-0.264245015689977,-0.619554897559678,-0.663390340404257,-0.333057462808569,-0.0555499718346095,-0.371940372374025,-0.892418159242783,-0.726002677091457,-0.823978851185818,-0.946294234119112,-0.774058380047945,-0.254823344565456,-0.879053063958745,-1.11244290678738,-1.33687848200452,-1.2630353012791,-0.753893469003544,-0.737014685380355,-0.258970638426946,-0.27291776977463,-1.14836494657738,-1.24859259871191,-0.648926501861266,-0.86217301378949,-1.35299373928943,-0.226800207663339,-1.11451138951902,-0.732283538231118,-1.0225606393798,-0.959626796823162,-0.672772137144728,-0.799755201987538,-0.436476453233252,-0.892151939980586,-1.12636978019016,-0.979259700429773,-0.397480140195572,-0.801529485296762,-0.95800300804318,-0.690347550146451,-1.10785435735288,-0.252459689390326,-0.605137587322716,0.268901892814583,-0.910200326044139,-0.831098442796044,-0.808124696654632,-0.811738645596077,-0.749848114696555,-0.505418766049122,-0.905787449291302,-0.337272944837794,-0.804551529879583,-1.19212912925771,-0.810236432087238,0.990710435610021,-0.587811290375349,-0.632374891414165,0.224469037647692,-0.85699594324458,-0.128304569577073,0.874257376978504,-1.03144679926309
"MRSA_Ctrl_3 (GE) - TPM",-1.36213028261657,-0.754067419717664,-0.770205584083736,-0.600563027852622,-0.538882636748208,-0.850862247081384,-0.789580664504627,-0.0472146902868915,0.210922685404561,-0.991916642109845,-0.536071664134349,-0.603901892614081,-0.548801299413177,-0.672391863114034,-0.750913009556664,-1.03881789216349,-0.615504293994404,-0.877584892020517,-0.90947378023903,-1.05892470452996,-0.746941166516106,-1.01720907048808,-0.941247539107357,-0.474501973528327,-0.130861152103935,-0.397263472543894,-0.948518079598129,-0.698825274622301,-0.654895908452642,-0.731636257109164,-0.736052925784049,-0.39713453884219,-0.859104211822602,-1.20040441618221,-1.0720395488399,-0.899894641188591,-0.868746367709511,-0.670121144465569,-0.538718819923842,-0.683209874356957,-0.610088668939755,-1.14059105681929,-0.560791773269942,-1.20921573785824,-1.34087204348934,-0.209965305353703,-1.19775919586959,-0.716330480976769,-0.731054588387098,-1.03220412884248,-0.933040178864011,-0.890498783732552,-0.44961884878543,-0.754694122672598,-0.0785898581765322,-0.0242853135579069,-0.52299262377009,-0.996469959443019,-1.28805804603834,-0.70005379186034,-0.711864038752419,-0.0725620711783595,-0.650837724928696,-0.37440232827715,-1.03393519154572,-0.592540668966089,-0.712267401846166,0.203676032910691,-0.545804035206396,-0.426149077548478,-1.32051348292054,-0.706703167969628,-1.0416677842965,-0.610147453094297,-0.796427741005575,1.0371678921928,-1.35525451433674,-0.473392915638743,0.597888987779328,-0.928633139610265,-0.5132632741008,0.736742488943508,-0.93584576576671
"MRSA_Li_1 (GE) - TPM",0.00302741819132456,-0.445262544208015,-0.628186647372669,-0.803441485875728,-0.262234494911344,-0.354651478874256,-0.135542735508069,0.146445216971179,0.170746166781054,-0.83516395178222,-0.859898330104741,-0.52188727615729,-0.44657737403312,0.599416346962639,-0.408866307354045,0.966838452558398,-0.713860701439705,-0.866718423165273,-1.37615024347249,-0.975759942788656,-0.589973213676959,-1.10692197339801,-1.3428450291878,-0.958415205740338,-1.37585452468865,-0.815007997596013,-0.906719380219452,-0.836976904497367,-0.911831706304621,0.00993569184192345,-0.587152232726147,-0.568934877440941,-0.705739791618925,-0.335225993632645,-0.942347503523923,-0.414621977212036,-0.0279068045614257,-0.466470087372971,-0.886731044678021,-0.0647031783528427,-1.35887204716127,-0.815477925108447,-0.396171820043528,-0.93735236184596,-1.20400996480103,0.31751073676721,-0.903298181857799,-0.974017033469207,-0.408016819144551,-0.879804698488432,-0.90281069247101,-0.01470066844735,0.843458159326376,-0.915718871673025,-0.270958565940483,-0.933898343363363,-0.587211113285692,0.0198071290298478,-1.33566031047248,-0.158685083481228,-0.805232310879916,0.115890390784829,-0.22998995087742,-0.314500391226291,-1.03393519154572,-1.04461892769643,-0.656716290905855,-0.267578834331759,-0.093652929050834,-0.39811614481934,-0.559330980254348,-1.17226374535709,-0.460214408863118,-0.468312780618079,-0.539714534407286,2.40268521444832,-0.580417428814714,0.0991756970384842,0.117853730435715,-0.505684251907835,-0.871644054626326,0.811711163026055,-1.11208293340513
"MRSA_Li_2 (GE) - TPM",0.204780206267328,-0.339742525420132,-0.689757001767796,0.0812213462748016,-0.179305306764793,-0.401175215941819,-0.00968074138527128,0.493155824138303,0.213912841575091,-0.599429779386979,-0.41534619596959,-0.673770120387314,0.0459753360502554,0.506254505718105,-0.113446678919537,-0.00474116400765239,-0.800020914472418,-0.67704821255399,-1.18880450216666,-0.222898525820993,-0.616231669156123,-0.261508438856396,-0.987574378339496,-1.00953536792598,-1.11604631681458,0.389022803137775,0.268431519727133,-0.603029148805379,-0.805512363936234,-0.40029625228845,-0.608893274660794,-0.388683695166497,-0.429781594137141,-0.554581259585112,-0.534574246912571,-0.242204251530906,-0.52172232496157,-0.0535227984133128,-1.25215304267765,-1.57167780614304,-0.761989818959192,-0.780368398071581,-0.850339670038265,-0.749590973649271,-1.40664075547186,-0.0941538923219225,-0.179261778034363,-0.916457492008891,-0.668651697293393,-0.45949118843324,-1.17558871679738,0.536149097579618,0.832515931130005,-0.988277478120452,-0.298798079141994,-0.685750249850842,-0.963744032191144,-0.146049260521767,-0.372593560100213,-0.712156182816609,-0.683075113995342,-0.521859718288746,-0.390414753273339,-0.606772536671278,-1.03393519154572,-1.02581899861535,-0.612662261018735,-0.537255680439351,0.305820772772119,0.263192452514856,0.258918895836037,-0.686884143390913,-0.705979645391039,-0.277266625894889,-1.1673876791278,2.16566276968423,-0.447726652201691,-0.35226081220235,0.408814940366708,-0.155820957324656,-0.0291412793454696,0.861579091727521,-1.03454768627908
"MRSA_Li_3 (GE) - TPM",0.221507243747899,-0.540240361020397,-0.307139028077201,0.149133955511312,-0.143537006418144,-0.445878666037984,-0.200921288313679,-0.0663067799220805,-0.101648685901979,-0.418500529546769,-0.090236809910692,-0.115259386459971,-0.0302730661235049,0.561853919938423,0.334639055110294,1.67691613387217,-0.137477407112941,-0.108325839144645,-0.308075815122433,-0.718042794779384,-0.257999911097684,-0.366688387671816,-0.368035867856065,-0.924934649675626,-1.259319545215,0.30319973688807,-0.269585209234513,-0.556952095439374,-1.09536499177519,0.588570932909643,-0.262055868763842,-0.195790086339945,-0.725983613637339,-0.483604750049987,-0.810154790306578,-0.594049834222368,0.129592726465386,-0.486248731424749,-0.902168940873945,0.458449054686528,-0.815622445711834,-0.679441491405374,-0.176559064631103,-0.0233111777606841,-1.29094763262394,0.668171045088741,-1.06674269391655,-0.667765700392194,-0.342138128559819,-0.373992054432587,-0.228325508750873,0.557884975641793,0.581817770650588,-0.2902380538343,-0.38239686197563,-0.264840301344759,-1.00376614382168,-0.889780072657619,-0.97198194593057,-0.244464712740479,0.0935368440972924,0.220860681506821,0.509646332710884,-0.174951668970844,-0.705421027231954,-0.301563091934607,-0.45011003379226,0.197367987034976,0.165117067302257,0.292473986367617,-1.1159670888338,-1.3663041591366,-0.180017814767451,-0.146090806682964,-0.827741847614838,1.7000486456436,-0.544787973505424,0.694675023414298,0.783787606034996,-0.484727618239098,-1.04263754794321,0.367464450616262,-0.911323414735652
"MRSA_Mig_1 (GE) - TPM",-0.888872633275481,-0.442698693259098,-0.481557680260323,-1.08300753312237,-0.605288423090274,-0.412683566144132,-0.559417666860427,-0.232643372601858,-0.182749032745646,-0.258146167140341,-1.28690588116682,-1.572182150758,-2.0084589283382,-0.0710030503901208,-0.0311560641127789,0.189263311957709,1.51816812560191,0.0756521303486076,0.121808860356248,-0.92648081798348,-0.482760976970642,-0.755780974829703,-0.341358002527735,-0.189618715703431,0.287803787660796,0.458803848369842,0.986523382429752,-0.266442751001732,-1.11481462888529,-0.730683988706873,0.649289388440377,-0.594365379423708,0.72829845950641,0.408204120989764,-0.65010578821774,-0.729830611165827,0.7705268003532,-0.0288822552472746,0.692145558840418,-0.397473424835666,0.284806021205689,0.300718419893276,0.228508191383258,1.26387133603742,0.0239812481544154,-0.575340354642476,-0.0521945815063182,-0.698365667664991,-0.698225391025795,-0.731764365432489,-0.536136461183372,-0.583409253126349,-0.94302627776166,-0.441130572611712,0.530734486109028,0.272465706532458,-0.478554640431889,-0.18633398202424,0.180572632387611,-0.135262489840657,-0.274215940285772,-1.18435160267462,-0.442986949183804,-1.07260706606254,1.5009410875316,-0.144524307157034,-0.0907492192863323,-0.419074694189346,-1.01122373863528,-0.747458043164826,0.154365967422457,0.617606404018482,0.0194241213129085,-1.19794547648818,-0.661383131149899,-0.464460746581175,0.298330838103525,0.168048112781654,-1.5404921654503,-0.751299764456134,-0.848410723074342,0.17023755438743,0.29659931028396
"MRSA_Mig_2 (GE) - TPM",-1.40806167098402,-0.55185188233223,-0.679681059331457,-1.54158481690177,-0.832959108791278,-0.705656359335364,-0.76219890655579,-0.418151920674358,-0.390773147745618,-0.697166077859689,-1.50210923094171,-1.94627273238856,-2.23127415837028,-1.0453470343905,-0.016750816009569,-0.823136873173081,1.46655838595354,-0.152316544571477,-0.860252173206401,-0.913744992696139,-1.04557438358544,-0.715705332095664,0.165433596990025,-0.29370265231012,-0.714399402127675,1.17840764588687,0.0647009824237745,-0.691696272547386,-1.06001209002983,-0.745989464231218,0.430156857287409,-0.793821682212222,0.373989702062637,0.0508182662788209,-0.640801011102429,-0.235044935118008,0.63587237701361,0.0678102530367301,1.57884724013621,-0.62447729330163,-0.261068411175806,0.334316764148686,0.691744855812237,0.527242796021712,-0.425618183913535,-1.1323197976781,-0.259301340737732,-0.933544020228655,-0.968174534149215,-1.0579291152947,-0.693348607705427,-0.828640702883077,-1.30289896630777,-0.607954600549326,0.212491648676299,-0.0556221059087946,1.19638474014269,-0.457060748565551,-0.37115749216262,-0.306760837875908,-0.606927683815254,-1.29580809762836,-0.989732871933894,-1.27031780070486,0.356169905602874,-0.365018064868928,-0.189023545259322,-0.637018878983734,-1.25064648051367,-1.22411902577418,0.229982618350078,0.901419504236024,-0.281508593963142,-1.67383980297697,-0.414425659394981,-0.198790477226615,-0.0338326026537224,0.210246225448468,-1.49299537656036,-0.990115893514345,-0.889657360357141,0.0321558034536194,-0.0542965804617917
"MRSA_Mig_3 (GE) - TPM",-1.39156242532293,-0.800524794749929,-0.567136480089763,-1.15148185323439,-0.418096295712947,-0.6432472936554,-0.702958683840678,-0.411435250377308,-0.435263062493902,-0.720661869785169,-1.7547499400873,-2.21722335087756,-2.2816536537114,-0.80215349075874,-0.0582391477713221,-0.895701515678273,1.19840770810037,-0.436258122108671,-0.954603019069667,-1.02473975162914,-1.18443964154893,-0.437281525731394,-0.672490761922531,-0.274009468887577,-0.706362843565329,-0.00763397628093251,0.326764408589474,-1.00562511250362,-1.10908908529788,-0.938607843628334,-0.0606953836896282,-0.725125750739722,0.0488115153968994,0.370986027249393,-0.368854104264381,-0.357707470631175,0.059455580136571,-0.327099169054514,0.665448471826862,-0.797186079253546,-0.300865772956162,0.709931639344713,-0.199143060899647,-0.149487967025291,-0.633542018803955,-1.00994166390383,-0.0517993570143572,-1.29196317938215,-0.256409826014111,-0.805483445442985,-1.13883660756806,-1.19296018007544,-1.92409241482834,-0.0813828903420723,1.04735562642691,1.50515426058496,0.930573327332426,-0.237834045520446,-0.178501918637581,-0.893291326512259,-1.14652745971115,-1.66538037359063,-0.793993102887852,-1.50763996339121,0.14830966399823,-0.600032196037463,0.009950922377267,-0.378569019051172,-1.25597419327549,-1.39478133140141,-0.194734381343299,0.322628802551189,-0.788933376190547,-1.44030379548001,-1.40798864780955,0.284998097175918,-0.488605786881481,0.172441957927709,-1.36449137992045,-0.697715008465488,-1.21526341242196,-0.143342251775656,-0.193075655793604
"MRSA_Nd_1 (GE) - TPM",1.33314267894029,2.0725785982503,1.2585793167414,1.78745447871679,1.00163486114081,1.59605359704969,1.88295985634611,-0.863539352759098,-0.897960462477566,1.15762153702627,2.28870136749588,1.87296209854377,1.2231539036461,0.563193781200382,1.39938107047316,1.4340252517851,0.782926711132069,1.13284837755133,0.492678300483842,0.729441177293454,1.29777788397818,2.16207530528274,0.56650521223904,1.60250816468997,1.5056990078726,1.31436346034311,2.17776554399777,1.26647242804016,1.56295986839067,2.09640010195135,2.89161809222749,2.31892841722396,1.64223847302266,2.07761004023431,1.98124043587981,0.331999806317499,1.18871411575224,0.799909817201764,1.31323133447551,0.116807835557381,1.75806934836246,2.1412713139417,0.19298368166732,1.11733537690381,0.638027352694668,1.91907153674615,0.572305806432632,1.22818018841337,1.48753489210295,2.08822330341443,1.76890968787235,1.13812715052979,1.22116616855384,0.112348126782126,1.43247253540424,0.720127805641432,2.02769371413737,0.664429199567433,1.58086367214305,1.45218185444831,1.72542173959985,1.84767399682956,1.95771724795452,1.56870896215671,1.18646937329378,0.709485786753021,2.04687862989949,1.78257409825157,3.00913266891207,2.21084438509689,1.24372677304022,0.855525779474105,1.01078681477758,1.21784181764524,0.880788381179889,-1.25913698480318,0.845106045770519,1.25688477512613,2.3406922450662,1.73209440188044,0.913489615351931,-1.3241303543537,1.15222501058384
"MRSA_Nd_2 (GE) - TPM",0.48652113698478,2.20126795897074,1.0626989156912,1.14801329619902,0.553155642845232,2.1562176716128,1.68798847541262,-0.923420621712515,-0.906311254171685,1.05515117191304,2.13158755272966,1.9142829240829,1.36754105507008,1.51990799334187,1.49924231738872,1.09529179073648,0.956127234842376,0.481211583503966,0.179382965977193,0.990248555512523,1.1534152131197,1.47436206860645,1.3408608296562,2.13967750701656,2.68775421823456,2.28800643740669,2.18057776104332,2.15549405927834,1.01024983716525,2.61477246854812,2.70630473341109,2.32519608968011,1.57034626938265,1.71995273756615,1.67123805759276,0.286647414878975,1.20721827801425,1.39157892720155,1.9410705840157,1.00558792768572,1.14838345287002,1.99553495392661,0.268958795511494,0.590394974441475,1.00938765854647,2.31424803322396,1.61911551626144,1.30006773091021,1.11791236270681,1.20655768812048,1.50915612699175,1.37161866775303,1.74969350378048,0.616259476173595,1.11464273913321,1.91269801371752,1.07543614050561,0.774379655512706,1.43364039986408,2.92425808942502,1.48109245984,1.37477617612227,2.23091080486078,1.74735038689188,0.0219085366277523,0.531723976727736,2.16008107629961,1.19273685720047,2.17980933484326,2.44420552056769,0.946000798360339,0.717470270370942,1.65112179625518,1.44144549473301,1.0187318269893,-1.06850577446677,-0.203238483201684,1.3174956872741,1.09641312855577,2.11822354747593,1.62315302931696,-1.24480172004403,1.39995547709562
"MRSA_Nd_3 (GE) - TPM",1.70781692867678,2.71533447541059,0.687826797373333,2.20713005354095,0.68134127736644,2.09914947243684,3.01812549343457,-0.873530800579664,-0.840916071719866,1.58340430298687,1.58960659787731,1.7533630653644,0.520504186226167,1.4542590215097,1.85164073897664,2.29051910544798,1.03001152556065,1.46528804244047,0.44102911450527,0.581057848743258,0.0565357178065719,0.817443454242675,1.4463410956552,1.82222640896772,2.17360572251074,1.82921494682803,2.35547559222781,2.35091804571263,1.97701890532919,2.42663813530904,2.34200301183535,2.99105563726365,2.09957789513636,2.1496932585989,1.74372346686773,2.27413870598635,1.12639661061513,1.09823732841246,1.78278348772413,3.58869552935616,1.9229579686141,2.58636205030039,1.12561960504424,0.626993012466153,0.870771228679735,1.77703313294796,1.42353902704461,1.44585886935861,1.13549194555607,0.896372534222341,0.640739972526863,0.638008934968961,1.55718366532041,1.25873305244073,0.314174342941783,1.39710912973224,1.71590620262874,1.08413745496434,2.43897961227262,1.22032165897536,1.66403421003912,0.94433960395098,2.43837959640048,1.74365472214437,1.33163718751351,1.37361585761742,2.5399066450004,2.88544732072596,1.60634099486311,2.5011166018694,1.59735592208264,1.60389042862652,1.57716597830571,1.88014879539619,0.857435664718302,-1.00656934664038,-0.549697836907851,1.39708515749985,0.91128511153189,1.40599732898952,2.48562119152128,-1.07452558447657,1.1563845364817
"MRSA_Ns_1 (GE) - TPM",-1.39088702644661,-0.888406437046128,-0.806477894717263,-1.15500096584602,-1.16322367155995,-0.839549651986044,-0.712306257058256,2.52055261711953,3.16651284827725,-1.4063208258952,-1.07037086683919,-1.60718281645443,-1.55925356285012,-1.16076853442024,-1.38262809474797,-1.20448396071883,-1.79323330531463,-1.13085441007821,-1.72648972000512,-1.42345763915136,-1.075522582618,-1.9230506775473,-0.994856057016282,-0.825439476227963,-0.838492542107394,-1.47469562219039,-1.35940259588601,-1.5555863629354,-1.23451155685822,-1.24188449555912,-1.09566527147829,-0.530411341569302,-1.06792190929079,-1.21393982843321,-0.830759140535151,-0.581049728107127,-1.85604709687098,-0.987983613498973,-1.35371404581029,-1.09257241411619,-1.6781413031215,-1.02406633726153,-1.74749295962161,-1.16012734371787,-1.1189739385641,-0.226882629345318,-1.45618907664931,-1.76632444895097,-1.21484953459606,-1.1311652828308,-0.843342132598664,-0.205644229778639,0.227702843980612,-0.631704857553491,-1.63477832220309,-1.04674796071469,-0.889504525808957,-0.716838510318138,-1.42216987542085,-1.10756405314418,-1.75365171302657,-1.66347335236148,-1.72173630209379,-1.79479361583653,-0.912233732488089,-0.747768482096984,-0.669308876365302,-1.11079518337438,-1.57920592850759,-1.28867910378633,-1.27894474272581,-1.26021505073194,-0.929993657056136,-0.291754602838438,-1.4258641147873,-0.453860393621047,-1.03929569974483,-2.00626302410867,-1.0834315314006,-1.50355590353124,-1.02205123274359,1.67267396772439,-1.25025807770782
"MRSA_Ns_2 (GE) - TPM",-1.28731790227748,-0.812713849903167,-0.609221397027143,-1.70400141552976,-0.90131418664095,-0.721501032417404,-0.635902167827009,3.21863082112927,2.8661591504311,-1.39595799356741,-1.13906449447385,-1.32036648733058,-1.42747343604607,-1.70424938754472,-1.286688426319,-1.35220049682591,-1.85325004046112,-1.06229359328414,-1.60284165146013,-1.65685305350307,-1.28581635585354,-1.86990622371257,-1.92943363150839,-0.992182667061976,-1.09916945329936,-1.8113218388748,-0.771342141081622,-1.55346236980081,-1.34660218472345,-1.16200769119354,-1.54155462683808,-0.723105045428631,-1.06622880702397,-1.39961123228237,-0.00589721341956609,-1.40882254605795,-2.1237351658797,-1.24256939832417,-1.39903103028655,-1.01156906433508,-1.65037255553327,-1.1053875236823,-1.71860411922392,-0.935259971916624,-1.32453821125852,-0.955305138985008,-1.59989743951033,-2.10527094567403,-0.979787860299048,-1.2505384359042,-1.02241206794678,-0.156023430238905,-1.05273405758283,-1.65399241359296,-1.19793601785864,-0.798811620093622,-0.861941180482439,-0.850271925776647,-1.11887778569039,-1.51128954254287,-2.22359696909156,-2.2920110044041,-1.88407771356054,-2.31053671617439,-1.03393519154572,-1.60119032254652,-0.930480237093628,-1.57249712635521,-1.42390892484227,-1.58610606156489,-1.41335071618393,-1.06299915302597,-1.02908489101365,-0.365776293391541,-1.47789307329321,-0.214123486692749,-0.985527752189917,-2.54669003419132,-1.40084831318207,-0.958077171784322,-0.381159205117055,1.72392777707702,-1.35318789046295
"MRSA_Ns_3 (GE) - TPM",-1.36953740654977,-0.851624777897367,-1.32749926153475,-1.79863195085995,-1.08089406810262,-0.781800940874617,-0.310870819077142,2.81922567315961,2.66136563125532,-1.53720152496391,-1.14130387677168,-1.34751700946391,-1.32820313881321,-1.35833397914868,-1.29192863739824,-1.59870047918148,-1.81558894814638,-1.19676845991796,-2.01614517799632,-1.43047634823319,-1.15285701292534,-1.8822243469928,-2.10976040397819,-1.02698845374387,-1.43501519083,-1.97996999219209,-0.980487193764187,-1.51501316818224,-0.882452391737929,-1.60751260156296,-1.4664319589351,-0.759203854804408,-1.21943504064884,-1.48937738341095,0.114266856161993,-1.63081053190756,-2.19903337642903,-1.37153281485434,-1.72940913958225,-1.16342623632868,-1.56252910528257,-1.2947379217814,-2.02380388877971,-1.53206500883041,-1.73016853603128,-1.26578547050077,-1.58472579615493,-2.09222317289027,-1.22237536178658,-1.17826703216357,-0.970406850125252,0.107617962016918,-0.160985004560878,-2.01185417027255,-1.30175850273183,-0.362703608971492,-0.864863857016369,-0.679543434292696,-0.879035366070629,-0.696914269238514,-2.07861933426782,-2.31182765754449,-2.0782061699431,-1.99629925228413,-0.352407582504777,-1.47028555697889,-0.768677163848919,-1.3435194861101,-1.5027274605031,-1.55172470211012,-1.12932323282808,-0.979351911126502,-0.977942439285198,-0.478232122385298,-1.87761080357352,-0.221574846237181,-1.26312525554158,-2.3708711086214,-1.16709036187785,-1.3894307343554,-0.741137490571569,1.76120664331853,-1.30050283650775
"MRSA_Oss_1 (GE) - TPM",-0.498418750894342,-0.546691577596636,0.13661335987595,-0.471363472991182,0.112199013573427,-0.781195300977138,-0.656924134695696,0.267535744360895,0.328618258755588,-0.738132875291763,-0.373103148067448,-0.111425137332909,0.371947243495684,-0.439161428917057,-0.276915337059804,-0.308358307534975,-0.21523796771124,-0.960737066453245,-0.473409601095394,0.209670437862649,0.317517965015375,-0.744487893074538,-0.508013509894743,-0.162655704680744,-0.278997239070061,-0.837922159369547,-0.0403452557928964,-0.591331320251923,-0.383725798266321,0.239608538707423,-0.141820312413484,0.464507982833745,-0.664329845716258,-0.971542072092298,-0.342383119540861,-0.832621042089884,-0.0278431371940115,-0.196816388546128,-0.254947996235514,-0.503672818640902,-0.292880065872109,-0.918200542553447,-0.130173970623129,-0.274211019715931,-0.684423674712463,-0.768713524802491,-0.334004383424666,-0.294785759907878,-0.778892674474115,-0.0862921088812343,-0.353354904451946,0.343504584120631,0.290646292694407,-0.489544279192223,0.354768485081184,-0.239088607681979,1.35508347816189,-1.00698255010476,0.00148648060630965,-0.340489859164082,0.381840466904522,0.374627584707662,0.489245656511782,0.118570702610333,-0.911337428476237,0.204051939822161,-0.44308513943922,0.0211118632361208,-0.73385007031105,-0.659800071727051,-0.567126695063649,-0.0387963374392409,-0.690765436500622,0.729332740315757,0.542951257048635,0.67247098416202,-1.26202434397749,-0.10893388052643,0.0659911438123076,-0.337181081421363,-0.0613801624664378,0.818514855614472,0.153238381438011
"MRSA_Oss_2 (GE) - TPM",0.823265525984912,-0.385742877171013,-0.97075454945875,-0.441723477604078,-0.190844823891093,-0.764286565112826,-1.09325345988297,-0.289595622908401,0.12327564610019,-1.36623932669944,-1.46741973139161,-0.0118882191356875,0.265594255559469,1.86949019739728,-0.0737942149491072,-1.22999184039377,-0.521050418080554,-0.809545583650921,-0.626294893159307,0.237589933760871,-0.574967699008245,0.202694368354524,-0.565998022495346,-0.00889718628981765,-1.26040280820334,0.285973753837183,-0.206093904890136,-1.25199903642395,0.19963834419331,0.123803060014063,0.0862659127176111,0.353148868407271,-0.919671721045331,-1.61796285218275,-0.512061877491722,-1.39205520534173,-1.12425965994638,-0.32183251043477,-0.240369549902423,-0.403381717284642,-0.000490707783807374,-0.338594053003379,-1.66564716697093,-0.77812989768898,0.202494537416199,-1.4132826247905,-1.96397255930347,-0.4202415122602,1.20653096275654,-0.0560426817263028,-0.136105154092174,1.14936914841616,-0.0058221901900011,-0.726064331516319,-0.999932781827309,-1.46346518743284,1.97709708057654,3.6219286841375,0.479490863224853,-1.09371078358564,-0.653328389800973,-0.886028041153813,-0.495415327987154,-0.348500909040806,2.0815322550406,0.0609945088553359,-0.528329594010233,0.680833647024993,-0.418083317102727,-0.745142382249127,2.40964220463546,1.58549416730692,-0.644233946599526,1.05096138419108,0.562701716623178,0.865307721106838,0.453725844002606,-0.453817726294632,-0.919253270030313,0.28188951709183,-0.835494800859044,1.23608297934474,-0.0630545169238703
"MRSA_Oss_3 (GE) - TPM",-0.588005406004714,-0.847115624833604,0.317434500637034,-0.728523850003932,0.118549244278032,-0.858710583657049,0.863021961956725,0.221088218733498,-0.0540727298604828,-0.720954360814831,-0.11478279875024,0.106673181481938,0.236893549973883,-0.393451601043565,-0.429986018125373,-0.0487771258312927,-0.323279888277447,-1.01215845991567,0.228928675925749,-0.519166769184308,0.735862479881208,-0.372848152351974,-0.583006869201087,-0.478875834359998,0.423354407115786,-0.818359579233905,0.447701395629251,-0.337653719713007,-0.758065925901506,0.24466271421528,0.00984460698939716,0.312603252629812,-0.843692401960324,-0.724707014981046,-0.753673250006189,0.173495433867867,-0.319735987654406,-0.69249814356044,-0.309680915661296,-1.57487943398965,-0.050764853075576,-0.932385488782474,-0.0655845945222533,-1.20787900418596,-0.220707428505377,0.246753550173821,-1.62216323710313,-0.224499870781414,0.529030021344252,-0.133537397404419,0.611041072448022,-0.000288000036326373,0.349200546810737,-1.59405828159398,0.251512302417756,-0.824962088464636,-0.880153302162302,-0.702684893153718,-0.708293928944633,-0.667748342605372,0.236587066762388,-0.197524803374647,-0.260764280104379,-0.55925483429265,-1.03393519154572,-0.203787278019859,-0.832569844842022,1.47433776815855,-0.410921929044939,-0.254298447861975,-0.589591821050207,0.583750996932574,-0.301124627993791,0.952628310574019,1.40445056558289,0.295534329772933,0.55609549728371,-0.00139390373284673,-0.66822713618839,-0.278137405877451,-0.951022733056834,0.779554042568666,0.145198688137476
"MRSA_Oxs_1 (GE) - TPM",0.487641392290541,-0.552713257378724,-0.492407849283224,0.192919635844198,-0.612815685392134,-0.556003963167645,-0.353701826006578,-0.316193008811602,-0.250481105954051,0.024411508740167,-0.0404984406887864,0.590011479665124,0.84186494116051,0.131023800049566,0.000959915888172485,0.531865580028703,-0.919360429809552,-0.764401926752752,0.311957358121373,-0.452286002185905,-0.651457952993757,0.654289299164132,-0.837217093147581,-0.827836762413044,-0.628393062551538,-1.38149007486859,-0.0993408720644705,-0.61001327189735,0.155308905132138,-0.1198207779631,-0.619737237309784,-0.846716687229727,-0.595092180042958,-0.475081843088445,-0.98495404147621,0.732027218905756,0.125037749672447,-1.10827672586544,-0.492025448316243,-0.041037742605568,0.0309541297077951,-0.738175887468346,-0.420107802658968,-0.730764387750366,0.609480756713853,-0.554568669484435,0.144600382771626,0.14534453042974,-0.462471334758803,1.36816748026259,0.640715381529246,-0.853293296139178,-1.08079235402989,-0.158901128212159,-0.847355796269604,-0.912498571633718,-0.941116840180173,-0.794956731307619,-1.02594545329719,-0.164684294036223,0.0638388736946637,0.313644895360825,0.338230136592007,0.000267555205556134,-0.864981021759134,-0.486849235872573,-0.337274229535212,0.489194526551966,-0.0885312719037624,-0.102204309895138,-0.569246613904665,0.0914081481220071,-0.73130787693481,-1.28957875793742,-1.0697845339456,0.215131600822329,-0.850778852490411,-0.491306637651251,-0.58913778120137,-0.464477409338776,-0.64129948737759,-0.595773326144512,-0.725596149442413
"MRSA_Oxs_2 (GE) - TPM",-0.0542463519351635,-0.531816289875247,-0.597143041812628,0.0338679751602668,-0.607329140019589,-0.606205996492708,0.108119286350604,-0.234921722845031,-0.223756108609034,-0.0674671423974115,0.228740823328131,0.495630860745983,0.705035084876845,-0.744208643714061,-0.703572713942824,0.251358890943712,-0.772662646142757,-0.585100079073344,0.915048366954747,-0.193591134824932,-0.298959953037659,0.348061414143064,-0.658773224976151,-0.733292024743509,-0.901531290750158,-1.06668515040553,-0.0946009478812169,-0.584941751062895,0.110237051115515,-0.299412485071399,-0.344295068669795,-0.736514830164609,-0.582620375590885,-0.147594626624942,-1.00164661154153,0.977275516310072,-0.406235772796748,-0.61764064165428,0.365902421399705,1.00386886264824,-0.116821367266955,-0.528237382506597,-0.331956367220675,0.0214141478413346,0.163226870115704,-0.516113538846361,0.815614016533868,0.521919400045004,-0.847047450638178,1.3661444702469,1.25079934227917,-0.990097215211717,-1.00854522663199,0.577135208598155,-0.509577346490844,-0.944710419640309,-1.14419001203991,-0.692206800904814,-0.990461619821579,0.156368476185408,-0.190256340364623,0.640217173893401,-0.00150288457902779,0.609128809514684,-1.03393519154572,-0.5334757199329,-0.432785351708689,-0.60097001187414,0.0341179456850537,-0.119219344890862,-0.325792348497272,-0.0760212438762678,-0.433927727589524,-1.27074283140068,-0.869752953430502,0.364770278317624,-0.495004834659959,-0.36854282426709,-0.398388674112006,-0.223077638661064,-0.213649184722836,-0.614833558357964,-0.810021560455699
"MRSA_Oxs_3 (GE) - TPM",1.24647432558041,-0.384980678872917,-0.32945667546122,0.244519412296293,-0.680735760904302,-0.358411368574235,0.0391891754000225,-0.112896915830042,-0.176394202326085,0.596687701468987,0.209450423784643,0.712672730920345,1.65503740204332,0.186798024230388,0.0140326355027806,-0.11844349123904,-0.797383831535252,-0.744508506398033,1.35422394812319,-0.241007121643593,-0.390923052574439,0.629164599289605,-0.2497776021075,-0.8771402711307,-0.698298058723701,-0.832029167249446,0.523084436135027,-0.56452354737996,0.198383837833613,-0.46999031664641,-0.256855977080927,-0.239968707592168,-0.444282600093574,0.422264844668048,-0.937314886323839,1.05803127707358,-0.248069021993201,-0.638182550164456,-0.384515201396818,1.26262299570033,0.160463196524733,-0.479052566530105,0.348451962099762,-1.30147577126688,2.10101379679732,-0.320968115450683,1.566566015887,0.439840814811964,-0.537448334381299,1.03034387671791,0.316305105748298,-1.27935417093807,-1.05152931245982,1.69382778292648,-1.41067767585671,-0.530792030308033,-0.415463970907294,-0.490914158680038,-0.978977119204527,-0.262684466648928,0.00365527464790963,0.756368679696605,-0.323697568622618,0.905013389300625,-0.903190204663103,-0.304288975506951,-0.170847166770415,-0.30602380714269,-0.0723754758197166,-0.360715014079796,-0.811710872545599,-0.0540434943540705,-0.532220048297178,-0.764821154052342,-0.996962952049533,0.0745339678294867,-1.588996282571,-0.488222524603045,-0.279933653914647,-0.26676766815988,-0.201683397422141,-0.379768810070602,-0.291515908789494
"MRSA_Sp_1 (GE) - TPM",0.967828719303281,-0.334943570148527,-1.19534733592497,1.26965966264781,-0.272662277174973,0.330326070348365,-0.741337025717498,-0.79807635305312,-0.727026262889078,1.99434864415588,0.101571169341448,0.373788606970058,-0.149026660107631,-0.624788993543869,-1.00060539126293,0.700902056987227,-0.852459550836576,-0.883338505695655,1.82084394850226,0.413308538671638,-0.767550731256156,1.9443700781002,0.503126410604908,-0.248566900615515,1.15665928778883,-0.350405358592849,-0.861128016652885,-0.164854470047225,-0.00730820114526332,-0.926262358463589,-0.767012577240354,-0.858009329244153,-0.416415304510766,-0.799212902623201,-0.620670497145671,-0.507277774383442,-0.551480015070367,-0.927517072712747,-0.66235365845901,0.241646650358277,-0.0323738640993771,-0.360075524451153,-0.838052935234105,-0.202982453509809,0.714773113958882,-1.3337986228438,0.977846960492199,0.679217435352541,-0.197924640960706,2.36040847708216,1.96061933931816,-1.05632783779737,0.33431400832592,0.365616705285321,-1.0356846292723,-1.46346518743284,-1.17357482600858,-0.00213035923605896,0.404270040991495,-0.612251234271008,1.80405065587662,-0.394819582301338,0.136706241600993,0.16142443046192,0.849883446105749,-0.384005952999767,-0.499399833569275,-1.32210058308437,1.08440518435772,0.0626572821853925,0.47798746462894,-0.351101301762216,-0.67755464678822,-0.326649928491331,0.979600015734844,-0.943946757420873,-1.21791021511232,-0.205260181591437,-1.03294516400052,-0.0825065482200557,0.502522280548236,-1.10483780191362,-0.597809816145259
"MRSA_Sp_2 (GE) - TPM",0.940248869021291,-0.373290884917293,-0.956803881646292,0.379186595432558,-0.587785737136149,-0.0272770983995651,-0.169222416080792,-0.592879270995224,-0.696673329611658,1.92728089982003,-0.526842266935072,-0.483278656456284,-0.462392788636305,-1.25180163913042,-1.03457762443691,-0.228546779680148,-0.736446571271591,-0.801946031895174,1.56556827541211,0.0337385942916003,-0.649307412752428,1.76342138883603,0.490915067124165,-0.46819455238048,0.324093430937034,-0.367756088280353,-1.26395797005865,0.102914360287202,0.035497396515991,-0.920604205843411,-0.922454801331982,-0.773091066126062,-0.359587339832916,-0.662161039063747,-0.519082438508281,0.0925086929311159,-0.39775247820002,-0.814583410215434,-0.712616148787435,-0.319768538221849,-0.306839456783234,-0.402945319717751,-0.914747316581982,-0.796535499437748,0.435838344892762,-1.22155077492848,1.72631976921084,0.598525486905156,-1.06167996091512,1.2376637893681,1.22549010075132,-1.21483694270969,-0.106990068927981,1.25377025492581,-0.809532853740844,-0.507149387497162,-0.325810902649444,-0.317277441075048,-0.503491217703593,0.122721892336915,0.782291802576685,-0.148679934607765,0.0593776330208469,0.630246354587357,1.11101337005667,-0.678458519205408,-0.581568006963342,-1.44220360273295,0.848057570415276,0.281590558139758,0.252255018082822,-0.595982105284291,-0.212630784805247,-0.472821519157745,0.645590088842609,-0.839383388246912,0.308332013131467,-0.410662205530926,-0.327821279107028,-0.656734107464621,0.481540299507509,-1.15954891513966,-0.483881061934599
"MRSA_Sp_3 (GE) - TPM",1.14596435237207,-0.202919297099044,-0.915048634143698,0.760990033747632,-0.73136462831585,0.188081579715246,-0.677154842736726,-0.560553760510543,-0.599350398368816,2.19767161817833,-0.112435086258444,-0.0313202094550883,-0.501647351427439,-1.54462799075092,-1.33024995557706,-1.05396350205189,-0.835258689457566,-0.584035655440311,1.24735393248608,0.268670899753276,-0.871800585306099,0.826923171807936,-0.0511549326499392,-0.288918845654061,-0.215947209161791,-0.626926268443346,-1.61966773997631,0.195351976358669,-0.191099756120506,-0.648152085840314,-0.817038998930527,-0.762542265892266,-0.297209092522059,-0.355577883079196,-0.999244138104006,0.229270043654159,-0.392796946717149,-0.54037920219941,-0.705464429051409,-0.460076382775364,-0.333259953688682,0.708402271000835,-0.29950221646789,-0.237262534228857,0.584143336012916,-1.35896887858218,1.10225078318342,0.276889022824679,-0.729881825881604,0.48308978909576,0.119888399974372,-0.896388309517663,-0.474685126855997,1.64089582258131,-0.871703985060201,-0.527308988167077,0.142108795015354,-0.265580225962076,0.69041244852594,-0.68677114984947,1.57507068410642,-0.410358872383553,0.178709364513487,-0.36477290600703,0.189541465310769,-0.199881463448214,-0.554439611434589,-1.04103263980213,0.76206142608903,0.179311338946294,-0.356549076852483,-0.819218765191188,-0.395897583412166,-0.578870708956326,0.3575121848739,-0.71872425374459,-0.501061678600444,0.159974169149395,-0.427783103921292,-0.100109919911579,-0.403440680523809,-1.19083434353671,-0.209526549775429
"MRSA_Tm_1 (GE) - TPM",0.00440727434072167,-0.319291751566355,0.195018037666613,-0.0962405351298133,-0.443881711377926,-0.352085718816922,0.091987569385227,0.165837564387816,0.155742779819943,0.369302782588588,0.701736889508778,0.950183540354614,1.02187551346793,0.460245292993777,-0.211028574064871,1.0437882788734,0.172853014449911,1.78360995861377,-0.350766076058413,-0.190913793130812,-0.0544301577856396,-0.346416141043601,0.542983605738975,-0.604964590829171,-0.370889148073249,-0.481464233420099,-0.553864303219449,0.358003171837835,-0.373156565396391,-0.335385341031787,-0.368823531295916,-0.825449244394758,-0.224306823982403,-0.404254605974986,0.402135258326625,0.558266126499163,-0.574890481387565,-0.644603013153885,-0.570916544558388,-1.17354247557651,-0.648506632639381,0.264114782092468,0.319214911901917,0.817789807752423,-0.29728943455693,-0.181268216991715,-0.185060002741564,0.435804129824132,-0.916707562327816,-0.652613513827711,-0.851075753067567,-0.730020309846127,-1.25523318887,-0.351964859545094,0.7544800927954,0.461200444733224,-0.742044485559683,-0.890584813938533,-0.601190914577455,-0.538422665969796,0.285634203650451,-0.269156591815974,-0.62150419627965,-0.467603971352811,0.466613724196659,-0.0546090029732607,-0.478289798196027,0.483159384491017,-0.414050946783847,-0.482532200692209,0.367996204310975,-0.768709681732852,0.0569388286577887,0.500067760358166,-0.488349796178471,-0.543441807502388,1.81141695850623,-0.673022519886057,-0.312695640705045,-0.604212165283105,-0.662381937238962,-0.0593578253126008,-0.38471276577156
"MRSA_Tm_2 (GE) - TPM",0.0598964473800742,-0.0930297765678819,0.00473563590649851,0.230571096455044,-0.774809235255671,-0.570125728124158,-0.795400565819804,0.174128155259971,0.197691207296982,0.430112071873477,0.36449607905649,0.923488101942629,1.36310571524907,0.198389881656435,-0.3721036659034,0.661973839670897,0.225537851743505,1.66555362216079,-0.234715060400662,-0.543050881612257,-0.342869471586486,0.11257324559832,1.62224398090848,-0.429758419019945,0.102890758548807,0.0362850323208726,-0.271141827793912,0.238182249917861,-0.758448105008368,-0.0663013056135725,-0.0896265503100687,-0.565578250308976,-0.456392641196888,0.198546443523556,0.200544248115506,-0.90681034392926,-0.425695329663655,0.0832099453272814,-0.593305433384909,-0.11734059287248,-0.964075881002184,0.910142918351376,-0.0457181579640162,0.394118879345843,-0.00509281681475734,0.395372899116269,0.489190662942366,0.650126675312031,-0.926518964023176,-0.776511488145953,-0.781846110962385,-1.03642209522781,-0.71419029552235,1.04312960994696,0.265562857132965,-0.314646971805824,-0.867642214723655,-0.467504988779026,0.648780032961456,0.0353498993103034,0.508114851924526,0.0826270945200445,-0.447973656341681,-0.110686834804467,-0.324570905959175,-0.0878310972128986,-0.600048415507768,0.0879824333444558,-0.661896814462097,-0.370628224239663,-0.566415147795708,-0.810594206478143,-0.762181676105354,0.613090997717408,0.282602753873093,0.00605334059108701,1.13160047160616,-0.673513123256874,-0.651175383574942,-0.306860453567123,-0.700705926752465,-0.0497741538732949,-0.516054668206403
"MRSA_Tm_3 (GE) - TPM",0.437416796677853,-0.176737244677528,0.147485054930726,0.213140874895542,-0.444279019207137,-0.355810069864637,-0.407127514607246,0.139803221611175,0.00310152330542362,0.725988905127441,0.103224125174922,0.982089258463258,0.612274103677772,-0.412085274298595,-0.313600313548033,-0.420116881247012,0.248532116400073,1.24687963090495,-0.0121050585090711,0.659913248634757,0.0527335067028601,-0.0620006356369434,0.76607454272331,-0.157309064364603,0.00744297363142812,0.677999179938082,0.467425016607821,0.472060621403091,0.100101299707336,0.0375487963313582,-0.18069181576539,-0.49963954585607,-0.058387547884745,0.203707742138636,0.162672590751925,0.664105665836602,-0.637249249584178,-0.027129469419468,-0.517816965151055,-0.718217046757449,-0.0239015253755226,0.0384785387140649,0.33490100988681,0.879768098012583,0.0512824634529875,0.486020729444983,0.164404215726494,0.383962729453701,1.1906039946368,-0.400419673999398,-0.65715196252431,-0.41831091663938,-0.849377612834114,2.21630689001768,0.113145233465631,-1.2169093715781,-0.294567962448543,0.508499168211408,1.11449318957355,-0.0346442201475159,0.188744509010943,0.36691109740829,0.265874232594331,0.690314702105003,0.65100868333406,-0.0274913874926351,-0.324189160999728,0.551325161706891,-0.548175223907067,-0.180678811220325,-0.379552639960491,-0.551344856754549,-0.32057056838704,0.486495011370364,0.170831453450169,0.0140638976110238,2.00918408163489,-0.0659662283745478,-0.131516698052461,-0.329592160725483,0.150462704484357,-0.361965222851253,0.264621260704219
"MRSA_Vic_1 (GE) - TPM",-0.688922502920339,-0.277362275479943,-0.0140500502636433,0.34731226143037,-0.632139536596467,-0.514208555816072,-0.599052583177143,0.440240206518036,0.25858113186105,0.661833251416195,0.376979142309242,-0.0466736266186271,0.021616509592166,-0.332162257917848,-0.668318137079755,-0.740617547899367,0.578712771712099,0.279324360037538,0.524270431903857,0.440366026523607,0.0553600170430793,0.400719729416881,0.56964351137049,-0.597245972695538,-0.0723528189241935,-0.0299968194706151,-0.691899765477497,0.402461591972351,1.55596367701963,0.390975022022203,0.0106829784805941,-0.191057859728002,-0.22284797156719,0.525885085806308,0.468162211451622,-0.600091297633164,0.7199297506265,-0.192389993869738,0.132876807244022,0.754211877591303,0.583618531890529,0.166282900638611,0.493851777449542,0.335259853981155,0.0407530020388196,0.270365892852169,0.188269043304724,1.26447874478783,-0.352923392573649,-0.732669074391931,-0.648736616707042,-0.178304471549047,-0.270823661523396,1.24355864619155,0.280242748680393,-0.210298941092053,-0.302076026748665,-0.250850652147393,0.229746285665749,0.13394992781871,0.923857183535066,1.25493690631556,0.691563566466563,1.20140314547073,-0.622202319239832,-0.28292664602857,-0.653660331168906,-0.846541844357143,0.671841163234929,0.817636086122081,0.607600404965133,-0.934025481580263,-0.396255621733593,-0.656392741844208,0.497978484685374,1.04639265180572,0.186407459253946,0.675971162845647,0.0791206103296104,-0.288738003918779,-0.531080243462266,-0.183641316668154,0.279093679023035
"MRSA_Vic_2 (GE) - TPM",-0.655817292476379,-0.456771472335422,0.0913699255289517,-0.126969543127767,-0.5524824793394,-0.45691598408923,-0.622895238674901,0.340409290289686,0.270136833721282,0.754230699885897,0.278007397759348,0.0302688355364032,0.0190394547853543,0.27817998625298,-0.0345552947636739,-1.03864537393307,0.27570480815495,-0.00698639109274263,0.209077991185849,0.00619553884234541,-0.0760758615782616,-0.198469854225686,0.470853580861717,-0.383116823153542,-0.146607784217763,0.20234727733601,-0.787760407152219,0.502968183285461,1.47746954583601,-0.161198707599792,-0.102908226625705,-0.417204474352885,-0.0410769184296456,0.112969947666631,0.828601209865508,-0.247167744357964,0.509463068066419,-0.00680729579329682,-0.250017953331562,-0.00529591072577966,0.343588639379929,-0.0100174077838311,0.180894792018237,0.527321024012231,0.423149248844295,0.138239191371261,0.0848578600649636,0.607857628554191,-0.158529510748243,-0.763477527693208,-0.73402105911668,-0.434168018372939,-0.405289447320205,0.574719820664154,0.295977663307391,-0.176881388141457,-0.265893450274611,-0.430510169914591,0.018414150331835,-0.309456297077531,0.538515980462322,0.695149690676279,0.167709626891879,0.754487862246276,-0.603537167153414,0.0357817828307441,-0.608831413944551,-0.694029768534016,0.458253737424389,0.396358996259791,0.422570796605896,-1.07523115204568,-0.237944572693185,-0.285181736095717,0.0639718468263556,0.785493119729367,-0.309138330764338,0.280188975875721,-0.120914874788027,-0.222524729239869,-0.391811162114241,-0.0139623009776397,0.141962903443362
"MRSA_Vic_3 (GE) - TPM",-0.920502536764813,-0.204531208153696,0.206578140726111,-0.285982816410094,-0.38979912647917,-0.196776808839838,-1.15084130268778,0.163170016045786,0.250494756651612,0.762522686684581,-0.371110664697384,-0.0170233224900635,-0.191693017473784,0.182443426928812,-0.192447094372973,-0.943016588267272,0.490078624685181,0.278932370519096,0.784692237234817,0.0334531764495346,-0.301195670583441,-0.0484807613651796,0.195638942369578,-0.378609187358498,-0.171727743006622,1.22019359117569,-0.856435940506149,0.318283139068502,1.04462970603208,-0.187128052277476,-0.0629701711551684,-0.338791801352727,-0.221784891238554,0.899509849403734,0.0925886386916333,-0.295066415817443,0.5207855409755,0.254668578447891,-0.151708608047097,-0.157625219212257,0.00624936275813697,0.095100793861399,0.454701600106444,0.0522151147886007,0.56542177532989,0.208082069464692,0.574372159526418,0.465649958093012,0.412082928904701,-0.377087454937866,-0.850050780912092,-0.506486160987482,-0.718664837467251,1.03930022328135,0.166482388622212,0.83529468306488,-0.224184410351006,-0.467060909108471,0.0695384177649873,-0.56224429615653,0.291986920243399,1.34889451637499,0.420311310588561,1.05486701444363,-0.584970970196605,-0.433711776798664,-0.537554705424532,-0.436673819303557,0.146984592752341,0.40582021623395,-0.162185952336698,-0.946168807853522,-0.343329381323115,0.130330704444258,0.637514162548718,1.23239035586547,0.329523715339251,0.0675084353901994,0.0669922325773998,-0.312233162850523,-0.070374970345476,0.0290813680908901,0.191291515929329
