"","SAS_RS00005","SAS_RS00040","SAS_RS00355","SAS_RS14320","SAS_RS00640","SAS_RS00655","SAS_RS00665","SAS_RS00670","SAS_RS00705","SAS_RS00770","SAS_RS00825","SAS_RS00830","SAS_RS00920","SAS_RS00925","SAS_RS01070","SAS_RS01075","SAS_RS01090","SAS_RS01130","SAS_RS01170","SAS_RS01175","SAS_RS01180","SAS_RS01200","SAS_RS01205","SAS_RS01530","SAS_RS01625","SAS_RS01630","SAS_RS01635","SAS_RS01645","SAS_RS01715","SAS_RS01735","SAS_RS01870","SAS_RS02070","SAS_RS02205","SAS_RS02220","SAS_RS02310","SAS_RS02830","SAS_RS02985","SAS_RS03045","SAS_RS03055","SAS_RS03280","SAS_RS03385","SAS_RS03415","SAS_RS03455","SAS_RS03905","SAS_RS03910","SAS_RS04025","SAS_RS04120","SAS_RS04145","SAS_RS04150","SAS_RS04285","SAS_RS04415","SAS_RS04425","SAS_RS04430","SAS_RS14545","SAS_RS05730","SAS_RS05735","SAS_RS05740","SAS_RS05915","SAS_RS05920","SAS_RS06295","SAS_RS06555","SAS_RS06565","SAS_RS06665","SAS_RS06735","SAS_RS06740","SAS_RS06910","SAS_RS07130","SAS_RS07135","SAS_RS07140","SAS_RS07180","SAS_RS07185","SAS_RS07525","SAS_RS07545","SAS_RS07555","SAS_RS07650","SAS_RS07735","SAS_RS07740","SAS_RS07745","SAS_RS07910","SAS_RS07980","SAS_RS08455","SAS_RS08605","SAS_RS08685","SAS_RS08695","SAS_RS08840","SAS_RS08845","SAS_RS08915","SAS_RS09030","SAS_RS09410","SAS_RS09480","SAS_RS10445","SAS_RS10515","SAS_RS10885","SAS_RS10910","SAS_RS10955","SAS_RS10960","SAS_RS10965","SAS_RS10970","SAS_RS11025","SAS_RS11075","SAS_RS11205","SAS_RS12015","SAS_RS12060","SAS_RS12070","SAS_RS12615","SAS_RS12635","SAS_RS12640","SAS_RS12665","SAS_RS12800","SAS_RS13050","SAS_RS13180","SAS_RS13280","SAS_RS13335","SAS_RS13710","SAS_RS14050","SAS_RS14170"
"MSSA_As_1 (GE) - TPM",-0.0510987007769345,-0.363167358635151,-0.75171171946236,-0.477447342177424,-0.919757527079889,-0.32959405530225,-0.956101861911517,0.040814020809431,-0.685045898331369,0.535379268265702,-0.956369637568271,-0.596101751874088,-0.124992297900728,1.81941218971212,-0.402433813503494,-0.359622025953308,-0.218824627374615,-0.0588979884664837,-0.569256837105955,-0.564563647108479,-0.57813813936258,0.12361500348034,-0.168146576536748,-0.435813401623373,-0.897365829355123,-1.01472376381189,-0.542009386120174,-0.638479628846736,0.168878400183057,-0.357548063630488,-0.232109515068191,0.342792389979562,0.697548525217046,-0.0711431172971848,0.66980336293323,-0.808872590959952,0.129245640347689,0.456901177869526,-0.375290530816751,0.78616675220922,0.426894811398511,-0.0680089204024392,-0.398683537910219,-0.0317805039200446,-0.486792642020853,-0.277498250745335,0.201608906700092,-0.270694880793571,-0.289089472518117,-0.804692806108696,-0.275708039765524,-0.473026767266092,-0.490514642763061,0.688083970697647,-0.383180080761379,-0.639168592811423,-0.705287603091213,0.337135460603424,0.186680990697668,-0.421727077776708,-0.575715354306028,-0.322182424905524,-0.247889288763348,-0.964088590994761,0.397807287382353,-0.122916818574307,-0.677262254952652,-0.557100304572578,-0.743941376724662,-0.769317802678011,-0.664507590316539,-0.970572328371239,-0.333043298728665,-0.947113507810876,0.338481006739287,0.151245744754699,0.141419201877934,-0.523320104930819,-0.708693326006666,-0.317206754826954,-0.500247312313567,-0.725095826621219,-0.762181294316528,-0.539334486686051,-0.486573416825455,-0.465588641001725,0.121516916177224,-0.627371627940094,-0.601286684221523,-0.143649124508037,-0.81400914383552,-0.0576377894702768,0.376912437495808,0.0606237264162373,-1.23822071560637,-1.45599512032467,-0.998385084321303,-0.776451539223239,-0.829343755198752,-0.894776656125318,0.595894915309689,0.133179749549257,0.758943552395975,0.386309725190968,-0.135454125212242,-0.644655014024753,-0.920194040070005,-0.125289688240924,-0.0817890606475226,1.79051759726955,-0.569251599687348,-0.428593296064166,-0.625121636036759,0.613343271670392,-1.03362805002029,0.246019323091735
"MSSA_As_2 (GE) - TPM",-0.0640810781798654,-0.474440918557563,-0.676037100722495,-0.422983979274239,-1.07293567855382,0.395482434807518,-0.364229395454459,-1.15011897362451,-1.09367670715457,1.15213053550507,-0.595538476233647,-0.441326023075282,0.160638232917336,0.969485106327208,-0.376970256386428,-0.314410810536835,0.124409518039427,0.351862492918958,-0.487984192355815,-0.63086413984589,-0.551086903153677,0.0379293838897441,0.36915780657349,-0.536934944634743,-0.850566098005458,-0.919597204183932,-0.791732036493995,0.324917792537108,0.530696241127363,-0.448976448583893,-0.202853235385337,0.812972254210983,0.649211187635411,0.146884202478634,0.463131334768172,-0.268595162144895,0.622510230623125,-0.0576674776935605,-0.181887138909053,0.706709437431195,-0.0276064915137598,0.174185537629893,-0.196805790885511,0.0869731643268084,-0.631596510776584,0.037318881856435,0.702367021237529,0.00758313109275151,0.241629664322254,-0.00296792181709536,0.181180020520077,-0.479307632599424,-0.426879195689785,1.3159102258086,-0.212036590226469,-0.574496312416331,-0.246118460346008,0.215841995882108,0.495985392333447,-0.321215440588618,0.17748484531772,-0.27853944327301,-0.469638555945595,-0.269427620549593,0.965856440603215,-0.206933909161491,-0.591588348739498,0.0378383950582969,-0.136859921259583,-0.482491625053575,-0.47508811191466,-0.932043790913249,0.594178893506217,-0.807281742892242,0.3789906129305,0.400120494607312,0.365439371188266,-0.736961474194551,-0.504335538383093,0.451664568255276,-0.504752864519728,-0.213827433958775,-0.490147100341426,-0.447544602690885,-0.386911869328186,-0.454463679598607,0.19042227476955,-0.760497823350745,0.80602021470017,-0.243134153010599,-0.645789824346772,-0.0290415823230805,1.28348215209382,0.662112102489074,-1.25270867675628,-0.806653809947572,-0.922961005542756,-0.692856906088924,-0.504861368452808,-0.701599565869031,0.274732355084557,-0.611598668274936,0.633381731946749,0.709110488960777,0.340472173055884,-0.687228078108882,-0.761326335846756,-0.168013716884294,0.189117665727526,1.03602494963724,-0.309943724630351,-0.452479050243354,-0.652324192185657,0.192978315773869,0.137486045207725,0.88202024020082
"MSSA_As_3 (GE) - TPM",0.0921347907902125,-0.368677228078996,-0.537663952098094,-0.742969698828437,-0.315174000500708,-1.06292356712427,-0.99152535930416,-0.162394716882893,0.383594168324247,0.47646953015984,-0.602225758770928,-0.500488867907698,0.399770452848527,0.81184044925439,-0.253863323244613,-0.387696306944408,0.166861014155534,0.0341464410002926,-0.511551875488087,-0.554596423225703,-0.582945015726857,-0.217805235463408,0.0610188019599052,0.345560965043116,-1.03337189922964,-0.642253705077433,-0.645392070196752,0.882724757322387,1.43935551762808,1.24643170376762,0.342933236874369,-0.383631560061246,1.69008383025129,0.619298988549441,-0.668260209856452,-0.243970012866725,0.273903604513051,0.763580374269164,-0.196453884040492,1.13280397323668,0.166718837908212,0.0595482944053388,0.442040592677296,0.232604632665504,0.264980768684853,-0.253055243513261,0.901984248727016,-0.310498821596432,-0.435784526454505,-0.68306725134994,-0.210425518360393,-0.539960863542342,-0.733051929894598,1.18201583754738,-0.676500756734166,-0.971221873840271,-0.658575663382715,0.676498534808716,0.646428923594199,-0.356103469764013,0.0351729677161722,-0.701307182999305,-0.548265348542066,-0.393075068980863,0.909602028790588,-0.442677626556775,0.0171930181050328,-0.184648695131936,-0.476113095309393,-0.848716637241514,-0.735038240760061,-0.950707482200664,-0.419148476993925,-0.783836970594359,-0.208106979232652,0.341158548502607,0.0745120209385702,-0.708740505319009,-0.235168463078926,0.0263622220922021,-0.460041809330636,-0.347185377111399,-0.446710094986952,-0.789325542659795,-0.33106317146377,-0.457932701213802,0.123406328465074,-0.80375444538192,-0.0455364042087662,-0.545425575442356,-0.852973519988526,-0.0981633774389363,1.13329100786071,-0.236549012735936,-1.1942351686143,-1.32085959838755,-0.844480730630227,-0.825112414912318,-0.299955444436277,-0.781766349249571,-0.0444913147346976,0.297471192614498,0.251597500764318,1.43625270805522,-0.770569756114537,-0.195554981403154,-0.83430771310611,-0.280711845571638,-0.0727892708358278,0.00340769890659559,-0.424898094738509,-0.56587701256496,-0.489464773657261,-0.235249955578483,-0.492561384866647,2.40320509825333
"MSSA_Bs_1 (GE) - TPM",-0.352149814246213,-0.476107546779625,0.27537142881456,-0.285947444167846,-0.611597473290092,-0.420539581256844,-0.229825982878864,-0.192502227317388,-0.0702239571463241,1.43251474733402,-0.864057754445548,-0.550155690219066,-0.0742238709208992,-0.236066382599927,-0.386634958904589,-0.393920464337287,-0.348381792877915,-0.236420651181934,-0.50156885532047,-0.582758057327121,-0.586624841288723,0.312708960106779,0.285869823175674,-0.433386637835221,-0.40410925376441,-0.551517658204671,-0.840359218014139,-0.064305096988723,-0.0513920530119522,-0.152582869180822,0.626445204822421,-0.0368687432474898,0.891828714840283,-0.0826525537307853,-1.04038639682539,-0.945509708453497,-0.0863460625296004,-0.582076120881642,-0.841722430236383,0.00281081627580477,-0.0735997303514092,0.429362526892494,-0.940367174058714,0.409355942782677,-0.883643662180148,-0.358563155143669,-0.140424339984461,-0.211100979302977,-0.309727844650222,-1.0140732606399,-0.149094860488509,-0.460799140983403,-0.409818782348171,0.760749134434039,0.541493101036793,0.0246139212164876,-0.422729855114485,-0.168695807041367,-0.366306073403496,-0.574272341599199,-0.193072534950063,-0.684988241234473,-0.235105198716994,-0.705650525030636,0.708962691139548,0.281248301991607,-0.438797226941793,-0.0723197708186667,-0.742632781568427,-0.731586268258831,-0.517186007124605,-0.859541384592864,-0.0919108977593512,-0.890004492296496,0.304829820249456,0.194996877199309,0.242447623510234,-0.551669908606462,-0.88972547569972,-0.336493748989471,-0.59050979658083,-0.248344208249705,-0.544577824361353,-0.492693098242636,-0.500479715555361,-0.476328815341394,-0.212253568162578,-0.753664835324143,0.279739265747757,-0.180611189373558,-0.74394596893839,0.0154864001186173,0.160393369267708,0.120252606613164,-1.11427500033665,-0.66668855026743,-0.946607440786655,-0.901780233221598,-0.962312734865599,-0.805305102492607,-0.0757293576521067,0.765417072678762,-0.0324583612429414,0.280106862460411,-0.311478590035134,0.210118251583014,-0.644453702550549,-0.150955329905069,0.0542681034878763,2.78155529238544,-0.50356563230432,-0.392277264004033,-0.696804372201498,0.878121334342032,-0.57540320233531,-0.024761614477518
"MSSA_Bs_2 (GE) - TPM",-0.00368648356476636,-0.593289361795077,-0.515261065860063,-0.5074432181665,-0.979659847054784,-0.686052191144413,-0.693101290938027,-0.319443111916109,0.00521137506525689,1.64135991150366,-0.731465529717203,-0.367634220280226,-0.319066152766745,0.0093141986919861,-0.399144992427855,-0.371851038350701,0.454785214638753,-0.0839253043761202,-0.464122697222181,-0.564649448836955,-0.625564871943695,0.326276287969679,0.877290277208344,-0.432341092028491,-0.736196330508559,-0.643131339546525,-0.970325507057376,-0.304017601252612,-0.416258967828576,-0.103488206433285,0.75513825351431,0.332492202375562,0.499543424738782,0.0837294361131036,-1.45391029615875,-0.570273201325154,-0.0371529802735606,0.0831856021589947,-0.703196355415638,0.0584577922359275,0.105205824908878,0.316577889260716,-1.03555004280925,0.449251385970581,-0.393888158885052,-0.274606841110224,0.323064677340296,-0.323787465038186,-0.0384656446186203,-0.0287008113925755,-0.191808679101032,-0.507332198341398,-0.509356360179164,0.328048586342761,0.506840073687264,-0.137053395849007,-0.368813185529078,0.344355924635483,0.0440221862799761,-0.494591785945353,0.368249341628944,-0.460400296707322,0.34251684175191,-0.678308557620016,0.867467110089333,-0.745877004795525,-0.492788081139814,-0.11094304771324,-0.306471074506411,-0.486506622176131,-0.445301015380179,-0.865986349566149,-0.00110561901765045,-0.632752803090543,0.35479104438595,0.673427566038167,0.58096446704412,-0.367552671682616,-0.746240928587442,-0.000434852878093072,-0.557914732466208,0.424345790499218,-0.324077627392352,-0.451832812243913,-0.455435296905822,-0.476055747262194,0.192447136266935,-0.712481050381345,0.821340406625642,-0.15868634374498,-0.678596231431131,0.0527946429068067,0.114655461042843,-0.106331303618202,-0.54630732367099,-0.309022190162641,-0.806932428801377,-1.1654346527481,-0.704931733384847,-0.634556977823985,-0.29067483471695,1.59929107012977,0.116989124013529,0.113126320482557,-0.543270875638323,0.0715311771426876,-0.486257284896984,-0.393777303658504,-0.00469440901379469,1.03587415420991,-0.417546895028474,-0.41052764836581,-0.687745374792805,0.881568390469923,-0.617631447424812,0.0149117902029332
"MSSA_Bs_3 (GE) - TPM",0.140740268969217,-0.524821346234465,0.188892608234261,-0.591423957843636,-0.693026472785078,-0.474011040644059,-0.903835238768917,-0.449494359804712,0.761152379265855,1.50929533150157,-0.879137786445984,-0.558881916079696,-0.101410494192041,-0.554853417143036,-0.38692470094743,-0.521621033361211,0.250563368361103,-0.311184176369091,-0.497873318042999,-0.584237848881275,-0.568991204349496,0.524679999728305,0.982902406729843,-0.627004464983023,-0.769461435400066,-0.929371970820361,-0.631103407184011,-0.380622715923985,0.229094123758977,-0.949313348075773,0.528393342270322,-0.0687246064349143,-0.408952614083859,0.257006212193892,-1.03636801514906,-0.21250483680577,0.071198552392042,0.168221564412631,-1.02866370909601,0.247025800652471,0.158520183970193,0.356149367096433,-1.07465761547787,0.103185276814143,-0.763505701929193,-0.185160857709496,0.510318715370096,-0.13703452084896,-0.397491118595618,0.0818215813205363,-0.414893747651164,-0.571304632372047,-0.68034822421505,0.99335768366268,-0.260357790608848,-0.756567522615431,-0.78009218373309,0.504736266941729,0.0649776775046606,-0.420240159809274,-0.18451294853645,-0.476090519948116,0.35046276667661,-0.527631136007711,0.37623003544926,-0.236076606926023,-0.489072678391065,-0.0861038086690219,-0.303709888407165,-0.809334060336198,-0.68385440866737,-0.795694087271867,-0.141003191230313,-0.782334469949748,0.444665103125893,0.987987277180823,1.25965267531936,-0.582295058705,-0.858641198598593,0.119123281531818,-0.510785529933963,-0.241280874139893,-0.348393674267874,-0.752599301563058,-0.502803453259825,-0.522962158183348,0.0825143872488506,-0.988505692947844,0.75202693716969,-0.492983477543367,-0.728139464029118,0.0847846998631096,-0.264052584648332,0.0385049967576125,-1.09129035390858,-0.346367968653289,-0.788261096355,-1.34891872617201,-0.0522972795012259,-0.761240048827604,-0.390547133133254,0.594314310004186,-0.151474293784668,-0.282932237367463,-0.969440803975906,-1.06483226156084,-0.894472860446523,-0.557611270628185,-0.142621056696917,0.0680367465401993,-0.424413105787227,-0.565141350497273,-0.67372343700785,1.44350482894042,-1.07378317983162,-0.104017075526571
"MSSA_Ctrl_1 (GE) - TPM",-0.985946121939669,-0.429167956551478,-0.646518437211219,-0.572430715455773,-0.663886499784584,-0.672020063168451,-0.015931824641602,-1.53012324350192,-1.00556698611374,-0.691745705930395,-0.445934336033399,-0.629333997053797,-0.435587106296789,-0.935781891098183,-0.430173645617228,-0.435387952458512,-0.0836090797620645,-0.651744524726255,-0.660337267385323,-0.542970864151433,-0.508806175017725,-1.19289476091305,-1.0836669133722,-0.228860819129355,-0.52523070911184,-0.739103433673133,-0.628879121787136,-0.579448069956671,-0.632077527170748,-0.218460566393081,-0.468680449305615,-0.702526859836064,-0.798834706313533,-0.577502267818043,-0.383635408828837,-0.196689859143271,-1.18885742799284,-0.73787419644864,-1.06791617303084,-0.158917341753985,-0.895669881637788,-0.9651717635698,0.666080204331364,-1.06288791160877,-0.524676021018603,-0.916190545963186,-0.115028422009902,-0.541747291945164,-0.41353883662809,-0.252835212504217,-0.910243226810852,-0.497837854843008,-0.516266640185363,0.206257424668048,-0.516895837786918,-0.431049425178209,-0.418116175360363,-0.884030354807625,-0.467410599601903,-0.919001193228358,-0.518206698947701,-1.12630092381619,-1.04390569480548,-0.587434375732238,-0.855026087797175,-0.272993454397014,-1.03202260137179,-1.04300473728591,-1.02209782809662,-0.733079038151802,-0.722926609042192,-0.450308066266705,-0.322012046380265,-0.60068149207602,-0.363514371118837,0.519518978471049,-0.423220724980116,0.405864492400286,-0.59624885453949,-0.902088121092338,-0.674625249283958,-0.949469292036886,-0.666968142139646,-0.513894415202085,-0.602331155821425,-0.543683684755409,-0.749293392986846,0.157151637696048,-0.434036734947751,-0.722930430843352,-0.360353563782836,-0.819903414926606,-0.838703569737842,1.13174418149693,-0.765226433677139,-0.579234579998326,-0.559907548828656,-0.309051072623469,0.931079890920056,-0.569253085587102,-0.805303845298003,-0.463259369740906,-0.391611135659182,-0.594524599627411,-0.295600539032225,-1.13839038023652,-0.705445863839855,-0.610727445999279,-0.720231310220923,-0.587058629685406,-0.678007610864366,-0.520156813683591,-0.417020246831032,-1.2266522660511,0.211531190273524,-0.452220566505389
"MSSA_Ctrl_2 (GE) - TPM",-1.31457269008848,-0.621561516161396,-0.752905434771457,-0.325844022790692,0.0834733927081734,-0.96802720800196,-0.740304286968689,-0.423845722804431,-1.67589616086113,-0.780470497114973,-0.480058595225033,-0.693750706634963,-0.75498958265252,-0.707764512836093,-0.391381693585269,-0.484983731936738,-0.610848406448286,-0.850990207915768,-0.605186486831006,-0.570193421852582,-0.496744199695241,-1.04242778873148,-1.23576557489094,-0.483606206295145,-0.72952950637284,-0.918644175361065,-0.857066560896792,0.153090891223077,-0.717546124393198,-0.606255421011155,-0.818673440002815,-1.03462648036758,-1.52963751929135,-0.807777964628258,-0.4924015121519,-0.578600977824684,-1.00181765724866,0.00867096000597116,-1.28491823695721,-0.663204352610515,-1.31745762583332,-1.19350767838218,-0.038404929624034,-0.833286216241228,-0.774016321436558,-0.673457811920881,-0.774033120093205,-0.448354252289507,-0.0151390523032067,-0.217374951559929,-0.844015592259959,-0.498515711614769,-0.489931318950076,-1.14613362551356,-0.847635172929723,-0.526110131471039,-0.364557751498633,-0.689108445827515,-0.606735764811786,-0.713453937198035,-0.916106339885934,-0.376551723205144,0.458705744760466,0.0173200633783163,-0.981043933452532,-1.09089442856684,-0.287718805226756,-0.922583831645049,-0.7751376465384,-0.808301424043044,-0.757527856836076,-0.438912226751518,-0.213123645544328,-0.787881226462607,-0.840910980543399,0.565652570486128,-0.641662425171168,0.686077018785791,-0.588047466214573,-0.614754164727865,-0.888875485786839,-0.670632997352028,-0.828083866948285,-0.576529483461595,-0.579799075538738,-0.572383158023138,-1.2414569431668,-0.0645458349995669,-0.662472807672353,-0.500090612897582,-0.480160802443286,-0.798925079648581,-0.610430344789327,2.54004841365623,-0.695208992910688,-0.8539078257051,-0.633852408386308,-0.625441886516936,0.400339786975023,-0.687875497336271,-0.678131407368421,-0.313490550490447,-0.423559020147316,-0.552944180143476,-0.910250228368626,-1.01768349893945,-0.834026740220124,-0.71913092791766,-0.802367917778164,-0.612406180395814,-0.728602258527683,-0.512598607107717,-0.172828573815137,-0.504233288369017,0.472577952497129,0.206844363170296
"MSSA_Ctrl_3 (GE) - TPM",-1.08352631156629,-0.5558052291545,-0.292972062853738,-0.468277183214927,-0.124714357241367,-0.721100214981989,-0.549043413900715,-1.07934182448176,-1.70963449824629,-0.578919293407949,-0.550010518442975,-0.648593633193308,-0.957061645319959,-0.589133961401195,-0.42124601681303,-0.365737616699045,-0.400115799120408,-0.865977061106431,-0.57175872637602,-0.524401452887201,-0.498137991908147,-0.991828521308102,-1.13993323872053,-0.894883785999071,-0.867277769395996,-0.713912898328916,-1.02504250697331,0.25200580746299,-0.437445436219219,0.572804837424015,-0.693163687622539,-0.911109221449205,-0.980535381508976,-0.778200022854849,-1.19511836652145,-0.80992878543897,-0.828314588955664,-0.327710513429418,-1.26193353106404,-0.0914287995476284,-1.13682933070427,-1.14311311475166,-0.0725213716852419,-0.868191191599792,-0.850147397000381,-0.609066569323786,-0.523422875345702,-0.400350476415128,-0.138466076802943,0.131558444992427,-0.858810352410122,-0.464539677296378,-0.481721588484178,-0.484122363098636,-0.642744846959049,-0.427655644638182,-0.318168541117739,-0.784209879114811,-0.613093352765179,-0.827017188205776,-0.583530336062249,-0.390742745287507,-0.572966406283929,-0.181905743960512,-1.24867804630184,-0.79128268587572,-1.11676187932578,-0.812015597427377,-0.991206819379986,-0.722591047850869,-0.719949641738951,-0.51055969999447,-0.668803296033831,-0.677096719409827,-0.326309323720033,0.307984240767273,-0.521083994353835,0.66141664459665,-0.520362353091216,-0.890353121426538,-0.716513054075167,-0.929590788947392,-0.723789253591221,-0.598192925579691,-0.580310987367188,-0.545832172977013,-0.712020318413182,0.350381009978437,-1.11466509136115,-0.664579914779163,-0.449846472412329,-0.874149366728459,-0.673918994042376,2.13174002374994,-0.599537615395411,-0.670314846725408,-0.497096207094033,-0.335055927691732,0.381974064440999,-0.592043710950521,-0.616957252645642,0.244280329689314,-0.921048403396686,-0.867250994813412,-0.213003518074614,-1.10150702164864,-0.875208371713058,-0.731157373145093,-0.716283059923742,-0.535541108158544,-0.737920788846793,-0.507337684773795,0.0283987734199959,0.28806574403006,0.307623911054828,0.827144574011656
"MSSA_Li_1 (GE) - TPM",-0.45663311295193,-0.630052619567166,-0.927275417362811,-0.334399190899577,0.542745765412541,-0.616703932795058,-0.940336355659602,-1.13408096271621,-1.35240448754946,0.342069357628793,-0.590190458060943,-0.629797190126392,0.666632661223123,0.849859153691049,-0.369473759614744,-0.226409456718167,0.710031629608776,-0.648751214570084,-0.259475758100126,-0.29664502982638,-0.403004147759076,-0.422325996343499,-0.292369349214989,-0.490413838039568,-0.0238301537818796,-0.135485986611511,-0.645848104810264,0.332456893215159,-0.49860230379767,-0.358529551631296,-0.586329429373505,-0.52632974565656,0.591868653696345,-0.731669422383525,1.59291273491134,-0.449549524930343,-0.488041592773087,-0.502478473691225,0.0745293345763909,-0.237644321105292,-0.624754139668705,-0.733627348882913,-0.0773879182853512,-0.156043440227527,0.410059432298153,-0.3020802804707,-0.463402390797815,0.740508649814623,0.937534075877517,1.44077887499709,-0.623655022614075,-0.519334957882266,-0.195268808797198,-0.590566241218083,-0.807538007877477,-0.722811654342092,-0.777111150408998,-0.795397270317293,-0.707081344032514,0.22228785394707,-1.3729367874065,-0.300447305595773,-0.239584599877374,0.22518368150107,-0.195124597438791,-0.457167494466331,-0.40476113748684,-0.472423418332285,-0.214950532027388,-0.486012018030364,-0.483367066885101,-0.355005539796121,1.21263196674715,-0.47203988873313,-0.148646264588708,-0.639802652231912,-0.242271554803465,0.588262875105801,-0.545435049316643,-0.361899422578104,-0.821441121013326,0.0993215074878769,-0.0567704478544979,-0.280950558051248,-0.482691674187134,-0.563918916976826,-0.718253097437495,0.547802291553084,0.108712093849085,-0.518651900573408,-0.463866018605117,-0.600913199597084,-0.510408648794699,0.460303006435404,0.735036526468976,0.850016965556203,0.845364424277778,1.08146284354142,1.40543277402645,-0.388920118711785,-0.5058302861804,-1.03527892752811,-0.898004729369663,-0.375354635694604,0.394540436943485,-0.190329189661981,-0.30914159376355,-0.71104529603024,-0.511257598188026,-0.838667184664577,-0.611072763069897,-0.451962926186315,-0.172892373579698,-0.205099198073908,-0.150721439660059,1.00817485549045
"MSSA_Li_2 (GE) - TPM",-0.142206984497285,-0.655360380583941,-0.273277977201774,-0.409972786655663,0.0432848332322675,0.331835414654587,-0.239693689799128,-0.246241088299335,1.34934614646059,-0.226910139029535,-0.449404633453862,-0.562386555524159,0.653159273898718,0.357891241617832,-0.402344600302651,-0.333279291682196,0.921901218815686,-0.748771712085648,-0.429159241652705,-0.468658809842526,-0.352911716378565,-0.783048660797949,0.0505518851501648,-0.271506145315122,-0.122442829382688,-0.433653026206823,0.268963761749057,0.26887447958022,-0.425999390518158,1.13879998510786,-0.252648161843008,-0.304883069167503,-0.669631536218238,-0.559791839961689,1.68369269268192,-0.29217434919317,-0.213265234776462,-0.343030306324008,-0.580117001633901,-0.820089595604598,-0.776818483236282,-0.528455568080139,-0.381822371637331,-0.394745022914125,0.454042822254261,-0.345021858042561,0.905778566458508,-0.112799825750483,-0.0768615113145195,0.861863164759598,-0.88673474763075,-0.51357716464953,-0.410150715088637,-0.583451899826608,-0.600800067559753,-0.650301529038636,-0.463253378406784,-1.01059224635185,-0.823837674053021,-0.111058422986336,0.0956687323248694,-0.663559185741677,-0.207284370310157,0.33277546028602,-0.321061790355113,0.0092995991655878,-0.395578130868357,-0.204612725182255,-0.250510395434642,-0.503386886801917,-0.416775127066396,-0.528699695768096,1.35275781061841,-0.620686803638053,-0.849370548017626,0.135939794124276,-0.105576444811923,-0.229908908553258,-0.129455388779533,-0.269165112114202,-0.374980685178872,-0.218446036984054,-0.152095238173311,-0.295686902724003,-0.585790830146246,-0.550968812779561,-1.02054773854911,1.0183652294758,0.851658987385502,-0.578499498809764,-0.245305766230758,-0.713573635474948,-0.748288027644306,-0.727441875586997,0.564026311554644,1.2390161664757,0.753523773080876,0.374557736022621,2.33198070308634,-0.187015192687904,-0.538400812532461,0.238544434696706,-0.773221138409958,-0.241403501515233,1.26487233365785,0.0920684329973881,-0.46076102514763,-0.611735947598024,-0.782748334620234,-0.831406650616373,-0.63078460425576,-0.522371260395513,-0.326626157943779,0.315790957312172,0.625940522251958,-1.18287705908438
"MSSA_Li_3 (GE) - TPM",-0.184511793147515,-0.366969107664225,-1.18922396771738,-0.555052440166906,0.644533154134937,-0.471592463404604,-0.0286199646999032,0.447842600591973,-0.706047779694595,0.107135617273717,-0.110588682688678,-0.506253201519296,0.10154175253074,-0.936988343391828,-0.423986938791885,-0.00940659128746307,0.448436640475364,-0.914210715295757,-0.400109527316546,-0.342972102984873,-0.435357665503735,-0.883527567815682,-0.829008553160498,-0.769844898709604,-0.480572152405291,-0.169250732989573,-0.0535355653393078,-1.81495978772213,0.0485354694592272,-0.00701983496508017,-0.49651481668652,-0.0439715209660599,0.734627904241569,-0.624473033092864,3.00633993698447,-0.441483716551124,-0.615691496397748,-0.160835292792038,-0.246431897518194,-0.353810272678779,-0.665633582915235,-0.510375232159905,1.51179764093384,-0.513016546157747,-0.309335943492849,-0.416472857887887,-0.398336589655987,-0.299417299454937,0.116964409358277,0.186521887617728,-0.438348336935582,-0.447508609891649,-0.111115341642597,-0.780275937875672,-0.235367138817872,-0.0918867640330651,-0.216053914994326,-0.976669714825062,-0.600043993930081,-0.560381781888287,-0.669776596222923,-0.719297580264881,-0.246509264111243,-0.0976949449840012,0.406835501054485,-0.172513475506187,-0.389917551958688,-0.576329877281155,-0.706151792706483,-0.24498339161141,-0.315751482006388,-0.574908879366142,0.486956353707393,-0.414823056213663,-1.07934146428558,-0.65334468156045,-0.744450146781421,-0.399636179405957,0.110033668683524,-0.368043320265528,-0.540564753134875,0.475922523327052,-0.270665202353816,-0.181417257421345,-0.53744739723788,-0.574076679472952,-0.564302620935202,1.92724451808817,0.183925267773108,-0.420442918342153,0.0438555230772071,-0.723220508206474,-0.567973378593405,0.501454395632422,0.318321778633048,-0.189418521573876,0.336717469265888,0.299167830320025,1.08434644785928,-0.378702584009671,-0.56762705221012,-0.673466871566091,-0.688713652002769,-0.352864150985738,-0.287490879523168,-0.385741123879516,-0.125894484156641,-0.692776016855965,-0.447726499796066,-0.404320414549421,-0.605045486770559,-0.460986553485133,0.734444833379463,0.577473879470412,2.70359930776962,-0.183238850876355
"MSSA_Mig_1 (GE) - TPM",0.0770773262780546,1.5897784182167,0.451676021577569,-0.308240047526195,-0.693231229423014,-0.647164628258533,0.0180546626182242,-0.533260892340074,-0.160898982725052,-1.04487943083968,-0.452936221672674,-0.152146227987101,-0.0143628036486161,-0.490068017689354,-0.382369880622845,-0.440705601958285,-0.424701351694213,0.120145688782929,0.214165065613372,0.182210061042737,0.0988090696834058,0.701288620306168,-0.211607338147472,1.45923514553886,-0.276990186347733,-0.127615637927455,-0.427362678235338,0.0171720300795511,-0.548665767333972,-1.22466383369662,-0.423761043781453,0.5360882111957,-0.759645894911441,-0.165980333963344,0.604292777889652,1.06203895674168,1.31386532530536,0.884630219883686,0.333067525934083,-0.31809571311909,0.867379369884159,0.573630510169116,0.14864974670852,1.10563611855753,0.647873092843561,1.22498151898278,-1.2780465969561,-0.79273841902633,-1.15358174998449,0.118704838793758,0.658293419069672,0.014023618936644,0.0729959860576799,-1.0709959841776,0.162382040641191,-0.14908139817553,-0.512222677801141,0.620923579575088,0.882102272337007,0.00216134583340316,1.59733444043436,0.128942492924939,-0.162759276125819,-0.138474079642567,-0.361678611564755,-0.141036763314381,-0.0379164121299338,-0.279442579275869,0.163965417625749,0.814147629800715,0.833104594005258,0.623599845245037,0.57252308170193,0.194429441296916,0.244873624162348,0.0833224181696518,1.51267934577217,0.748825834095615,1.06217286212422,0.143283618716845,-0.356292799711597,0.296683883731213,0.994287762927648,-0.269948255929503,0.82840037141832,1.03163146513399,1.72952218085449,-0.489408330165027,0.608979432731707,0.446966093693041,-0.123250558458579,-0.00410753668832996,-0.0685161657822465,-0.168569734379424,0.0562100320923553,0.0010957906832243,-0.15969734025605,0.342506429575087,-1.07692550917083,0.901694465613019,-0.0636355029074356,0.24765605020657,-0.675338848881752,0.035787122062003,-0.76976098437891,-0.0499882196334958,-0.202020016996806,0.211146409865918,1.01048210073773,-0.799309896102382,0.279839068770736,0.274683459266594,-0.119731641270276,-0.717228398427169,-0.933760560009095,-0.515970973552155
"MSSA_Mig_2 (GE) - TPM",-0.0443075691814666,1.23484777275506,-0.547749035557649,-0.166364431124844,-0.522607618332315,0.140990134900559,-0.685233492748381,-0.435776749189534,-0.267004719817816,-1.21980783543113,-0.388575710152234,-0.101252944263601,0.00618227286782947,-0.370156079723295,-0.329630442698174,-0.517569617988004,-0.469010389708572,0.274083593338561,0.225444665951682,0.225626354625811,0.0756652035083449,0.531462410543549,-0.237177053296702,0.676059188683821,-0.201533897729035,0.156169114592855,-0.307766083457859,-0.348310540578093,-0.845260439931954,-1.33160329719483,-0.526281072823727,-0.295531691364648,0.757227444493353,-0.235079646236698,0.218172368905139,0.640832454915704,1.75768215476743,-0.260036327726361,0.667479647575846,-0.234099760874815,0.224352478387089,0.243190016663956,-0.0348219210612312,0.865257685468905,0.391576980261088,1.32189001749379,-1.03333513218398,-0.849199196550431,-1.02795742598902,-0.503095643869073,1.33493876052718,0.0765389816675293,0.173210294647944,-1.11351907526648,0.249840869736467,0.124193637314462,-0.384250263347988,0.677407655944789,0.76144247673044,0.211180794385386,0.966571818788237,0.145195427754895,0.18336257824874,-0.662506941381845,-0.998828828925463,0.0608793644904853,-0.285771435461989,-0.337326268495166,0.26582995270294,0.82258126145939,0.907738490721532,0.48182154837594,0.935598759530397,0.218720526872083,0.157768146212783,0.27156976783954,1.00500025180557,0.687595824701102,0.752285261452837,-0.109332622517959,-0.681328029079627,0.0604997146819786,0.444655922556947,-0.346395767109721,0.636718806522411,0.78249507623886,1.42324803596253,-0.642022019030352,0.154371660467177,0.581155081562781,-0.207586945551201,0.32691463288323,-0.190842757678068,-0.332166234061976,0.347063757721926,-0.161849395661351,-0.0609399196625918,0.155158277845497,-1.3035113004796,0.800257972371427,-0.127774617256532,0.46506221522085,-0.101729829500763,-0.155454538778849,-0.938123847012962,-0.00717517136125369,-0.30574575009065,0.26595021394976,1.43192210323611,-0.790645761448878,0.509620047716454,0.266078724469496,-0.242294773687027,-1.14143086082478,-0.724144276718867,-0.960176674295752
"MSSA_Mig_3 (GE) - TPM",0.041761914718372,1.467137772878,-0.302612252636692,0.534051400549298,-0.849407610486532,-0.239130863575079,-1.08892270917057,-0.135191988016517,0.506523440289097,-1.08797193965734,-0.217633286106747,0.0552727527538395,0.312453702228976,0.0517285681860657,-0.270981624651498,-0.4048063182729,0.135080963191288,0.311914126990523,0.182107341847072,0.0770937603925072,-0.0683089367924524,0.440971129181073,-0.111938663239555,0.915624835616938,0.306202068661404,0.0390696644469683,0.606399116556015,1.23582593088815,-1.01120584557331,-0.975364750980403,-0.208122012972317,0.177186025517442,-1.4742257052959,-0.518828085397099,-0.161755120972307,0.861404922374991,1.69823454891515,0.95302027639065,0.440680691568664,-0.406625625913402,0.632845575727899,0.710411458405187,-0.799000700089185,0.580849322358929,1.08977211801982,0.906023037146946,-0.955014036011136,-0.810535373691459,-1.20805839216999,-0.233833843974785,1.190038411899,0.00882026443017774,0.146954395887595,-0.896914777909183,0.442229474616414,0.335699922503954,0.113051949897978,0.549980915294123,0.720097206259793,-0.00229103634913805,1.36845599085254,0.322513823982,-0.244048246995359,-0.545648914496969,-0.443735337761657,0.214446129496199,-0.591153680079668,-0.0499704691771321,0.194615765317032,0.765086351078337,1.14335369315349,0.450961970269069,0.787274316017732,0.128204442436211,-0.710114630941754,0.77283386759879,1.29252334355171,0.211047164828513,0.153570817170514,-0.498638240096606,-0.288245794314952,-0.337142666839954,0.263111085473308,-0.232532707217308,0.642385705642112,0.878359399790676,1.3445950437698,-0.845343997018533,0.312421106716536,0.6310367803071,-0.4476571294492,0.274452557414254,-0.0765671201208212,-0.773681386288216,0.199480249768635,0.100420505351886,-0.234083124318896,0.0212563521933573,-1.18761728070994,1.26519074378779,-0.102197346382204,0.217130790894216,-0.0523369542030013,-0.508382688461218,-0.750596605900013,0.35965062153022,0.178797898395995,0.330524983813136,1.90548930767826,-0.702173401107711,0.865755344192329,0.412143249327165,-0.492050496951384,0.60653882606286,-1.0024273559309,-1.01664396636878
"MSSA_Nd_1 (GE) - TPM",2.11642625142757,1.40131212815064,1.06109523318424,1.06639589884194,1.85883698374795,1.91495720475624,1.69267150161753,2.95172966983726,1.32544356576307,1.11514853777291,2.61869236015772,1.82519286658246,0.803760258826591,1.02134282412436,1.97105197623654,2.25184840033714,-1.84856031165487,0.362431341128471,2.48466203524203,2.18194344903254,2.27612863959277,1.83481634314027,1.7271766116843,0.897274767267768,0.856324526272354,1.93858609002836,1.64441076144258,0.147213313264552,2.13886465333235,1.15968792466131,2.16767890628454,1.53234739887172,1.45179261879812,1.40969347923662,0.513005297134011,2.44335525721607,0.176448416942884,0.87835541935283,0.800600943489621,1.13223814412738,0.234281739813085,2.47718313896194,1.72934275663075,0.436310410832251,0.771082247141988,-0.221628209181979,2.1719815358025,1.24918475997884,1.58134196994434,1.94117624523744,0.677798995256194,2.06599545092631,2.16126056100088,2.42997852862516,1.43080988964753,1.47417951015161,2.28309430485883,2.104678076635,2.31547604154358,2.0582413174239,0.267313250012925,2.14026888455026,2.28216076829985,1.73576759098864,2.34738154907827,2.7389382742966,1.66260882448198,2.25440796089599,2.29675862513888,1.07462223576187,0.924359415830213,1.18805004178644,-1.9499817116349,1.56234943907901,1.75498688942582,-1.86772597241375,-1.95198870346434,-1.69312117230475,1.60482589844253,1.63486928083995,1.59481328525059,1.96722755626548,1.43993011310201,2.64208919111678,1.01522774234679,0.826840406792025,2.39429031585479,1.56517274891595,0.450193904168093,1.93755458050297,1.70900981456732,3.04807398484004,1.37211809336865,-1.92023758691637,1.37395994323717,1.82375856438167,1.33693273272326,0.199554992240292,-0.660001768591615,2.74660950446669,0.701582565895492,1.65555734151575,1.05453446953781,0.79436609240978,-0.390872887853936,1.50261184318519,1.39792832491121,1.3885865611038,2.91352634675566,1.30462679490709,2.74392578943652,1.48052480678758,2.06442129886658,1.33659765097592,2.14047330877785,0.58138105279212
"MSSA_Nd_2 (GE) - TPM",1.90873988665225,3.75493997228346,1.74977820153185,1.72033506424287,1.04861785274195,2.81143433087455,0.865999444261235,0.289238742938596,1.63490102355245,1.89788423530022,1.53694470601092,1.26145466667295,4.38779186371719,3.69915124530022,2.83541337992968,3.54355304221877,-1.9033705958986,1.62956566072812,2.74115605313747,2.83809490686498,2.74815710804983,2.59086220222997,2.64156852201478,1.66937252417598,1.44706817803041,1.39665510441992,1.51713054073641,1.85960236069437,2.67895262517918,1.64553504345032,1.90121664154712,2.12684831867466,1.24435306437857,4.24228404751526,0.591893439095005,2.09931915754281,1.33642807421712,2.81442587053058,1.34936868735631,2.11191687891885,1.64692773941595,2.0837524388782,1.8461344174046,1.34029891645306,0.546559499965377,0.942733012890439,2.10923410795161,2.80073190336558,3.32678124767997,2.39160625082833,0.8470677480259,3.49811753990968,3.71931361026605,1.77997008202585,1.79438399063526,2.4942698858841,2.28675642789016,2.1800506048295,2.26779427320362,1.63305301877167,1.27690102515543,3.57744551749885,3.82933470035142,1.86491843702708,2.02248333254284,2.9460568230663,2.58256178251633,2.84711240804583,2.83310006948822,1.67691879186631,1.46263949944458,1.78354404699481,-1.82763220936503,1.8004101657873,2.47854367952791,-1.63948263531739,-1.50569863387327,-1.43891842734684,2.3628037400718,2.76049998202873,1.45780113536741,3.01268348175701,2.568016014694,2.32717668971636,1.93788188938381,2.40235304742811,2.97662795895563,2.52916843820748,2.32182916628343,3.66595502708685,2.33083849994241,2.37954264849341,3.36343064982554,-1.52152398289314,2.45524117708008,2.54832453174573,2.6868030045469,2.15252808581482,-0.842080447074218,1.89155732374568,3.31177088882076,1.0808994651826,1.92865127748223,3.34407153299106,1.96837107623983,1.42968281858892,1.35988478100544,3.54710592473918,2.41311679935742,2.17108624729325,2.75897425096991,4.28034541601466,1.96321014964963,1.89493467251096,0.714556757712384,2.4751440369313
"MSSA_Nd_3 (GE) - TPM",2.48456135634333,1.33407047341555,3.13984068746816,1.21026820953281,1.20899341883941,1.26648996372963,1.96627550351228,1.11867961476938,-0.0937576219468291,1.08795309885257,2.37994553511329,1.82028077750274,0.382808268403215,0.385884339947646,2.03186310199037,1.56701163396896,-1.8639567914924,-0.0393776188390671,2.30142105613247,2.67322982254178,2.16631866681148,2.00784772307738,1.06782496841994,1.02514939846909,0.797588156454699,1.61539547099389,1.52965423334422,0.0574200786531169,1.76893335639564,1.78408722660206,2.63583649603344,1.89983300598758,1.41741695417729,0.899895196343878,0.737754253953273,2.76353467485879,0.403973125909543,0.397219337129543,1.27405304718967,0.0635708658177685,0.340473499934546,2.0735166612875,1.12395500355228,0.943440881383918,0.715569215091054,0.114171082164826,1.30263064937225,0.918873963502831,0.550617903215998,1.27351209826988,0.697017513989249,2.26282660998106,2.26110132275277,0.650412156678773,1.38075261554333,1.8873037041845,2.25349756738842,2.01766028731604,2.73580635152046,2.35454291809237,0.501280887134711,0.977998914432836,0.694684904979812,1.96942616104617,1.48493222312259,0.767871339174028,1.24679246853115,2.3411419607079,1.66361790177625,1.10612972203681,0.768716999751474,1.01513564808884,-1.69432528728364,1.83368710410362,1.02979697397486,-1.57165748900067,-1.77417362855969,-1.41474450056812,3.04653640137092,1.94916472204275,2.33118497524991,2.22375154494438,0.895518216479161,1.92115462354334,0.619403104117576,1.00305549951938,1.17876102813614,1.06525770505166,0.348808657927128,1.68925861107354,1.67238784177285,2.50600885907874,1.53663616145407,-1.67604175698656,2.49656235802485,2.12301776167786,2.24708592614336,2.69849059322352,-0.712156591655604,2.86262808785308,0.762807557571731,1.01807863197288,2.28219199262687,0.562186605407082,0.534305028093924,0.928267074042198,0.970279140456329,1.13515513506498,1.97391621685959,1.09807458056528,2.45627711229034,1.53952753260762,1.83318052410727,1.28793262749188,1.48923069320425,0.515309413573003
"MSSA_Ns_1 (GE) - TPM",-1.61993579303835,-0.718552613504551,-0.912911366299357,-0.580286666128544,-0.7660765857715,0.149207439583967,0.332972108888802,-0.412490738957293,-0.503455109045044,-0.654188415874597,-0.199964477752003,-0.512642387201967,-1.35134176487898,-0.758955762956297,-0.393299771011125,-0.449550497671937,1.34936702487905,-1.22078435274585,-0.818870543046597,-0.716091217354699,-0.770731330981005,-1.81736122735104,-1.99324238756817,-0.882920703137246,-0.825280158747339,-0.318960897386262,-0.248995389346392,-0.790423527880928,-0.776790232784357,-0.131998036465339,-0.26618787038289,-1.21902760988741,-0.928596518333147,-1.0005981476611,-0.289118851399486,-0.238225050101902,-1.53979966439508,-1.3830777844934,-1.56469584219266,-1.97773428332476,-1.26612617924357,-0.968208905939952,-1.59589107394501,-1.4641511601172,-1.76026537294836,-0.961624225877569,-0.621739392500617,-0.802588441015867,-0.935679179247511,-2.43353017647088,-1.07600439819113,-0.428529564772061,-0.252472748855366,-1.14106525978239,-0.314372355450699,0.0402584857169029,0.214619507069253,-1.18666540594376,-0.991222567501888,-0.841287463652181,-1.61124625055653,-0.229288790683832,-0.564606586173391,-1.11133448480603,-0.87705854636598,-1.25141443767143,-0.74471175453599,-0.98352011847028,-1.08681665718864,-0.235396416434333,-0.369357722349907,-0.433531021708043,-0.537336644164478,0.0107161106091891,-1.30930333938231,1.64720383387605,0.780356144345746,1.81780147531744,-0.936681137801445,-0.243141754735479,0.198744170229493,-1.21350412314251,-1.03618057455643,-0.673732252343906,-0.672302793860431,-0.602025529832265,-0.382618129519617,-1.11518441346039,-0.644330689772324,-0.403699131964248,-0.555529809394241,-0.288055557658595,-1.04381833044467,0.925527119889584,-0.851201536541749,-0.707385235616222,-0.884543375043315,-0.828208294225124,0.461991386824028,-0.49908437469035,-1.24007189422283,-1.66539937323718,-0.993622423336874,-0.736215612567884,-1.3887927929087,-0.721774136052245,-0.62810007632793,-0.680803690729065,-1.0601016549345,-0.356901478494888,-0.725365693816392,-0.520733903632651,-0.99794823465262,-1.20974252019599,-0.800018723858731,-0.430264682625637
"MSSA_Ns_2 (GE) - TPM",-1.72974883730557,-0.688296792703578,-0.73079379930532,0.167482027076275,-0.518521707938069,-0.0251865301731066,-0.576804864771911,1.06121684085585,-0.964046543883868,-0.841720526522877,0.126625577748987,-0.280893491254511,-0.617281968527488,0.596379559975028,-0.505699837047032,-0.322229373942465,1.39681391653084,-0.523145848637169,-0.838343631285913,-0.776649496120982,-0.708900228774259,-1.20594781898382,-1.87644566850283,-0.809233942700468,-1.2245480664069,-0.744261263675071,-0.34705473690691,-1.18728483948501,-0.966168873787319,-0.980517879819751,-0.853273481641899,-0.738785778452348,-1.17127134927389,-1.05494068336202,-1.19023732398637,-0.494636095626225,-1.37592800344812,-1.80810116681992,-0.895855889547544,-1.92235316226417,-0.691138232842111,-1.01121863465236,-1.11828780234411,-0.966761820837356,-1.56236066822992,-1.09686915405693,-1.19721619773204,-0.831864831986454,-1.01318474809447,-1.41617792767156,-1.18529022763837,-0.417485420758026,-0.447169849870704,-0.325810693349941,-0.678105725267237,-0.110135258442166,0.287597213620076,-1.03551186842931,-0.908977182104919,-0.98791860894538,-1.6764042944034,-0.711844086744178,-0.908904877328643,-0.929868089932946,-1.21381921342018,-0.719609270927325,-0.527674275157015,-0.651007678794276,-1.14887997021134,-0.154384580616321,-0.434346249973154,-0.481372037418729,-0.245454766687836,-0.253675188031845,-1.44422597509338,1.47195602072575,1.43597358416479,0.511307384626014,-0.917008049510742,-0.408520347843032,0.0954178695829924,-1.64162930794956,-1.19274815309393,-0.630740217545323,-0.556240018561989,-0.544820060481404,-0.316031133208795,-0.779705666143793,-0.870172354740949,-0.732489612636455,-0.455362688364725,-0.025387204338601,-0.895843214515183,1.40281852250712,-0.452585546564974,-0.667589486536174,-1.05051788812951,-1.15752772035099,1.13199475852528,0.0254205913228781,-1.18221631827497,-1.32090800855903,-0.950710410680321,-0.580637881762348,-0.763306661165848,-0.525127533979349,-0.00131372830737119,-0.691265748034916,-1.07945809203123,-0.512560480486279,-0.692532607897034,-0.522448655833183,-0.982644767683209,-1.70674005781636,-0.955518227923976,-1.67762534760243
"MSSA_Ns_3 (GE) - TPM",-1.83245049819398,-0.676458623214869,-0.44189246530751,-0.434465892835857,-0.113450657691151,0.211558609839048,0.418693243672363,-0.461890851663844,-0.480423245155054,-0.992755088837563,-0.351802493856605,-0.482541314483021,-0.7860872566883,-1.07737400364848,-0.505699837047032,-0.453594734761417,0.058434148273971,-0.819182480338905,-0.856411572773341,-0.807289864428369,-0.845579667654296,-1.77240664710232,-1.84099123195765,-0.723047684407414,-1.12014745741481,-0.850154570750037,-0.954624586087516,-1.03083573104345,-1.26730546635636,0.206580035460184,-1.13648358365135,-1.26965409133207,-2.39430685239781,-1.06289596776289,-1.52525575905694,-1.38465781152446,-1.42212460855544,-1.22782189341448,-1.67484816244794,-1.94112701060455,-1.49708396725711,-1.24579432199085,-1.95366585482476,-1.683013998365,-2.00154542208204,-0.985367504589695,-1.65900738168104,-0.792977253329598,-0.838238999926563,-1.95700738985645,-1.18943394358216,-0.544329018494317,-0.578488274421667,-1.20958601803272,-0.742563325589028,-0.298960267917215,0.183934209174884,-1.42508304396462,-1.07796751768536,-1.51912841087609,-1.42582649837693,-1.12641299139564,-0.92806563944364,-1.26906996302955,-1.33892174398589,-0.419116899584691,-0.607693378099215,-1.09138367822125,-1.4629468497823,-0.64386321599317,-0.684146572732653,-0.712870037618772,-0.59512991156287,-1.01265848939886,-1.67068694154718,1.38319922993658,0.935616782782503,0.156198287593161,-0.862857230049014,-1.26423029726478,0.575390236552665,-1.822593433509,-1.20157814057682,-0.771906625843972,-0.534588724169214,-0.603781731134955,-1.51156280776947,-1.76401315993961,-0.826445540468249,-0.977097243606335,-0.608486331787483,-0.994204245115184,-1.08875500804164,2.010918597722,-0.711614378295392,-0.682656047727065,-1.20028855173137,-1.10760818230353,1.23323501331145,-0.285381762742487,-1.33289432195363,-0.680468730763326,-1.03068023071955,-1.00912342655696,-1.31190666906929,-1.49280350823566,-0.644854277391527,-0.66876006317512,-1.34198286877426,-0.677273047441365,-0.826028531906948,-0.595330752205107,-1.11141634653417,-2.00125497582534,-1.53157400086817,-1.47794901045102
"MSSA_Oss_1 (GE) - TPM",-1.18742603373882,-0.545394848468783,-1.04639106895022,-0.325785734273355,-0.781892740706779,-0.126388505376583,-0.603534813240151,0.158633864513144,-0.242187467953756,-0.640648320078569,-0.0390860125873407,-0.40212183015735,-1.03866769139177,-0.0532996848962363,-0.392623570966043,-0.293518137534928,0.0144941277664978,-0.324820897781322,-0.479644257267285,-0.462034518970314,-0.309353730116172,-0.370513710779089,0.461006564726361,-0.557823766747484,-0.0151323522851915,-0.285188676274006,0.265822885108169,-0.653066239309083,-0.860453022918698,-0.87878695077044,-0.653775415117127,-1.13319292277673,-0.383841633727583,-0.541440859942916,-0.276438130662599,-0.626210387249447,-0.210219397799168,-1.58230765208742,1.18980456232077,-0.204370494953118,0.107608351965026,-0.702582204023839,0.394906894393471,-0.461676639244846,0.706250633368117,-0.817229751450911,-0.599846328307904,0.579281763820258,0.821075272369927,0.673570670933783,-0.602107808689006,-0.493025149002245,-0.26539271064917,0.202929452127628,-0.411829314181889,-0.308113813505527,-0.127639145754451,-0.272305714192841,-0.256406798203651,0.41202556673049,-0.631015561117083,0.418533353666468,1.30312830257568,-0.0498662656226052,-0.676776781489223,0.273492490711278,-0.036830205399708,-0.275435042910618,-0.243325005120617,-0.119911697954325,-0.299255542349264,0.172820562034902,0.620720866501913,-0.149306292474684,0.0764591381093152,0.47067494006736,-0.0795653570466919,1.34989435719241,-0.767713351142424,-0.306954693531075,-1.00687588695815,-0.405116616409389,0.256423551267423,-0.0602270689448589,-0.388083121993558,-0.56972304038439,-0.506963783782975,0.671856898307275,-0.812351217752348,-0.306196327606191,0.66347669061058,-0.417397938843064,-0.464558485165677,0.500483757119784,0.358588977892779,-0.354333953768122,0.128358101598955,0.0128702563949195,0.941405873289731,-0.408813109584802,0.0874529649223994,-0.617388340112808,-0.539489916327761,-0.596257408121555,-1.21363485922915,-0.534854300903989,-0.0159434428307829,-0.36597888658297,-0.177550778256327,-0.0593874304162329,-0.220443949969878,-0.27995250030309,-0.215017255828977,-0.39627799119149,0.560027002811266,0.0264499466151762
"MSSA_Oss_2 (GE) - TPM",-0.995357954933742,-0.567704874007123,-0.315483203465359,-0.190609476474275,0.264020805299403,0.0971659002448375,-0.236130124591265,-0.214103671118884,0.816057240693813,-0.878649957444198,-0.271701800746367,-0.504440748259232,-0.895113999225017,-0.729234049835122,-0.433359814749239,-0.483041043110365,-0.0885357533574638,-0.598299856177325,-0.56777470844028,-0.587171499408303,-0.542449153466827,-0.0240456244715104,0.561143877020413,0.227930017467995,-0.952817092408559,-0.603655859588658,-0.817964550389342,0.59691016525538,-0.412409199617339,0.863762092883998,-0.672399541066591,-0.508129060483581,0.0161342970961804,-0.354044512605378,-1.07175862900546,-0.638067643724416,-0.0599422449193915,2.11991352567838,0.408863388900479,-0.789379742657757,-0.645003281500386,-0.640155062483124,1.29723618756839,-0.581287115058214,0.275202715396737,-0.893837673576504,-0.994026663159872,-0.124993535642429,0.349055396704882,0.755659309900459,-0.903326259505234,-0.442139572291734,-0.38008489476969,0.427960181692045,-0.308141866997457,-0.0646186012908104,0.260909421137616,-0.530154780233782,-0.2294267664733,-0.118883553308654,-0.327156622451282,-0.00234121858302907,-0.547426684456347,0.335062671824792,-0.73217064855474,0.302267335565071,-0.337816081490614,-0.100292462623553,-0.121452904961514,-0.181603154743745,-0.289527289104464,-0.131134753454074,0.151205549224704,-0.346870937061884,0.133209738597389,1.47069799419241,1.26843303232503,1.45040832723017,-0.521079137519051,-0.521818432728973,-0.600298346906214,-0.461540709514246,-0.166452891534459,-0.361827306882804,-0.487764116584095,-0.52650310570394,-0.723383165880659,0.15815243702477,-0.487502988435793,-0.294815269401856,0.798418606559304,-0.754220225971379,-0.454564948694915,-0.179140740809428,0.326995104389251,0.108333060686774,-0.0410831933833688,-0.144904574943556,1.21432964512651,-0.488463422155724,-0.0914607545190576,-0.51846922278232,-0.689572126971803,-0.47497340501358,-0.350995010860573,-0.616901654979003,0.212718993984072,-0.435702022022123,-0.396340751254979,-0.456180617099241,-0.408442809404477,-0.358950324125166,-0.216342351887486,-0.273548088692191,0.418106432105698,-0.221168632156564
"MSSA_Oss_3 (GE) - TPM",-1.00283673697559,-0.741029586729966,-0.992016418204507,-0.571193728557154,-0.0725246575613475,-0.547418350694066,1.15559374613733,0.462123547387506,-0.0182270135682561,-0.936328725377947,-0.18234819775454,-0.497901876005917,-0.532177476388044,-1.21554458098826,-0.410741634988438,-0.353991429481934,-0.0345329015833704,-0.721515854830697,-0.521837527194888,-0.511987323620042,-0.515636881581533,-0.0735499379788754,0.129525463537404,-0.493638113505126,-0.654744496941623,-0.462825343548126,-0.369732591490886,0.0692269362704038,-0.392557198811381,-0.0429340840849851,-1.01181953652114,-1.12921684275281,-0.435966979424212,-0.731761147665349,-1.16517983166576,-0.267546130446267,-0.781327187054993,-0.702764940434904,0.195145967243692,-0.71968281805465,-0.636805315040351,-0.703918428521803,0.249365240028758,-0.159505043821544,-0.0123796326200561,-0.763125236957466,-1.44088162936562,0.0135536989827094,0.11213571798509,0.128956448156685,-0.626921868557124,-0.438609825974709,-0.264785910439144,-1.32087560854426,-0.411049794054922,0.278375201255622,0.10651810203863,-0.1716605903961,-0.130288758361716,-0.0886587617569309,-0.317532987440222,-0.386182554532513,-0.620293851109975,-0.528236370256158,-1.59380750300795,-0.589919264318939,-0.607049713662968,-0.490801152998093,-0.204698574866732,-0.173783645785573,-0.317502687424326,-0.257918024452792,0.402906861563283,-0.237021332325951,1.76150921811882,0.989087870489825,0.852309968860407,1.59942079424936,-0.216483289071853,-1.0885164579232,-0.775918585414131,-0.247083321245762,-0.117608632592772,-0.0388343542638414,-0.431462699270927,-0.568905058387314,-0.662426544313339,0.524991492839651,-1.0549000415459,-0.221487840816299,1.32308300839863,-0.62365498211137,-0.510814983727248,0.962847902065786,-0.0767605415634202,0.0554816440260512,0.0118254981661106,-0.271671423280962,0.505896275604112,-0.440811952411402,-0.290151149238159,-1.48483098511289,0.276263508449705,-0.357421628131814,-0.536802135770672,-0.4474496615871,-0.426938097624258,-0.673450928687295,-0.339074116626194,-0.198816481506447,-0.578550793491445,-0.293878002539418,0.232698656993938,-0.802236580011432,0.72466683921611,-0.320976235063846
"MSSA_Oxs_1 (GE) - TPM",0.634825135690544,-0.623126761532172,-0.257066670754009,-0.468575098249171,-0.636232156477154,-0.662700704755297,0.658698975069773,-1.48751871829839,-1.21838296027967,-0.421338868478242,0.345434376347449,0.240025465248151,-0.685155802075657,-0.103109275603172,-0.453777205415017,-0.452849988153242,0.116287367606243,0.0308662489843739,-0.574508778800384,-0.551557930269851,-0.66888938591551,0.308933982691654,0.668318280033541,-0.417125258677281,-0.126391209950099,-0.474622697303928,-0.294735985565941,-1.30278349602599,-0.535185301234875,-0.527104039533316,-0.13173858144459,-0.673015734373498,0.8078467715672,-0.346927207374765,0.32457484648092,-0.946639483954437,-1.17117023506829,-0.872966992646832,-0.0464098404653167,0.0983457964439023,-0.52257157646205,-0.839021246714196,-0.863354478032675,-0.663319035739889,-0.218987943861041,-0.898338079873067,0.0604323022430089,0.203787101524883,-0.0459197551683002,-0.356693005732242,-0.506698203942676,-0.523578884837152,-0.553846163088223,1.53357703663039,-0.88969546671908,-1.01957214729785,-0.879361096564066,-0.89275035931183,-0.88368626955549,-0.8670055921825,0.0935907459189295,-0.923753454363093,-0.875009792140196,-0.0879090821204279,-0.266619484864928,-1.09496102927141,-0.283556191072113,-0.446532969536468,0.0304692031549489,-0.508640141519486,-0.583695235589942,-0.905599686551255,2.10020753646582,-0.669228571060133,0.41623944512396,-0.282389449286039,-0.414417518771845,-0.143846330664998,-0.616429555562107,-0.78734883640555,-0.307092060625221,-0.625000111342199,-0.585872193789965,-0.71419558904975,-0.581175816096014,-0.546577710591857,-0.775540512364306,-0.79976979346893,-1.04332176099866,-0.491063903077467,-1.23961235934815,-0.682524491620663,-0.784933654862227,-0.404043122978488,-0.861735252484333,-0.411003014822669,-0.752433299006131,-0.383901652320936,-0.208618956448174,-0.633829874087586,0.0663088097042191,-0.270519608794616,-0.817600636614269,-0.812133791691712,1.30550950428882,-1.06813758956321,-0.823581842399193,0.118902668656923,-0.239381310256342,0.0845557948503936,-0.646388802160088,-0.566136930846052,0.698404599955433,1.20749918201788,-0.882306331991387,-0.648386662331611
"MSSA_Oxs_2 (GE) - TPM",0.0616961960126586,-0.599095890965912,-0.700686675126592,-0.6546546568359,-0.0399621596072824,-1.40526816797348,-0.55678143967783,-0.745514907857688,-0.517471203811649,-0.57566795221489,-0.42392504557513,-0.270805267063585,-1.31374179405393,-0.262038689430975,-0.401627718181948,-0.398792374200528,-0.0212893893749416,-0.127394647725162,-0.659325612564409,-0.611989493439107,-0.679252329940726,-0.54821431749676,-0.212200296606722,-0.685617624319651,-0.44772953396855,-0.589144350867192,-0.788563307990992,-0.263462326725297,-0.551232227769388,-1.35561562081945,-0.425574347254509,-0.522859920642223,0.713972849608499,-0.339571596070308,-0.0745183765671783,-1.14295893593128,-0.961313598247295,-0.325370873807404,-0.506863051489537,0.214233247282688,-1.00301997623178,-0.83883416166649,-0.763362528853282,-0.728041423072002,-0.0584316141668843,-0.999274940462504,-0.459302170368819,0.0436030165951648,0.0915176935066656,-0.292017573291514,-0.242028798256367,-0.504063666458041,-0.497634516941118,-0.898493937969062,-0.828256739564203,-0.945492350523501,-0.880577142590078,-0.66932262573328,-0.880708850530762,-0.889400382395399,-0.498898875304051,-0.918715806341045,-0.431328088475198,0.0647195553839881,-0.406698317276543,-0.700211354665427,-0.812163989269857,-0.77370279965878,-0.737120479935057,-0.61352134483944,-0.583375274047996,-0.997857298885824,1.05786404258708,-1.0371609041833,-0.190240439812413,-0.157142054919574,-0.36164871099227,0.171068125212776,-0.486100123864714,-1.01774129131237,-0.463054465593175,-0.807716410549765,-0.819058398492816,-0.684218655337235,-0.389514929306901,-0.518810241641657,-0.865922479119486,-0.917681364233799,-0.586012012263189,-0.425726160392938,-1.27444248411029,-0.845799762853169,-0.790269965981312,-0.0197280220663835,-0.886227742332452,-0.765248911987317,-0.770085658041494,-0.587698774577821,-0.328557105650648,-0.636610946187783,-0.272459351762198,0.395017940847804,-0.776019587892537,-0.728290678407115,1.03538362318454,-1.22467698554239,-1.14979277232821,0.041505998951105,-0.232151633540128,0.334780066217972,-0.625316560562835,-0.56642552390501,0.903028886108221,-0.0113120381675754,-1.29867711656013,0.851616088252626
"MSSA_Oxs_3 (GE) - TPM",0.485896223013547,-0.493485991984708,-0.245776287611327,-0.602481209431808,-1.20456990728435,-1.43151771441721,-1.45997706312211,-0.241841650186335,-1.08886300453921,-0.48609060370253,0.107274494651873,0.0217495106313738,-0.8662183535177,-0.92180767372698,-0.44087169210883,-0.379663837213734,-0.380605121368822,-0.254322915353016,-0.616080636843649,-0.592610608335637,-0.608021189856668,-0.389300999655556,0.501011611434418,-0.943728013984788,-0.0929476097663095,-0.470894080636976,0.38401841409477,-1.09190888804061,-0.055096975522647,-1.35800267140053,-0.42420907359137,-0.430715713007339,0.0278620177170621,-0.211981630826708,-0.162878276181372,-0.804136894234747,-0.70152450704752,-0.211788469516732,-0.199553958984601,0.56740462608255,-0.93542079258239,-0.748668477774229,-0.647269684411744,-0.837182334589355,-0.183331050258537,-1.04400344070709,0.153699702076838,-0.217692036836344,-0.0655438641296458,-0.544248773345733,-0.450088387754667,-0.524735242948181,-0.57360265467862,-0.527820225633627,-0.839292761619078,-0.859446096184662,-0.953138820361833,-1.09897874272321,-0.863958377118935,-0.803511812271425,-0.31087793029188,-1.01072718002872,-0.433873157108589,0.0404466154328961,-0.0423215057274705,-1.04544349317339,-0.793632101057488,-0.842793703798033,-0.660440694407891,-0.566325872528698,-0.582677429504833,-0.992120359212358,1.09573727437604,-0.946253283690717,-0.451121246307736,-0.318921871028518,-0.0251338287970439,0.0819940289286864,-0.709134644001893,-1.34092384220031,-0.552783757074835,-1.02943388129771,-0.935150069091868,-0.663422257210445,-0.455024332255129,-0.558283913606418,-0.86331578532243,-0.796756109612486,-0.704079191060813,-0.535636960152966,-1.4040618642191,-0.945469652544996,-0.878490450511357,-0.1658405882253,-0.399217287231438,-0.513198141599455,-0.61070163598585,-0.750041250156609,-0.282523361235317,-0.683261530338513,-0.320820348937736,1.20445368795472,-0.920590521923469,-0.741538035333861,0.77063930220774,-0.761960796949376,-0.905232262060304,-0.16441402417026,-0.447805795275054,-0.00696192698757582,-0.612513387330934,-0.598080675988432,0.553989769338627,0.525763897024138,-0.957747738654433,-0.0829406102662018
"MSSA_Sp_1 (GE) - TPM",0.869979329315953,1.16638339468722,1.64895664188877,1.94112634017401,2.88676927309151,1.35405555632114,0.938832025799911,-0.620346619681921,1.28756465551063,0.392302641392867,2.45352183753845,2.55410620406567,-0.529914052973983,1.98424854185357,0.434334872341758,0.332012704587507,-1.45692638773408,3.50536732384005,1.58367580561628,1.59506399347924,1.70989862780608,1.1666325266194,0.243828295989413,1.35278523050294,2.05932522850758,2.03169809093937,2.27154904201634,3.50675435166805,-0.0208515058223126,1.16244584321621,0.368803770180226,0.215386772405175,0.446392478203234,0.882644821988834,0.796011377773943,0.802246315773363,2.10467290322835,0.706544228426011,2.3951894202767,1.86541138393594,1.27271639104267,1.27361372971164,1.56567949479372,2.68069401795853,2.75667629868674,2.31107603174467,1.25296825050113,2.04448271645142,1.33607213501731,0.940684412030363,2.51727693433625,1.27062679632602,1.09860039431623,1.9248118345419,2.44886388522484,1.550011057694,1.25776410361067,1.53364663414396,0.98408431610562,1.80926177624368,1.49822870471736,1.66626578321945,0.647032833868609,1.33485847567302,0.797569013125586,1.65880705319632,1.74742055346153,1.01373026003527,1.13895617477414,2.3276212165687,2.62612973611656,2.53589560682662,-1.30956284473414,2.17621976443168,1.64883928122979,-1.7003664762318,-1.6401918831064,-1.55136344111402,1.4835507041906,1.08816361027762,2.66061163145657,0.981914319166875,2.5949589779018,1.57564136595457,2.28911782299962,2.20091726654253,0.423635057619,0.512951235418623,2.0182714677014,1.17171944910241,1.57487243446491,0.735835938020152,1.13727347093621,-0.781764130525145,1.2576762944816,1.45824927316649,1.2398746238761,1.07341665399726,-1.54751736959547,1.50093597325467,1.83077363049675,2.11555353711738,1.73496219483004,1.07392815766056,2.9724291885947,2.37572708800159,2.89540091500028,1.85618538216227,0.0512696070778104,0.250559311216752,1.1324640201278,1.20305686780568,1.82743458797754,1.56473397157942,0.866365181856754,-0.397431606826844
"MSSA_Sp_2 (GE) - TPM",0.751127911179018,0.797152180305872,1.21038832943358,2.86150234474533,1.29120140110291,1.83231493544228,0.325777910215506,2.91502772464202,0.503781841411465,2.10645943993608,1.78160532732267,2.98078060609463,1.42161889453463,0.135992064127709,3.62434607779185,3.03107442034451,-1.6980586844989,1.00885338769092,1.53668088932237,1.60006379931965,1.80862883192228,0.732768924221277,1.49407514280398,3.19584333845197,2.86695065307141,3.04112042847195,2.60340011275303,0.373010106102347,1.67208455977144,1.77277286899837,2.23068333042278,2.98447794373137,1.33417518106793,1.96691634679271,0.030127786964852,1.39549478310006,1.6924416395321,-0.978418099679526,1.33463262209932,1.48436706495713,2.74545046652505,1.84310809273394,2.18139697447927,2.38092259817887,1.16797692627593,2.72604687870994,0.803682368575121,2.65407054182815,2.07778977481898,0.0650648331808142,2.41104746151496,1.95863152485554,1.6134821395173,-0.0553102984211407,1.71073253266813,3.04289032285802,2.19032945747092,0.936587426541869,1.09942596410802,1.1496897748435,1.45040650589249,1.62592251201909,1.58813409697261,2.78190264684398,-0.240320304492989,2.03304088392954,2.98732994173431,1.83802692603239,1.95599921472204,2.77007928768256,2.4630139123887,1.75763836153866,-2.05824282334953,2.57132337541942,0.0851155096714859,-2.27204470691812,-2.22583562731676,-2.18572576055355,1.58041987928088,1.73922063022828,1.77540009489344,0.788476248406716,1.40003046272942,1.75382803130257,2.22303651914738,2.54353019577144,0.646697029033844,2.01598971000197,1.46168158328827,1.43065212484085,1.96871094252429,1.84227591639121,1.84711548339059,-0.556554675898744,2.01306040109681,1.66186875701886,2.22958264754061,2.42349281316544,-1.69963160881709,0.715464819879611,2.05788143318248,0.939803954708252,2.0268582507718,1.84349345974159,1.07887964914999,2.90303231161251,2.85598219048466,1.70383981100813,0.365081146086485,1.50185240333354,1.35591265672586,1.64211382637014,2.07069298470986,0.164448084606096,1.45195563861144,-0.444797778323948
"MSSA_Sp_3 (GE) - TPM",0.90526949210292,1.12210682128239,1.94697373425329,3.25513762079344,2.91325202593414,1.9727656426412,3.27386559580629,0.673578927038636,1.17721004880388,1.72521279433407,1.71211467116228,2.123230875636,0.0466331241146705,0.112436802971774,0.922732449898957,0.902096555405888,-1.54235730322972,3.23489388378812,1.86104289975253,1.61424051549433,2.03872308257059,1.57736228788837,0.697247471117296,2.2316791945921,2.2164855056107,1.79683516470552,2.3490255088198,0.995432411634135,1.80427886189647,1.37325731133586,1.89451704922818,1.00581619365354,-0.761836125019793,0.848793669968747,1.97174263430478,1.50207464216464,1.82893789570645,1.77353321357211,2.63776100302126,2.16181082990864,2.93463367663864,1.3564761316646,0.597770687597337,2.02681938254498,2.79893742534809,2.39862242090386,2.22646665965583,1.87086417088867,1.39210351658125,1.75616094366218,2.60623089187154,1.36864328841785,1.01081259785241,0.17527948724245,2.86129056209862,1.28605980168441,1.71678400070834,1.52177836689029,1.20825931690322,2.75077926132025,3.11124917264291,1.03740213645994,0.852608037187271,2.31667925283993,1.069130544717,0.783052213543376,1.81331346041324,1.7304616248479,1.60444388263359,2.35794615186427,2.73799086138515,2.91013717492753,-1.38516580619333,2.07645131792891,2.1019618327118,-1.75461752818036,-1.30532518221907,-1.65951771723175,1.22755515604521,2.01433571339352,2.24347958030279,0.728284647862062,2.34772780438668,1.749400791288,3.3443690234576,2.50338524846993,0.58511733306613,0.620422469630067,2.68932663368194,1.70582790095662,1.78173921609475,0.917689216856316,1.44170142455172,-0.893423216276797,1.32866843033858,1.69769645529969,1.38287292665949,1.82165241945994,-1.43556804965806,1.16157181485474,2.34465242039527,1.60884912213446,2.39280418390253,2.47566475317615,0.591744071270837,0.978270442897593,1.79173152855002,2.23156983319913,0.229425181133407,0.664069497817893,1.27066694476411,1.24604674957152,1.56968423959767,1.15404948866447,1.47943692134186,0.839486412266844
"MSSA_Tm_1 (GE) - TPM",0.604553720560747,-0.508358375920366,-0.0752094022705191,-0.476868171028006,-0.281763312599041,-0.446213121123422,0.264008995516887,0.540060713248084,1.74366372733913,-0.436557245094901,-0.458951965717152,-0.262126061412999,0.673132605431915,-0.777763113512224,-0.327686479141179,-0.505175864412666,1.79425966410452,-0.388405905943744,-0.262241332479828,-0.261776420466268,-0.210150995933884,0.283990457309921,0.336468236283547,-0.623910016111788,0.509710085173173,0.397293078428937,-0.356554397890942,0.490482346971362,0.360156447451528,-0.784285346757021,0.033980190824195,-0.712981638356306,-0.833254354147282,0.323643348160284,-0.310285534641404,-0.0670419316640209,-0.283880756567872,-0.0349395312894323,0.226446003288689,-0.107836870806388,0.481402102543646,-0.183157791767528,-0.6724192786593,-0.16965535404491,-0.432735737903507,0.166596314090586,-0.326447006412957,-0.843453102673354,-0.606126910719329,-0.491001844234768,0.0694237268215907,-0.218955275164543,-0.264881639163743,-0.338410889811883,0.360341915087933,-0.0710601549287501,-0.234981113235749,-0.182030732605382,-0.800531854816101,-0.0301379996852276,0.137482883341965,-0.0118691628938181,-0.891189582479068,-0.673966897356723,0.0629014990614058,-0.64775809483432,-0.24796531640637,0.419491798648047,0.328657941793713,0.0472017567209282,-0.08472044606958,0.378551658482952,0.46444951643635,0.498623886285166,-0.681410484037642,0.182893508432137,-0.241104675834433,0.254284739052981,-0.728071112874539,1.10676576301556,0.696085315609145,0.691718106127385,0.132197383103282,0.717969212256493,-0.536522383484353,-0.521740437867811,-0.157841861502901,-0.487639027395268,-0.0815727885992196,-0.613085418275374,-0.104650697781148,-0.23955549875284,-0.322148389519163,-0.595346876155566,-0.0864419833285516,-0.242984660726574,0.0941788882744227,-0.280370143736607,-0.127566565242192,-0.225601563217031,-0.0387913395869187,-0.6942360983717,0.572093086792948,-0.736356322370135,-0.595089266940518,0.450066629582662,0.446399313347347,-0.377347511522572,0.0209259019842932,-0.715684537269432,-0.0817775587511038,-0.146227823135977,-1.35026069363978,-0.54237529616483,0.148931475490494,-1.09154823781824
"MSSA_Tm_2 (GE) - TPM",0.178137446293499,-0.187649689018869,0.325960483742329,-0.152449140716955,0.0532086636157185,0.851330787623,1.01044510617411,0.95483990791661,2.0524397293709,-0.267681607888716,-0.282751802412525,-0.417670333980881,0.701041239965715,-0.833744188057315,-0.436456569689162,-0.488091495930723,0.978295055842711,-0.48541060144211,-0.332770017186468,-0.284712455305438,-0.200852790078228,0.0734872609386975,0.364556997275689,0.0557662240689858,-0.194197265082288,0.235975895983906,0.224558879465301,-0.138071542258926,0.750629090858405,1.41970299090578,0.0236778519831437,1.42495563599739,0.994393721591111,0.226814670146115,-0.424225306388362,-0.33623268141317,-0.168929164063006,0.830513417554563,0.201043185614279,0.203998587506034,0.0874945118113044,-0.147636361352725,-0.301141226727265,0.0225798580736514,-0.101947466938774,0.765874106094628,-0.394514005506403,-0.780916141062432,-0.252101889010797,-0.712030409238808,-0.165484802858837,-0.243669240738734,-0.221323115377277,-0.899818291984855,-0.29630808183262,0.116052677808676,-0.0428084831422666,0.225116148382582,-0.542949821057592,-0.301475452251077,-0.774404199077816,0.588406156202612,0.259251943088706,-0.259421742998439,-0.448651740541982,-0.182154598090943,0.106587822441769,-0.0235774483652342,-0.000568285199612849,-0.121141094452924,-0.216084739872372,0.232575258605157,1.14906932301819,0.112759690045814,-0.206558376020067,-0.179764933510819,0.281855771225545,0.555355913183804,-0.109913543734617,-0.407443212902723,-0.186316336716234,0.732750025005436,-0.0621057130714048,0.519777022708088,-0.446850995292449,-0.486704119858121,0.0812988792788107,-0.776011976831589,-1.15199685904153,-0.413228992812624,0.275355412589829,0.0540199226299471,-0.276432637472636,-0.328821091878804,-0.038819727394599,-0.659857015938425,-0.0433962465050136,-0.266117660454301,-0.29587253838839,-0.305441513752217,-0.0672155032240123,-1.10471600603044,-0.83760375809282,-0.600779807111872,-0.956743573886564,0.580424621207935,-0.0119528464023372,-0.53113887024104,-0.327989979087089,-0.767667286471634,0.00649687337470359,-0.201629131750466,-0.785105509209503,-1.34709937989096,0.0436062784368473,0.0157891018018844
"MSSA_Tm_3 (GE) - TPM",0.159988904898486,-0.14185138678965,0.720218202835665,-0.672686119352566,-0.0250988078441151,-0.221924145471508,0.518885895134053,0.774213279309153,0.849043890727689,-0.564111303981539,-0.489740739649255,-0.403075933678301,0.747869884339299,-0.137643826367463,-0.246772128849163,-0.29247231747551,0.670440353292904,-0.396030154629576,-0.424435318589616,-0.213637009757849,-0.1962273297059,0.0358947590747603,0.0203125242600704,0.0429941536677008,-0.219079620835572,0.0733116792311487,-0.478307113362354,1.29998790157921,0.395885827909674,0.917155184188141,-0.244577948599953,-0.378696083915907,0.521345697519354,0.122491270893627,-0.232253631415256,-0.406115194808794,-0.670803033564017,0.732951197348931,0.119120460927888,0.159777537054932,0.0661779364382513,-0.303829125669939,-0.807491770514602,-0.796229504463016,-0.293788840459133,0.561110957771107,-0.0301097779725167,-0.973596953681213,-0.467781058723643,-0.546342743441575,-0.440725825076995,-0.207049333554183,-0.214523571651035,0.473092341642485,-0.225881458904371,-0.0512420044429851,-0.0430791676495342,0.606248313486722,-0.779897561568498,-0.242993315128915,-0.0972476497183817,0.332518703617947,-0.969861751440021,-0.535630948380631,1.18795340832766,-0.0284616247824513,0.598429494299689,0.0704422902276176,0.472359937280581,-0.113549429110468,-0.259015290710075,0.244699292981302,0.698803483090132,0.00463711466618379,-0.588254956538361,-0.661082244867177,0.214723481244231,-0.274115703734587,-0.506628330341288,-0.470066514753022,0.283921706268499,0.0262253429688698,-0.105886274065378,0.80335127349349,-0.404318651185564,-0.365726792856979,-0.157058617051237,-0.647903389279005,-0.479986705765804,-0.442621110269872,0.295773168703026,-0.0691225742080761,-0.42470539641357,-0.618455751161745,-0.0941954181222412,-0.181390987121222,-0.358265068026401,-0.217531248955905,-0.14920724886224,-0.0492604421445994,-0.0955719467591942,-1.13098250499947,-0.120248278311034,0.482151344171828,-0.463264097192799,0.375522815621964,0.0988803126086191,-0.432288107736707,-0.0945321352042566,-0.579428699773446,0.048625215169466,-0.187266865095271,-0.763597456287778,-0.141768914531072,-0.607746412696814,1.8047653455131
"MSSA_Vic_1 (GE) - TPM",0.57234570391224,-0.468157756391646,-0.601524918511117,-0.556347569415938,-0.0449870992426983,-1.14306830936867,-0.200932175335962,-0.757405266041259,0.294409599854234,-0.899865161266056,-0.453202563918019,-0.611575062098971,0.369698157780177,-0.00820199958484702,-0.336425192929727,-0.377770283052309,1.30245319040901,0.36242067495338,0.0464057406861368,0.0134054905015061,-0.0534158726858032,-0.848744412697529,-0.715895221899541,-0.826269121384827,1.36273794774855,0.799125331166212,-0.0739364826410716,-0.299224938412037,-0.712826711603418,-0.974015360754815,-0.969131918486966,-0.122362302118888,-0.209171805672627,-0.33345418216943,0.0705277080232247,-0.0159768166357845,0.0418357200723326,-0.682701303412797,-0.353660563152355,-0.19866664631792,0.0233692571603549,0.148703894414365,0.105419159356299,-0.463306302708063,-0.0418167070883733,-0.0118421940735978,0.739774615993748,-0.657854381108041,-0.870907715067213,0.0516749445739276,0.483348366910544,-0.489142663318836,-0.691026017498759,-0.611599338984899,-0.595944722697164,-0.822110626824165,-1.07334342741414,-0.644666650934729,-0.739999573213206,0.292561767403173,-0.264114839629311,-0.165959638159461,-0.156616103119829,-0.572738297870014,1.43702568155824,0.732704737805215,0.158777894727443,-0.139139909551184,0.0575947666392917,-0.842184135211967,-0.678360580775943,0.0319717130615417,0.425136130036466,-0.00328323101136674,-0.732185139564739,0.568579555093639,0.648865176714397,1.47701579750557,-0.0929185296247398,0.562421832342213,-0.56903770600139,0.456337623796511,-0.559808757628809,-0.839479062857739,-0.555911549132336,-0.531488233443385,-0.225700509859179,0.9586987024494,-0.151423833083373,-0.686400599143189,-0.384391264134606,-0.310982970660054,-0.259236121767525,-0.773258823209358,-0.307306044590563,0.1204304440248,0.424846737519291,0.444147274322958,1.10040946892188,-0.471883433654869,-0.722270089546182,0.244415634120745,-0.322973347131758,-0.552201369956226,1.15910085536876,0.396721048283178,-0.0765590907271345,-0.566821078174904,-0.582979042375057,-1.19761375394771,-0.249792890446621,-0.537433403653954,-0.923586696471942,-1.16473819150996,-0.159148763386626,0.97425376175466
"MSSA_Vic_2 (GE) - TPM",0.57887281670682,-0.357755712204481,-0.332913017741759,-0.18843000432564,-0.567129207731251,-0.3386624189017,-1.52149237190542,0.927895570950644,-0.678659077414228,-0.555500923997207,-0.81261992917646,-0.632593326283011,-0.160652451824008,-0.761780806250999,-0.452642000269774,-0.388929129874581,1.84705440929059,0.213679838338086,-0.115637720796746,-0.167522586835237,-0.182314194881774,-0.499008878407911,-0.641021217181033,-1.08540068237719,0.924068328941078,-0.521526939943937,-0.0626578155802628,-1.28157038380503,-0.99310629133514,-1.00517173717782,-0.753811394811431,0.22370818557008,-0.555361293829933,-0.457105855447563,0.377922910292183,-0.172090164089361,-0.00309448083504617,-0.880681429862068,-0.223282390719898,-1.01183060088905,0.258517001088234,-0.214414649001895,-0.393178763471199,-0.474469555803235,-0.367519552660637,-0.224845858138642,-0.356665931695118,-0.805475181653063,-1.20630136545851,0.016191463466132,-0.0285766323683372,-0.523148456736717,-0.80083928260572,-0.659367347767381,-1.04377887102,-0.96891203796464,-1.09189597680176,-0.773411615939461,-0.618722404384248,-0.0855903137882346,-0.31496436117052,-0.439309610323652,-0.452173554561355,-0.695844625758622,-0.744278809287076,-0.715066646652593,-0.670574050556825,-0.40063715443051,-0.214570182625298,-0.93037830854936,-0.752803654674251,-0.241498926120674,0.183587753110422,0.0644193016477452,-1.13627196679785,0.200858361062504,0.950559639775076,0.580187468432957,0.37778047927052,-0.904816583661073,-0.296504946738193,0.199948158418911,-0.316294690293386,-0.864316143307638,-0.477814075603385,-0.499807992195342,-0.457934099016124,0.223540759510674,-1.01402505801925,-0.697560957689548,-0.675092196885866,-0.645761063108081,-0.639932170091525,-0.319745739100807,-0.248148876001113,-0.617892057012371,-0.301249127759917,-0.0888517489288808,1.30402224400296,-0.726666072362549,-0.934310767783482,-0.909762842865569,-0.352766533479379,-1.04850775646129,0.530086919997344,0.865558278322309,0.589928082304044,-0.717398469895232,-0.937169867842076,-1.23580970541412,-0.556243341360208,-0.581630099049787,-0.624330389967274,-0.987278075905446,-0.324875748134823,-1.46358421225818
"MSSA_Vic_3 (GE) - TPM",0.386341839461031,-0.49138946077464,1.34672214403906,-0.712668980038151,-0.340730254873982,0.327619422494003,0.141583005064875,-0.582966740107282,-0.158469407194389,-0.739505504590274,-0.781936471890124,-0.665603167569399,-0.276686080385469,-0.343656025039661,-0.454497757683712,-0.420518391561372,0.653715861896971,-0.170666011945284,-0.150495112834769,-0.228430482212557,-0.173932339492225,-0.52857615609976,-0.951446283102986,-0.44196382160129,0.445032236126442,-0.261738900691564,-0.505384052266636,-0.694333200146267,-0.857908311609391,-0.49078512864152,-1.0571847165502,-0.468063341520392,-1.19255506738905,-0.442275612128391,-0.497920485661779,-0.211613217646231,0.358166090040234,0.0909824618682369,-0.414085903665309,-0.840152120996642,-0.0654311695412033,-0.429710690387344,0.306310834851993,-0.355629473836463,-0.343847807678293,0.0527162809269352,-0.605192340264369,-0.786854756153528,-1.12867163980716,-0.325814866221404,-0.453236970293281,-0.552717549119024,-0.797236404050733,-0.418296149199847,-1.12168417646437,-1.05684052454127,-1.19268108721933,-0.861400343217599,-0.52333028394806,-0.398439893413782,0.318156353975666,-0.534601639301383,-0.794077600448071,-0.553327344712023,-1.0555165134301,-0.727617564318102,-0.0202379799296818,-0.62500437413333,-0.455766096789207,-0.931344544866415,-0.794905329879687,-0.420561052937208,-0.498627041575551,-0.180960278202946,-0.774487636747102,-0.0925667641492901,0.360017158438076,0.467411311877211,0.0318372092907734,-0.165943477989508,-0.687848892011823,-0.0314570572455318,-0.623653039106394,-0.938610551009331,-0.587328734602246,-0.523474470115128,-0.66967279709707,-0.0748867272446097,-1.4031880222577,-0.849330981412484,-0.494410053776748,-0.676107761206989,-0.382804362247609,-0.350713700797902,-0.319626727453459,-0.62385799983212,-0.252198375076819,-0.0357265246836081,0.78261968450481,-0.633166410148316,-0.638322992556761,-1.57020042200888,-0.567896735434214,-0.631006521896227,0.920114546091003,0.357517653651433,0.245592738196265,-0.772171359107261,-1.01951393694346,-1.25920646311361,-0.564107831928984,-0.598086572785219,-0.740711551981333,-0.319079045715799,-0.374441497747043,-0.975935607510515
