"","NMC_RS00120","NMC_RS00260","NMC_RS00280","NMC_RS00390","NMC_RS00435","NMC_RS11570","NMC_RS00850","NMC_RS01165","NMC_RS01485","NMC_RS02100","NMC_RS02585","NMC_RS03765","NMC_RS03825","NMC_RS03950","NMC_RS03955","NMC_RS03960","NMC_RS12160","NMC_RS04380","NMC_RS04385","NMC_RS04390","NMC_RS05200","NMC_RS05210","NMC_RS05350","NMC_RS05710","NMC_RS05765","NMC_RS05770","NMC_RS05775","NMC_RS05780","NMC_RS05785","NMC_RS05965","NMC_RS06500","NMC_RS06505","NMC_RS06935","NMC_RS12625","NMC_RS07605","NMC_RS07970","NMC_RS08185","NMC_RS08615","NMC_RS08690","NMC_RS08785","NMC_RS08920","NMC_RS09220","NMC_RS09250","NMC_RS09390","NMC_RS09590","NMC_RS09710","NMC_RS10300","NMC_RS10720","NMC_RS10820","NMC_RS10830","NMC_RS10835","NMC_RS13390","NMC_RS11175"
"NMEN_As_1 (GE) - TPM",0.141077214369387,-0.417748757031222,-0.623357540586786,-0.162963656802783,-0.227388879182006,-0.427683461018313,-0.0923116194725521,-0.649528164498204,-1.08715806031624,-0.761834719093136,-0.381333111550012,-0.191831133359124,-0.797168443464291,-0.783433177944196,-0.898320469377285,-1.1152281637785,2.48742170214196,-0.756880690819965,-0.7361509158207,-0.663162585721089,-0.388292557387206,-0.770820293879206,-0.555575170747433,-0.691683369529988,-0.551605902368087,-0.517864936582511,-0.652129904879337,-0.671401570348545,-0.579605419285967,-0.0646603733635552,-0.746134650615635,-0.62790770745114,-0.801010432734889,1.01255607747328,-0.0268037262375019,0.0274647383334882,-0.729133438032308,-0.776352919803566,-0.703920228845987,0.046722135826844,0.727930412149387,-0.0436509288523835,-1.49015472262245,0.563519744679543,0.541383452603244,-0.640385470933229,-0.403996284615046,-0.673803088527256,-0.443098659645258,0.306935758649823,-0.8348717982512,-0.509731861591584,-1.20641993294722
"NMEN_As_2 (GE) - TPM",0.0891119864457798,-0.617136160591908,-0.436432163064818,-0.226290810090214,-0.227388879182006,-0.427683461018313,-0.10303852806588,-0.779882498741826,-0.221392211142796,-0.495699271770325,-0.998104209247368,0.203301056236344,-0.846241363573686,-0.846600786051213,-1.14071118974277,-1.04727811071206,-0.288438404781369,-0.716575476463322,-0.68539221314088,-0.849867251597154,-0.593594649319834,-0.913612769292056,-1.17342296988943,-0.791990795328357,-0.596380779377376,-0.581955655137129,-0.633717326101978,-0.591383085582176,-0.86171766426035,-0.609645551271968,-0.624374531936157,-0.676170116056355,-1.08034102021935,0.171212826023917,-0.507629595719575,0.454146535282102,-0.809477366730028,-0.624763780455293,-0.798668604302541,-0.201057784093652,0.335888552059681,0.00592210300356074,-0.95096578372396,-0.594293847416849,-0.00500221586429472,-0.195174604284838,-0.593284664104054,-0.546637315092336,-0.377637190926267,0.355298654327732,-1.04176432395042,0.0682111697691574,-1.14866336470804
"NMEN_As_3 (GE) - TPM",-0.237993575487427,-0.75936157245916,-0.358685069332963,-0.480243513455116,-0.227388879182006,0.282809949005637,-0.33847828494969,-0.715386398527511,-0.638774534115954,0.0709701678568315,-0.278930515804841,-0.3597905463549,-0.969142876209628,-0.940629613293786,-0.854299985139448,-1.16554486199273,-0.288438404781369,-0.716518918692995,-0.857279153769235,-0.592885151941032,-0.45329754483325,-0.83708574803316,-0.702300047270117,-0.816137759572474,-0.590758478213354,-0.571618482684733,-0.671856816011173,-0.677489854230627,-0.683444836728006,0.143119465397781,-0.677804945419381,-0.453044908033162,-1.12660947481814,-0.277959449067878,0.19003414718447,0.25486806304195,-0.649749037807102,-0.917407471370563,-1.01547007184849,-0.335640242360685,0.123984546275492,-0.1532041563836,-1.64911991600018,-0.733575076062953,0.0435493334391482,-0.623332367272246,-0.475417384148593,0.0655342249240621,0.0595171304327117,-1.08423294033983,-0.943027976996875,0.340029350393877,-0.945185082419749
"NMEN_Bs_1 (GE) - TPM",-0.50848195300414,-0.262028704086858,-0.8231107006625,-0.220935811308443,2.57021329554371,-0.29765074848999,0.547819399253097,-0.827257276085101,-0.197755964553026,-0.110963276839176,0.447373068116451,-0.243378612288518,-0.715996728199164,-0.331368975629784,0.694639886673502,0.496761375807484,-0.288438404781369,-0.324360547166987,-0.590171454963687,-0.808812908897865,-0.573029721471798,-0.599821750975027,0.324207764318988,0.329410451165292,-0.416506357114467,-0.478620252653772,-0.334639259935774,-0.460293879193524,-0.537973497863276,0.200395444909313,-0.480418069496956,-0.421784894024142,0.12744789399355,-0.991686237727885,0.052454901118077,0.0373319075245271,-0.50496847537111,-0.551417598891138,-0.662956857119269,-0.336839800141956,1.53934798756272,-0.152657180720141,-0.580519948024713,0.276696170724237,1.57706774613976,0.189330333796764,-0.195625088433702,-0.284090538347301,-0.302997327357489,-0.294801486200871,-1.01575418390991,-0.0768414112283679,-0.293151284537951
"NMEN_Bs_2 (GE) - TPM",-0.324560999542649,-0.520254426256149,-0.870801946090679,-0.587395323822925,-0.227388879182006,-0.427683461018313,0.609999097978018,-0.968016990479848,-0.227076877273738,-0.133333515370664,-0.104585946188658,0.292690556570445,-0.790328681006898,-0.572434733620827,-0.0376650389981027,0.0533081621903673,-0.288438404781369,-0.437045591730002,-0.587345070731577,-0.834401759353193,-0.540954046908787,-0.775883559595008,0.295535311795811,0.141048383442032,-0.425031984458805,-0.508318051757283,-0.472922054459914,-0.558846466352783,-0.603702230758924,-0.0766257612331057,-0.490710862562608,-0.390236048986959,0.670878127796653,-0.761215447936962,0.0529155266304635,-0.23114086658762,-0.513536002574434,-0.73773101335636,-0.822822010108704,-0.139755616544106,0.270843801563766,-0.356336121719527,-0.994222769482629,0.203369898157771,1.13056270380894,0.157532163479107,-0.657316414416186,-0.378907740325303,-0.59268273755899,-1.52859372560141,-1.14253938572977,0.912021097258083,-0.412422702224521
"NMEN_Bs_3 (GE) - TPM",-0.372573053772175,-0.654710150272276,-1.16574599884738,-0.76736174604417,-0.227388879182006,0.219512795379017,0.256137974653155,-0.936083794264875,-0.143266943210667,-0.0358860863400566,0.0577094343815657,-0.128775749085565,-0.799074231124984,-0.572156654039518,0.0836536163290786,0.34826927427253,-0.288438404781369,-0.475025896663374,-0.627911296356871,-0.863373405700365,-0.70729290386106,-0.872963897838079,-0.704074321837267,0.323302751837825,-0.467121397988197,-0.556047663926864,-0.518411104808094,-0.605702127738618,-0.728558486973181,0.197099668363431,-0.439585717173501,-0.383424253309099,0.167192430915138,-0.258771539665133,-0.0523499714495023,-0.318915279787567,-0.506118370748947,-0.752964916161934,-1.01273244063233,-0.803694869069576,0.392405938881547,-0.138177118045174,-1.08573442367804,0.363331179165813,1.84256693325569,0.455231167056863,-0.365830716607402,-0.405481341228186,-0.693580212545356,-0.77009901901379,-1.07906862637722,0.0242562153718772,-0.597171200532326
"NMEN_Ctrl_1 (GE) - TPM",-0.636704433346681,-0.812269132587722,-0.920813067506433,-0.461073322935295,-0.227388879182006,-0.427683461018313,-0.510946125386619,-0.0953082916109943,-0.339332875705987,0.263127460982731,0.110327450040639,-0.575016432512573,0.0653158079859319,0.3586985499003,-0.214251977345576,-0.302925864474966,-0.288438404781369,-0.145999934195233,-0.142800409666915,0.148683163560417,-0.111043954607847,0.516686559251718,0.661413823342481,-0.442947539564697,-0.48443805956101,-0.377065220932609,-0.444634304242192,-0.510315847191478,-0.270211307817243,-0.560849644798811,-0.0789996782753028,-0.183800635067352,0.254667730155526,-0.722720971511099,0.186482097245893,0.328546989025479,0.233764977875241,0.000287937954555424,0.412823402375928,-0.401722357698686,-0.422718635933536,-0.177995351380158,0.466882518170962,0.57080981004277,-0.655518797123023,-0.491254592107637,-0.633872324105306,-0.423929400415408,-1.0272639609182,-0.192127662001899,0.039701080718636,-0.257002221182188,-0.282917568836937
"NMEN_Ctrl_2 (GE) - TPM",0.550089905687474,-0.747949082056181,1.54603675229778,-0.145614016913221,-0.227388879182006,-0.427683461018313,-0.584715462048673,-0.183961468909437,-0.930609671406717,-0.045707396605007,0.780298947991528,1.38964057288038,0.0100466222696817,0.0909758280061492,0.0658604756642645,0.0849155960883489,-0.288438404781369,0.125518108828962,-0.391945288025949,0.384824677068448,0.528972120785458,-0.0187556868604969,-0.671964212993134,0.633576875978535,-0.558552648151938,-0.4995745278703,-0.617816983720571,-0.469394329066917,-0.0762391913161043,-0.331961402565731,-0.34043645816725,-0.770520289720297,0.78218320858392,1.6104099258094,-0.513603252209027,-0.176363216069976,-0.234531652308218,-0.0642360891121689,-0.0210168024092898,-0.647339206625019,-0.320873074284262,-0.0322586616236525,-0.391374570435924,1.31422067068904,0.38070690919547,0.216306644049108,0.119189235934886,0.668230547101392,-0.364771757194903,1.12275297167995,-0.0230467218142073,1.34332188075849,0.214872578377948
"NMEN_Ctrl_3 (GE) - TPM",-0.0288965096783271,-1.03006488057277,-0.270929967111594,-0.214124771045005,-0.227388879182006,-0.427683461018313,-0.290037982452993,-0.61106883540153,-0.255866844356652,-0.385304168649095,0.754172440962751,0.18971718653451,-0.126681490192643,0.490103890369208,-0.263696260827909,-0.478409275682991,-0.288438404781369,-0.517008307128151,-0.16429181886751,-0.0131338422229343,0.526806838118521,0.0880403403787631,0.364113287502723,-0.21564423690616,-0.511138948250847,-0.494719290479684,-0.545111383061771,-0.427552592549475,-0.345123609010224,-0.460476706427851,-0.378688185078819,-0.319722795395312,0.77786210997851,0.304984232458703,0.284529662452645,-0.282816160745087,-0.560865565627985,0.111211475271773,-0.074443894010609,-0.181456586953634,0.100023232071771,-0.013370456865636,0.14819418535453,0.298565431145122,0.277462816799048,0.0191407035102406,-0.150896614067527,0.202305723042578,0.878453738038183,1.14488704345314,-0.00431262102922958,-0.151387224043419,0.111140731058568
"NMEN_Li_1 (GE) - TPM",-1.08858854856931,1.18325994324967,0.817121449138969,-0.683747318357291,-0.227388879182006,-0.427683461018313,-0.432007702271179,1.28739562377241,0.231052520910779,-0.518508288481266,-1.8050703348202,0.35758828312991,1.53594318295753,1.5402431011439,0.491434853355352,0.0355744563491421,-0.288438404781369,0.632572508968636,0.821588532906215,2.55318838805528,-0.586928126057982,0.841031162223673,0.602745967871078,-1.52719958191257,-0.330883167186084,-0.194541337992043,-0.367179303646019,-0.032857906696503,0.630770573957833,-0.988636709601116,1.34912089082777,0.702715585055602,1.08146204346465,1.808019497394,-1.15867048935467,-1.19531725013708,-0.425646702776344,-0.799512322318252,1.93227382283123,-1.4152834809227,-1.25317310626973,-0.0963476844114188,0.801322044641036,1.38081901372407,0.0719091160834501,-0.973480794261671,-0.835973494878626,-1.23889465211577,-2.20521712974811,-0.57817623127179,-0.812051294201369,-1.2158644637004,-0.910225911536673
"NMEN_Li_2 (GE) - TPM",-0.473872209686922,0.386043382796739,-0.702882859114182,-0.785554014839008,-0.227388879182006,1.21120696968184,-1.0789762087971,1.85058636013984,0.360946623667604,-0.00409312269982854,-1.39586930365681,-0.8827195496277,0.519812210548931,0.990141895246322,0.804437343364999,0.113494139140908,-0.288438404781369,0.764000153186091,0.925670821241387,2.73652305982017,-0.252177026688073,1.30184417805749,1.09845646321024,-0.775303973240549,-0.490873030474993,-0.378109524185788,-0.37177536353505,-0.248190022089596,0.529757040574308,0.988482084900147,0.86323392668923,0.1274914036491,-0.0894848388426217,1.48594035567915,-0.343226258218072,-0.941010053718167,-0.376070166752267,-0.672346558966133,1.80123674016345,-0.872806191129271,-0.217373781408716,-0.290967041165106,1.88876547176669,1.75941564778325,-0.458471749077124,-0.747307413760428,-0.542889275510363,0.250455833925449,-0.804317988851259,-0.143592691832629,-0.237380301720425,0.129999259525011,-0.844069757990298
"NMEN_Li_3 (GE) - TPM",-0.776747460870999,0.214744627834489,0.840197680804502,-0.793965644661572,-0.227388879182006,0.488781145955502,-0.372278519544936,0.498900935823228,-0.153652075641672,-0.0119043244057522,-1.43552236006935,0.471761977478074,0.706436582848902,1.0614801937445,0.4851280609616,0.0261269813397165,-0.288438404781369,0.361529977823851,0.54386428389284,2.22914818237561,-0.32739950332348,1.01134292299492,0.451336224735229,-1.14350358503862,-0.499599527619674,-0.452371120986648,-0.460113613037474,-0.270223837609745,0.327398928368357,0.920384123744451,0.722530592561154,0.272264506678502,1.8085993799863,0.691260522858617,-0.0162687729535836,-1.26059456403351,-0.825111753205165,-0.419500059915234,1.13730014175283,-0.49541458741255,-0.628562658209666,-0.00399061927571231,0.227828620954355,2.00023689868784,1.28159329754263,0.138702514427681,-0.501534366589783,-0.205622815420953,-0.709376249329335,-1.71599968216679,-0.6723085206967,-0.714128067209557,-0.901637057440676
"NMEN_Mig_1 (GE) - TPM",1.26101713241632,1.25471982715695,2.5021564556048,0.222748956533856,-0.227388879182006,-0.427683461018313,-0.66539551495162,-0.529671430475366,2.19729903049267,0.402489989185759,-1.4390046669121,-0.380171453548759,0.881687651457565,-0.174737378271196,-0.948032345037159,0.625782119852283,-0.288438404781369,0.132817836266096,-0.0977881882901601,-0.408813736671866,-0.718809959932072,0.10393671739268,-0.339110245453346,0.94194933602993,1.80768954407402,1.3947082553045,1.61812355778472,1.34446959204784,0.599624499279464,-0.00837916161101109,-0.415216573274772,-0.102582423191402,-0.377274434327552,-0.774731357019182,1.29599203917476,-1.07734540547091,0.443147644954864,-0.350022152028584,-0.312224554516093,0.149207085439539,-0.0657969927591163,-0.732615599986247,-1.20777480646246,-0.719986531071445,-0.577966076532663,0.869512324544374,1.23050911248359,2.52650729182653,1.00340461038645,0.524417496806652,1.26002625325391,-1.2158644637004,1.74200056693601
"NMEN_Mig_2 (GE) - TPM",1.00770211012101,0.464262707244985,0.120343900894755,0.323322211207708,-0.227388879182006,-0.427683461018313,-0.112472802479092,0.58461000705492,1.56744691095907,1.5569359621849,-0.0267839992105951,0.819475382827621,-0.390074253058167,-0.599777123626756,-0.539809563015014,-0.0259641649035424,-0.288438404781369,-0.251505940906163,0.5401814486919,-0.39764114651051,-0.410332426607719,-0.622778780455103,-1.29450046500291,0.194310788985453,0.714641425118102,0.462031636152492,0.837212004192924,1.09103689181761,-0.425602851015964,0.223021404969807,-0.242977010948793,-0.22978131961852,0.371313020255118,0.284630638095064,1.87292712534385,-0.0409200122225747,0.331893967470854,0.151685938991195,-0.317073840848917,1.15763417467263,0.708020279126677,-0.324205372733128,0.95674101415033,0.732717470993615,0.495653860279738,2.07616646033068,1.40639200030377,0.736383452026606,0.0223672047975556,-0.400405878598954,2.23537914022938,-0.425009731320984,0.843138770156717
"NMEN_Mig_3 (GE) - TPM",0.843672519030034,0.924656331973749,0.572074866122704,-0.0594018991710061,-0.227388879182006,-0.427683461018313,-0.34212048735392,1.03830121025077,0.355391474384728,0.256766709515314,-1.00306845009017,-0.958130518545978,0.27773875058937,-0.386621905017075,-0.719038710025951,-0.130259341186141,-0.288438404781369,-0.311119831000415,-0.138784666488945,-0.510178891751199,-0.224188831914432,-0.163244601488203,-1.0587214003702,1.36600075111158,1.34223873397513,1.66061151881566,1.80543265471463,1.37904255664814,0.680757125208603,-1.41195089153682,-0.567017996404267,-0.218139330110067,0.0849904759291886,-0.140757006527641,0.166905233483957,-1.42512582827407,-0.762986513428739,-0.386890612984175,-0.0766924542246683,1.14992780168883,-0.638238189616612,-0.338380344983386,0.323860967001174,0.0877350507014774,-1.54883559222734,0.928287833710523,2.09618317501888,-0.77433733937155,0.536260861874946,1.3879885212346,1.57292549706559,-1.2158644637004,1.54230958639644
"NMEN_Nd_1 (GE) - TPM",0.86264434868839,1.33465842155422,1.41786696883162,2.06885027284176,5.16100859664449,-0.427683461018313,0.866624081118025,2.1255890400856,1.3066246379155,1.68232724323576,1.83936291790601,0.930762309193701,1.82325962801413,1.20821987372759,2.28088854398062,1.91437502271841,-0.288438404781369,2.83898330986878,2.19761550188248,0.256232603214096,1.6611685237177,1.59869834919148,0.273920665921578,0.428332254508315,2.72091564042982,2.64811554253704,2.31386796606369,1.95797752536575,1.97780299818581,1.12997517115943,2.6269534288351,3.28271576109199,0.341784567895088,0.138528286330214,2.32787025450526,3.17679411387772,1.06400167773795,2.0890139749505,1.87203015819044,1.61924659473212,2.23404415873543,-0.050758523241156,2.69083702193174,0.312086202077315,1.0409914880425,0.980217247133807,1.24400365558529,1.36935546435471,1.25975640835984,1.50489383373521,1.48388411508636,0.155289419436863,2.12916100232682
"NMEN_Nd_2 (GE) - TPM",2.6846620521035,2.16573209834687,2.54667027399103,2.66542553354972,-0.227388879182006,4.73038311035964,2.89546773703247,3.08364664960434,2.00118706252985,2.55960909601006,1.68114586424001,2.98567282574184,2.98831787668734,2.35817291526558,2.89744464687066,3.28464401416258,4.3369363135888,3.47773147947235,3.59924172013129,0.953191105733524,4.51318459016964,2.34680692479746,2.9430426275885,3.18227925609698,2.88595188473845,3.40101965558064,2.83586053887529,3.58123006794255,3.92882579844772,3.05505814173874,3.21925303410253,2.74096285540045,2.97748467882012,1.3310745979558,2.57749911448028,2.81338942668557,1.48080910401957,3.15663647326473,1.99953402288883,2.47480268317023,1.50268895913502,5.47624604013716,1.27112014896664,1.49947572311617,1.70415556093601,1.81445089177957,1.94671632990796,2.63511816237825,3.22475449576108,2.98090216333999,1.85091005350911,2.07866686157798,2.2726554370677
"NMEN_Nd_3 (GE) - TPM",1.64752558124472,2.79059781449449,1.53162647117014,3.5066077869243,-0.227388879182006,-0.427683461018313,3.65750739129859,1.22632225817495,2.0195922400336,2.65545532346329,2.53350950516863,2.75987565908313,1.99420965191037,1.33133570088251,1.4811761896147,1.41256075117401,-0.288438404781369,1.63767779327175,1.33122028689683,1.25377438188926,0.681799130044921,0.667848360818268,1.54229159612319,1.93341847938622,2.61714246059975,2.15398927065781,2.06339980905292,1.79871841329548,2.23968892376578,1.42937921757893,2.97605425080386,3.08256937679111,1.83531926279724,2.31384836310678,1.74880353816429,2.0797200714011,0.665561308795159,2.71846986388813,1.6010900804629,2.58069714560006,3.35051266942415,0.114093753965716,1.03412557262067,2.0717668490411,1.75968278033853,2.87749831240099,2.48404506638522,2.13350023182772,1.17581827610336,1.4705604265442,2.20138271804202,0.494035976663805,2.06336906982668
"NMEN_Ns_1 (GE) - TPM",-0.389232116854262,-0.907991855600527,-0.168198936185384,-0.589835993513004,-0.227388879182006,-0.427683461018313,-0.672368123182107,0.630374261203206,-0.196756711700429,-0.612662597800439,0.403409672994898,-0.716672796615977,0.530587239979211,1.12880898491723,0.340829540736528,0.344364939071721,-0.288438404781369,0.222886286447528,0.585565410141858,0.94228325062106,0.395429068390243,1.81825249358423,0.0307638750744268,0.0692128391918587,-0.401209671251397,-0.342977751521652,-0.446959533373407,-0.305573629823184,-0.14549057197701,-0.507203922781196,-0.153830761398603,-0.104072285925709,-0.0984612823036081,-0.853314810525834,-0.337810073688562,0.090684220618052,2.65491060933701,0.286601446780868,0.528655057709896,-0.366774065458993,0.445175331340553,-0.208278880830892,-0.320240991911577,-0.0192302625024442,-0.0254583517074258,-0.92492736524341,-0.587820739596565,-0.622942248568142,-0.692980192260687,-0.752203104558295,-0.0515443086802965,-0.187483460647416,-0.108587119881793
"NMEN_Ns_2 (GE) - TPM",-0.739346971916953,-0.888920763547745,-0.561488515645152,-0.846329047906116,-0.227388879182006,0.0723304318879856,-0.783892637514541,0.463538610242841,0.130652680012121,0.349700772370711,0.710416924629113,-1.32064324668101,-0.120298745422973,0.799734545756009,1.21800897242445,0.133056812192817,-0.288438404781369,0.178931646754187,0.435937660984568,1.07060382981169,1.22983029851229,2.03224650743695,2.13099485175148,-0.0198122001405233,-0.447457557996595,-0.356844822684253,-0.378467686676883,-0.396243069340086,-0.00159270343005994,-0.122537487434993,-0.109674775701578,-0.417589361903279,-0.167354196633311,-0.097085281114962,-0.0729468974306007,0.526582761405075,2.73125264516417,0.743205505038504,0.646881019491484,-0.393522048763312,0.143006107529831,0.00779421801916238,0.883475762281827,-0.909550850890931,-1.06800897764035,-0.954138246894083,-0.728214170862628,-0.315071677290172,0.277894286360197,-0.300890187904857,-0.0756401763802887,0.289718423034416,-0.373085943807529
"NMEN_Ns_3 (GE) - TPM",-0.291755389296431,-1.07868911635352,-0.791157510413262,-0.46335968809837,-0.227388879182006,0.126656484846563,-0.962970690050278,0.0932291785236894,-0.556821976578972,-0.209727562940605,0.632117795401252,-0.872642926539332,0.00907558482389883,0.653964721429709,0.599628115650115,-0.230506679479359,2.69410934205441,-0.0371887496467916,-0.0705918216859572,0.590148079494517,0.612917724537511,1.36144837134547,1.07673132780017,-0.48566352072017,-0.470781992600905,-0.435033070705724,-0.42715636267064,-0.404814846554574,-0.287949877478751,-0.148482595074834,-0.290347316074628,-0.477307431774746,-0.34740000109242,0.0945283526119838,-0.815219887977134,0.0526745454420066,2.11006997414978,0.22886672657669,0.416375921564679,-0.75415644530332,0.277067131608024,-0.255169776234303,0.0592103210086092,-0.418995229462029,-1.13061881315206,-0.88636217104426,-0.624414628068286,-0.00921649903362532,-0.0360661668282784,-0.714083437449475,-0.0124551289107906,-0.608896066206293,-0.615942967427103
"NMEN_Oss_1 (GE) - TPM",-2.13858962203392,-1.19565145272127,0.172916034858991,-1.1552463277279,-0.227388879182006,-0.427683461018313,-0.790168901298128,-0.712324578484207,-1.86270260681951,-1.74356342743688,-0.840520860251589,-1.3240472742575,-0.791651982125834,-0.967658137816376,-1.09561066447156,-1.21504581439279,-0.288438404781369,-1.10370772245772,-0.905377158141379,-0.622666278767096,-0.577012137563855,-0.742283688911843,-0.0436406871855649,-1.5303674459414,-0.501035258635203,-0.532386624106935,-0.60748686213764,-0.6627998888303,-0.775549234916375,-1.28623905684024,-0.334311698192067,-0.445849355933757,-1.51455765087679,-0.628014371259243,-1.51592730538959,-0.472946078542515,-0.61972742803404,-0.800139354873621,-0.767700396807226,-1.07443931408203,-1.28408184116583,-0.890091050615436,-0.587271261119298,-1.26977137412999,-1.419885555821,-1.83076233005637,-1.45708788936416,-0.807924757261396,0.865839840018818,0.372050645045241,-1.03240799893782,1.6923921648224,0.174693859976599
"NMEN_Oss_2 (GE) - TPM",-1.99742857409243,-1.1944326214784,0.459122442129095,-1.21961786731979,-0.227388879182006,1.30863545097883,-0.754312892863086,-0.779245918399983,-1.89280465938274,-2.06979289853222,-1.1664542157536,-0.438326220863402,-1.02593299544326,-1.10372224498971,-1.23138226545021,-1.43277924921121,-0.288438404781369,-1.07180249323025,-1.00917437458551,-0.93366384447218,-0.657013303810372,-0.866342688619818,-0.0991366374715599,-1.65819979703021,-0.591834724752502,-0.580605105229999,-0.673103843310322,-0.696630958270409,-0.841732011699908,-1.86236727385505,-0.50126233087617,-0.64056320538465,-1.82949252502607,-1.32347770951379,-1.5978954460304,-0.820587186346007,-0.725938672316701,-0.977922745970029,-0.833145423918524,-0.943750248309965,-1.12401334432094,-0.844703875145509,-1.06415650031409,-1.84656122566251,-0.524414658714013,-1.85811585333726,-1.66638914940851,-1.57705751747711,-0.804254241820372,-0.126210142029603,-1.11431087420212,-1.2158644637004,-0.761631446359469
"NMEN_Oss_3 (GE) - TPM",-1.85428281946828,-1.51952008267265,-0.440044609864452,-1.2381423784183,-0.227388879182006,-0.427683461018313,-0.633513673365073,-0.750672845089178,-1.86579235435246,-2.14251447650842,-1.73140420704595,-0.249000650450042,-0.928739701838633,-1.21623446940459,-1.16895760941356,-1.28784982386926,-0.288438404781369,-1.08084135880346,-1.23006727848329,-0.726769851708631,-0.718809959932072,-0.896723923958858,-1.56363398088579,-1.5156174141116,-0.527212451594995,-0.517821498045308,-0.727350570237655,-0.780736004664391,-0.754967365178856,-2.35699604368759,-0.655488951907179,-0.8832788685552,-1.23551837832554,-1.19965820001122,-1.30194250026244,-1.17981455395777,-0.946285894840752,-1.08353717998234,-1.19659374242695,-1.30802547105513,-1.55843682484011,-1.0740023925152,-1.41572127864708,-1.52087385552986,-1.3017657413264,-1.35753364401728,-1.91019825414257,0.372545459785501,-0.0735105240874616,-0.437130411431567,-1.15105282600824,-1.2158644637004,-1.26107329345691
"NMEN_Oxs_1 (GE) - TPM",0.0157087285893298,0.628385993166999,-0.467933638807479,0.904449207178131,-0.227388879182006,-0.427683461018313,0.246735099303662,-0.803096459932071,-0.144100531675981,0.00530254072774747,0.488827596513376,-0.126567468089864,-0.0683259683501136,0.0551732414816643,0.219571733815505,0.216827732103588,-0.288438404781369,-0.450923938428725,-0.690351262558603,-0.750130352053802,-0.432033944128973,-0.625652993754666,-1.12650916472184,-0.576358966165837,-0.430201476578582,-0.437721420263214,-0.433654469790309,-0.447353714863,-0.825203688140767,-0.963629387899062,-0.355469282637833,-0.619015621393959,-0.977878908301509,-1.36208799303647,-0.777993070393329,-0.28645901353817,-0.499703298941911,-0.782492362372133,-0.743802731416087,-0.3850402235028,-1.12681775861044,-0.366846474459578,-0.187431318994692,-0.987739276681918,-1.32365434898576,-0.323494617902688,-0.225959550698089,-0.622799429137647,0.392981132609697,-0.755412407001817,-0.168871991627829,-1.2158644637004,-0.162134230012334
"NMEN_Oxs_2 (GE) - TPM",0.558576939386323,-0.216896638540443,-1.410142791599,0.258937877792928,-0.227388879182006,-0.427683461018313,-0.612657176121149,-0.740815297854684,-0.183503954287271,-0.360906955773979,0.820266656250112,-0.292782885369578,-0.373270776183409,-0.518440212912331,-0.0569030121284647,-0.228586848347073,-0.288438404781369,-0.518960219380605,-0.667857054265015,-0.699376279145429,-0.548126248740556,-0.827863785660537,-1.17660780449203,-0.668270691431062,-0.538512020865211,-0.467913369128731,-0.549773512830172,-0.471002709549473,-0.689476935100595,0.143072426829618,-0.576365884178647,-0.411485672592689,-1.4504344425661,-1.86068623762334,-0.938214254971812,-0.213389567129124,-0.786741281447942,-0.662471664893412,-0.745737871233089,-0.536017594257095,0.465368047403533,-0.315909296267711,-0.642796132729537,-1.28512829635372,-0.944986550913694,-0.575892406678419,-0.14389667616307,-0.0290221078325577,-1.41854359299487,-0.871711913291777,-0.316678992513534,-1.2158644637004,-0.356810011557416
"NMEN_Oxs_3 (GE) - TPM",0.297626329959239,-0.439830364367963,-0.779265056576762,0.0244662767976304,-0.227388879182006,-0.427683461018313,-0.168206115063736,-0.94941248775647,-0.66658629823217,-0.152814876014128,0.167872937981905,-1.03822742070504,-0.58992051276993,-0.51390905682539,-0.0564690557617725,-0.118102487950128,-0.288438404781369,-0.714291410277871,-0.80941202006596,-0.84302321999065,-0.44251236852931,-0.716227028933289,-1.01868025957453,0.105063582459575,-0.519416738209682,-0.503634179058823,-0.574639394788035,-0.608384284821752,-0.757964563033045,-0.750417157663002,-0.560430349192747,-0.481610176333346,-1.16655274894915,-0.579672610356693,-1.29338859798032,-0.764281411025873,-0.783527341285136,-0.807806051473488,-0.994272043888373,-0.793193185319204,-0.74308724141901,-0.352708904085607,0.103553788212362,-1.03721515547233,-1.06396857471622,-0.531163337872507,-0.263203332366574,0.4611288093389,-0.942524981316078,-0.607334593371696,0.0789751797833714,-0.743628543369467,-0.0659279521208254
"NMEN_Sp_1 (GE) - TPM",-0.747262319762734,0.514968187522131,-0.204406132114235,-0.124457274242506,-0.227388879182006,2.03114307220181,0.375225853799235,-0.797887547318541,0.0634129519903099,-0.277605471985221,-0.270284281137096,-0.758226875242701,-1.18407604127989,-1.13680455778775,-1.18389902340795,-1.18958579217664,-0.288438404781369,-0.506336134716938,-0.787868506057088,-0.646160702633287,-0.685993280197836,-0.967588017635715,-0.205206549111276,-0.114940190836489,-0.56805626729916,-0.585600187723131,-0.660133436748274,-0.65791167245439,-0.670100698355856,-0.0411281493758233,-0.480300055047483,-0.319833615863431,0.505173442554815,0.42156025523347,-0.187492870463697,0.904880489731004,-0.803920099656443,-0.38506602774687,-1.03285808194007,-0.512735514032103,0.105358757926218,0.301410733145377,0.152457749651807,-0.503429792612426,-0.678368341186537,-0.535512590969969,-0.589007740715932,-0.867129216175449,-0.297046065157367,-1.13108136448625,-0.373822422070796,-0.542798229168699,-0.604122586663269
"NMEN_Sp_2 (GE) - TPM",-0.2653045795328,0.787871121713687,-1.22253612538257,0.389504539523444,-0.227388879182006,-0.427683461018313,1.12620083459734,-0.735437467924309,-0.588244167380527,-0.557160679042019,0.584962035007775,-0.634908115211267,-1.20757007186114,-1.15720536129587,-1.17608141763425,-0.956300291816207,-0.288438404781369,-0.803874997659728,-0.773036553467395,-1.00096767633814,-0.718809959932072,-0.970184006868431,0.769108301032402,0.848404800130346,-0.553971757201229,-0.550855133218444,-0.591287944628005,-0.707713533814516,-0.609851036657014,0.533426493751117,-0.633633584905311,-0.846247877545235,0.592821784745145,-1.86068623762334,0.196552532546513,-0.0793462715197476,-0.802347545836805,-0.481749896952712,-0.881856193607885,-0.732446853803896,-1.02606098365289,0.228409760074163,-0.312251141854794,0.617178617269368,-1.02944834463925,-0.0210204095386219,-0.338749155592346,1.22808223855525,-0.300026255932514,0.293660377960303,-0.616555192361929,-0.6656492246815,-0.838139312661193
"NMEN_Sp_3 (GE) - TPM",-0.629090851233894,1.18641033461126,0.114381265198453,0.875644469635691,-0.227388879182006,-0.427683461018313,0.866211120198224,-0.797439637964448,0.422469901772587,-0.569694296094214,1.06424033442238,-1.11056649226154,-1.2401187672963,-1.108663903039,-0.833839943419039,-0.969435472620037,-0.288438404781369,-0.621649896960791,-0.620349103135326,-0.818466915750884,-0.718809959932072,-0.952860133411723,0.405478430403168,0.0799310274772931,-0.506931216620393,-0.594066677176717,-0.609615026898437,-0.720840334521686,-0.691657582508793,1.12888944845781,-0.4924318693015,-0.707356539817552,0.184086690742837,-0.0243275690765012,0.389059378269612,-0.28260738060138,-0.742832183473444,-0.391191099042079,-1.03144193014603,-0.454438805970926,-0.407698542280802,0.441734339331753,-0.751871080618402,-0.0942442964022182,0.6108647520148,-0.0831406009151729,0.132720007814185,0.860855051067533,0.855115476178067,-0.333748789929891,-0.429347593276725,0.33147185996169,-1.04885753147861
"NMEN_Tm_1 (GE) - TPM",-0.155015752038589,-0.222904013499345,0.841906825568703,-0.324201955613005,-0.227388879182006,-0.427683461018313,0.199849629515336,-0.549549535641558,-0.102702113026285,0.543479929541824,0.0864964839980585,-0.00296654545451766,-0.26899337114686,-0.95860808886168,-0.460238295248753,-0.156043502363194,-0.288438404781369,-0.381951389130998,-0.397325061237487,-0.263731933414193,-0.448687749060334,-0.841984824822467,-0.426392490960591,0.785930990629578,-0.284904617956034,-0.434112544960146,-0.455101259554779,-0.525433613561638,0.0332926875559661,0.555650349659071,-0.323148246550035,0.378916112489771,-0.239501630906931,-0.0864778763511345,0.362839407103754,0.44420397869057,-0.0128858809161786,0.723357771407655,-0.220873679490856,1.24045373809808,0.00742102824543796,0.33557692413621,0.0125766789047808,-0.727760031852026,-0.0811568951535807,0.394154377652319,0.959416085822554,-1.03562591101516,0.490965045550379,-0.0347356609130386,0.0863397660235148,0.938647924800729,0.0878983997606174
"NMEN_Tm_2 (GE) - TPM",0.56197372285682,-0.793897129187824,-0.2685737078547,-0.348443022059774,-0.227388879182006,-0.427683461018313,-0.101832732255262,-0.474254494755785,-0.44027576957851,-0.549087364342214,-0.404435863725957,1.08739344912889,-0.264100684720178,-0.932375708291079,-0.731424903619904,-0.413836629803699,-0.288438404781369,-0.502021359189894,-0.256578563433131,-0.283225810565887,0.0793429851861756,-0.631001512284875,-0.634868585403825,-0.370566900846496,-0.423105833376121,-0.465914661184716,-0.552190668486784,-0.456359669246186,-0.104516153099634,0.16512351437827,-0.407051797785567,-0.0677227564104761,0.0529402940312481,0.452138845060177,-0.775184182587068,-0.245319674320105,-0.460175308211746,0.38816495007361,-0.548035432460075,0.268079207578175,-0.613183917390438,0.391572662561967,-0.252096292564125,-0.478656891946586,0.251167692044794,0.578036595872075,0.611423709627468,-0.306243448085029,-0.177163023487559,-0.409410312649889,-0.22475717183409,-0.533780178013725,-0.0870881450907736
"NMEN_Tm_3 (GE) - TPM",0.305597618246759,-0.613732403132565,0.749522302926712,-0.0244436837331308,-0.227388879182006,0.518277863650985,0.912694661558131,-0.336501363489065,-0.556709545519172,0.152532932840959,-0.599356407338717,1.29265380860098,-0.366054826230109,-0.868448436734609,-0.414279258006084,-0.296442768970746,-0.288438404781369,-0.361721564127852,-0.464414341999784,-0.633554980976286,-0.516805893886861,-0.795916533026139,-0.847680132246327,0.00969358821355245,-0.304685958556601,-0.424274134110985,-0.485992261369015,-0.32252455198719,-0.212709202556384,0.906616819294309,-0.189855998278886,0.214096664868421,-0.167107856128089,0.422184842409823,0.0140247760964895,0.456969961083625,-0.0879792551643818,0.618398465432948,-0.400223499092642,0.274022785279449,0.107969583531774,0.279256850126344,-0.284400176806555,-0.345484833709291,0.383978567146714,0.419037123582457,0.722301026627629,-0.735022917479239,1.70092127443295,-0.548682420875575,-0.517405503914357,1.11461780717735,-0.235157734021057
"NMEN_Vic_1 (GE) - TPM",1.03283336293349,0.459709157097777,0.121923007625702,0.196058067140599,-0.227388879182006,-0.427683461018313,-0.985046736242385,0.669156446192658,1.0726713695986,0.647515158355392,0.299543474080128,-0.285049948759428,1.37180597712452,1.78796286084811,1.37038466057674,1.58479483937537,-0.288438404781369,0.972187527324844,1.30751649779407,0.681602249021595,0.291831886643643,0.523914122153241,0.34975122184181,0.758544544287732,0.596113502438268,0.614727621852283,1.03158309383884,1.00308993179591,0.56347123487183,-0.0322889750702052,0.0237784828708129,0.253619568148292,-0.480495744429778,0.225911890770669,-0.517782119543956,-0.0547125523664804,0.593190882977956,0.836834934986394,1.16121487247518,0.675899653948308,-0.527953137492594,-0.0509573023925313,1.68726052776446,0.519164533487433,0.15374981609129,0.404054472889324,0.168501594671695,-0.0162514509848172,-0.920381087861835,1.64210371710322,1.28253958627925,2.34678549019901,0.799201396500155
"NMEN_Vic_2 (GE) - TPM",1.33661191979563,0.271226232904975,-0.983336775788188,0.105373680321877,-0.227388879182006,-0.427683461018313,-0.824683647431241,0.569016417471252,0.616277333258456,0.199396171250811,0.0146621071351195,-0.542476544452021,0.576701938807007,1.05154036595772,0.673722601559829,1.03766210958653,-0.288438404781369,0.6541266403166,0.562306451239391,0.117406842193576,0.850237528263967,0.667196595365802,0.931150278463879,0.7561407188248,0.150289830285599,0.384689141991443,1.27392876605719,1.14939897392312,0.31250093611335,-0.2021643376544,-0.179297211922518,-0.122750941120883,-0.0581530243078066,1.07715748317477,0.886039025989173,-0.477707994686642,1.19144098876521,0.858432720498149,1.04078368204414,1.73685098396218,-0.657312375878078,-0.325323673546813,0.62612769004966,-0.914113848851089,-0.997963027118864,0.368223390200784,0.407794693424981,-0.469964110528604,0.948524927743836,1.00329622731566,1.06607025918099,1.87846044949192,1.3697000148652
"NMEN_Vic_3 (GE) - TPM",0.459296268314713,0.326743125347521,-0.884023584615445,0.381360208630321,-0.227388879182006,-0.427683461018313,-0.348040317144059,0.602135785065287,0.906862008731593,0.403155319202545,0.404013085581307,0.65238633887051,0.572823805493707,0.783273856776252,0.318101746492828,1.04760681830545,-0.288438404781369,0.808349100248549,0.851554959435529,0.246398713324424,0.980435364257779,0.530302621312564,-0.609016893159988,0.457656548560293,0.157224802600291,0.120674601416268,0.483811860359514,0.383010048116357,0.657049972833269,1.06694681461414,-0.0556598133862613,0.26644659734547,0.591421448144598,-0.0426160864975007,0.145420513071357,0.178462518938108,0.670215454240378,0.514353693554387,0.664363863343719,0.712006502814173,-0.221674119038254,0.0068894029785866,0.833763032558859,-0.164498234875295,1.28844578613785,0.667116260673423,0.362382220847204,-1.16402696844147,-0.509135362825862,-0.379083774274046,0.732842286224022,-0.210537885676684,0.710280724463198
