"","PA0119","PA0243","PA0266","PA0291","PA0312","PA0407","PA0417","PA0429","PA0488","PA0761","PA0938","PA0979","PA0988","PA1117","PA1120","PA1133","PA1145","PA1182","PA1244","PA1310","PA1376","PA1434","PA1440","PA1469","PA1496","PA1735","PA1752","PA1758","PA1788","PA1813","PA1840","PA2029","PA2125","PA2219","PA2449","PA2469","PA2489","PA2491","PA2520","PA2561","PA2582","PA2583","PA2586","PA2695","PA2698","PA2747a","PA2785","PA2798","PA2818","PA2852","PA2853","PA2854","PA2865","PA2866","PA2897","PA2898","PA2959","PA2960","PA2963","PA2985","PA3009","PA3015","PA3033","PA3034","PA3070","PA3085","PA3139","PA3141","PA3170","PA3198","PA3199","PA3200","PA3201","PA3228","PA3280","PA3338","PA3649","PA3664","PA3674","PA3697","PA3698","PA3708","PA3847","PA3851","PA3852","PA3855","PA3974","PA3992","PA4047","PA4075","PA4184","PA4325","PA4327","PA4392","PA4473","PA4704","PA4767","PA4810","PA4832","PA4944","PA4945","PA4972","PA5028","PA5148","PA5151","PA5179","PA5196","PA5245","PA5330","PA5371","PA5428"
"PSEUDO_As_1 (GE) - TPM",0.665568702699081,0.849702613324624,0.594098788637272,0.432565290160601,-0.141737051564874,-0.31007753490033,-0.0767873037068143,-0.365265948795061,-0.499239654849409,-0.358106649888701,0.188909643491928,-0.161691491019197,-0.547382744305859,-0.484989574136455,0.775817721106438,-0.41530068422635,0.0932818027776412,0.982546404576916,0.605615767434625,-1.06552526002354,-0.438932963379982,-0.654309086348384,-0.525561703860537,-0.000800886464804562,-0.116185498960505,0.040521987976859,-0.518019047303944,-0.0808102672976321,-0.6416247676498,-0.719731899829025,-0.244319266117262,-0.439979958047084,1.01886724304188,-1.66944972568266,0.705776038945746,-0.854514323665131,-0.432692357427074,0.367952372244969,-1.09714933810073,-0.832018868716486,-0.44535790583352,-0.834465073180362,-0.860247652938763,0.675474153037994,-0.47526219593743,-0.112434344416829,-0.20294738776873,-0.338827504590193,-0.668636187383979,-0.481217876454039,-0.54936030001562,-0.30834522885885,-0.774688822012109,-0.967127520008978,-1.08767363508612,-0.360584792941783,0.280031422476528,-0.467854145721317,0.349655287600968,-1.23732661860809,-1.18036084200858,-0.163628222389781,-0.49784484740066,-1.09594147843419,-0.538494220136639,-0.664980224465866,0.29670638156441,-0.0458738207101602,0.0732499498066302,-1.50947481754278,-1.54668458557343,-0.971398028245878,-0.50409554816179,-0.31697731955266,-1.7036149068231,-0.449370436776794,-0.333866465646846,-0.362194964203399,1.00785289345793,0.399365654401265,0.860441927248002,0.209678557805446,-1.44692321328988,-0.2507333944338,-0.571716539806574,-1.04094540800598,-0.957180965201761,0.323971024815647,-0.841498505016671,0.0378339901266615,-0.062793254118919,-0.743933702369037,0.446716122936312,-0.812853218513287,-0.738260294514566,-0.0657628703968907,0.399084348506668,0.813701620521709,-0.186334144141003,-1.00682631364362,-0.778841960214667,0.246618039238806,-0.397507035147167,1.12127121323968,-1.15037894949107,-0.792982580672546,-0.319587749269725,-0.197682954208196,0.199569703172237,0.290252620495569,-0.335879083865435
"PSEUDO_As_2 (GE) - TPM",-0.284949997250197,-0.126727388758252,1.04520868060927,0.584972980691692,-0.644789582190919,0.238964914722813,-0.293599742286847,-1.15344380201803,-0.161346352614549,-0.491250089106518,0.179402059840738,-1.28572722100578,-1.24995472431741,-0.137182392057645,0.0894040838786323,-0.944611523599334,-0.533344139287588,0.947012499927196,0.675793155840605,-0.922594427452237,-1.22218833061103,-0.212766701287281,-0.55321816473564,-0.774142784164642,0.444205163487652,-0.574534017549457,0.123515884853021,-0.0400523751458087,-0.812515454160509,-0.375232639504252,-1.16637313601532,0.794660087917624,1.73298925299156,-1.51880210021585,0.731612353697161,-1.60179312695713,-1.58580164700139,0.972894801186343,-1.18401132564136,-0.648425315428105,-0.498937881685432,-1.0678791217819,-1.20707269949516,0.602560117991126,-0.0128768183112908,1.25112199526298,-0.911392644272951,-0.561526101887555,-0.509735162287095,-0.360143448156289,0.327125524787591,-0.913716053096766,-0.752497956046733,-1.76295098343366,-1.34253103402913,-1.17697976580776,0.373219123144479,-0.894607775738553,-0.178001483316733,-1.10077466332588,-1.20833779398794,-1.44210158109481,-0.816241823718061,-1.18511237402723,-0.887652971543095,-1.111048486606,0.400255672544226,0.19066537761689,0.0998504413815263,0.240022333401502,-0.889206798622288,-1.29732061805224,-1.15533127573605,0.396411845420866,-0.895830371319759,-1.12395529625285,-0.460187296930336,-0.801861338771245,0.0115877043652134,1.13477134996886,-0.840317531786373,-0.267928346282069,-0.884636964000224,-0.44184001213031,-0.68269269002668,-0.530192569926268,-0.660069859934683,0.894108476604189,-0.411831483456241,-0.206935856324412,-0.169310259093934,-0.705020947204698,-0.0846968079430526,-0.654515224375325,-1.41992128940515,-0.689464632328764,0.104748927646224,1.24080784425989,0.380336398493952,-1.16473554041143,-1.34394152701395,0.0924377351442433,-0.670342572233593,1.50506769069687,0.768092454161963,-0.641116421670174,-0.864685129257483,0.10208513830412,0.400025177205108,-0.227770643005269,0.0233027604466902
"PSEUDO_As_3 (GE) - TPM",-0.154649450547598,-0.049758436052076,0.956248214876755,0.718919788147346,-0.68801272018386,-0.0969445997791873,1.01930679495604,-1.18868468926183,-0.641658513138279,-0.519580071390957,0.149092534138001,-1.66535883037761,-1.5566834133711,-0.75819804899414,0.318492606052778,-0.609604071747205,0.035322936024402,1.00864959486377,0.715528803188488,-0.771529458999571,-1.18029007385913,-0.620641273773352,-0.597161992698332,-0.490672961380328,-0.293198581145735,-0.203704492737473,-0.160828120040517,-0.0374003767319617,-0.854372691741596,-1.30362580182771,-0.901500887009161,0.00555059321837806,1.73932466723327,-1.95295303596675,0.54061880705297,-1.02834400767666,-1.59886645245275,-0.768179928448286,-1.57609648744537,-0.701633570267173,-0.668642049216171,-0.906353198171881,-1.28640989722749,0.64341739996105,-0.384664876985165,-0.440571729046217,0.485208710040775,-0.867395816841263,-0.699743460427664,-0.524690338720281,0.386957441080042,-0.818054816672981,-0.620597537337472,-1.39438062019043,-1.31484071513072,-1.23062728022561,0.0422448489469547,-0.727308937217907,-0.227284175732564,-1.25379241883324,-1.23264184570454,-0.772720941676477,-1.2505585928183,-1.31483885889211,-1.0343707489958,-0.775834708259741,-0.033417305289503,0.00545350414491184,0.630017580527162,-1.10437707804245,-1.22483727902097,-1.01574223885089,-1.19681084394607,0.732403348788642,-1.55018658471517,-1.49901557973596,-0.459724930046487,-0.603028890901144,1.00986374404821,1.08102972816465,-0.215915441883193,-0.347281692229766,-0.409603096732474,-0.277889236825511,-0.259079447738473,-0.690773866697405,-0.583271508534453,0.192950197737639,-1.19194175878585,0.500342399623609,0.137670487382178,-0.97697007372776,-0.316735523595997,-1.11803347541177,-1.67966592341653,-0.82366375842082,-0.230576059510107,2.28877731804645,-0.000442444393646144,-1.10046178553561,-1.43525747986115,-0.156609588260223,-0.831058581439984,2.03070095611892,-0.59231557402611,-0.682179077978257,-1.07901341036828,0.500104469593787,0.541252588905521,-0.731255155101988,-0.32820008753884
"PSEUDO_Bs_1 (GE) - TPM",0.355661981497656,0.979219216046437,-0.308814716370239,-0.387192463129161,0.170899561978757,0.324832162822806,0.862362520528073,0.554952199226317,-0.163483042091479,0.823407688898582,0.173811229025653,0.862680039071571,1.11253980646362,0.543177681608751,0.14026498217755,0.830599502900433,-0.00544962423858714,-0.203625657921957,0.190301739092177,1.74523153520946,1.19979032354005,0.637061121764853,0.0183537895634481,-0.263189303342307,0.843589840085995,0.223277435706654,0.209464295954406,1.04727676431972,0.107328092946587,1.0715465857137,0.942073214568277,-0.100624773167528,-0.761875393478923,0.916869417243535,0.185573940608396,1.41619066763491,1.09391314288942,0.751392579393194,0.382638834053049,0.465719738897964,0.370312944414629,0.748157502163624,0.443921472691716,-0.0787418276239311,-0.0288060793209429,0.0251087229998429,-0.117182173966529,0.748732529063117,0.00659226098963697,0.44817702000316,-0.416312085734421,0.574711490881348,-0.0336790075483259,0.55719395571354,0.594639983860706,0.426323499148345,0.425611469538475,0.301950568856089,0.0255719695269674,0.337419680127141,0.19131818569728,1.87022195941284,1.01026172035849,1.37407747603694,1.7652549943923,0.466832403390222,0.0198029869754002,0.39550261285759,0.682145007543646,0.281380877836753,-0.462819282878672,0.128554590065535,1.06417176511669,-0.262480594071598,1.86209082001429,0.228654960605699,0.0643844026838548,0.692922030226596,-0.719634154415114,1.28395067843062,1.10994122149186,1.19895133416607,0.538399366181672,-0.113185352624643,0.677542684087474,0.526985019678856,0.991256009423158,0.495690366993132,0.335732600184368,-0.346572417044275,-0.110061378882124,0.170190191998533,0.330819642127875,0.596177718374317,-0.299168856276924,1.11577569833904,-0.505965835323298,-0.302866020850719,-0.368496895332787,0.292349833716736,1.02213196398509,0.964452308741476,0.469650117622617,-0.0226522669555333,-0.057747046133574,0.611504562392717,0.0298733976739403,0.240796324449638,0.202626924471753,0.285594416071497,-0.934552076623106
"PSEUDO_Bs_2 (GE) - TPM",-0.197035615395242,0.668303260368133,-0.470197249436094,-0.504262047322688,0.714025509021495,0.449867626862851,0.335001162711709,0.363801670545852,2.50354697503035e-05,0.0794181977885647,0.592778565865116,-0.299585112734702,0.89956810327058,0.452649929852349,0.335804715039026,0.540370492926868,-0.151995953479729,0.354014715298192,-0.814547764925897,0.585006307125767,1.72751147161533,1.05135612578471,0.43952691809258,0.18293974380978,0.830409644565934,0.387162924872755,0.199310452596332,0.421851261489923,0.843553962078231,0.927870500119954,1.17075053437589,-0.925724581384666,-1.08610575112924,-0.0253359602670292,0.0839238967022654,0.478514230987261,1.48733771626225,0.584659056531016,0.334419904065033,0.966406731620955,0.768105550345101,0.527736636687989,0.345253357200243,0.222292834243773,0.201165241323253,0.295020956006025,-0.911392644272951,0.387904626947082,0.313676433113213,0.253266133235734,-0.000520131111397129,0.0540319843301771,-0.309689182233183,-0.258833064344922,0.19761000697109,-0.190282416404218,0.535548030044393,0.215910648856367,0.201761644311075,0.191748243562166,0.327375034164156,1.48398685742251,0.507453593390213,0.269686110641083,1.19483560960092,0.210592260513436,-0.066567182351459,0.552071866478723,0.673648158712822,0.108110758775706,1.25770209903351,0.567729142655855,0.991330766769494,0.012307137738436,2.35980348191936,0.381743751208393,0.257693932550491,0.227089950372452,-0.54755063515695,0.687998715663794,0.794868931406438,0.575447395331369,1.45152826659403,0.282468847933739,0.803866151187116,0.263498707218677,0.65127000500847,0.329289263462202,0.511472982983921,0.17565054324541,-0.077237358108627,0.419836046679188,0.678105747522342,0.266311000059056,-0.224347071354261,1.05717245228583,0.195930444167042,-0.112189421686096,-0.3137399108235,0.479614863225552,0.680317620526562,0.48492667546149,0.636624236771568,-0.332079729906464,0.0317412689646097,0.785803948432155,-0.0137028267570068,0.162646026648596,-0.0985808386041197,0.253488974953877,-0.982502422679262
"PSEUDO_Bs_3 (GE) - TPM",-0.0602988965555678,0.317738671592678,-0.298617416289537,-0.452594838750999,0.855718660759406,0.335679696433305,-0.295502418756794,0.368124309759961,-0.1620801464569,-0.221431169104481,0.312567093649499,0.529129794828965,0.540720322070986,0.383914341407783,-0.135407818806045,0.644538441230148,0.345579019913332,0.751131656381572,0.0884196352595492,0.984396107578815,1.51858516652459,0.321350040213818,0.399658983002017,0.754947333866533,0.486894839756923,0.533108942634895,-0.171315188617739,1.38074454578481,0.755441351734917,0.643226943910904,1.0232953609332,0.803300036886983,-0.874775120941328,0.878222364835831,0.0692069306191972,0.826450525846295,1.12883011616638,0.494171639695893,0.496147832999317,0.464278269625398,0.736693545038586,0.951962215365764,0.18727531378171,-0.00978678656504433,0.524033947357355,0.541072643992135,-0.701726031343333,0.233673096167759,0.0219147375918366,0.282037704313993,-0.75723268157456,-0.0196510608926043,0.0994866906522272,0.329700040984113,0.289901259385821,-0.195597165627855,0.142459995258236,0.321940263032665,0.2149201580401,0.197781072878688,0.442939349965866,1.88707314862446,0.756483290096299,0.463800783470151,0.800612349899699,0.273732246329714,0.0707438471970165,0.16373141584679,0.311244354065784,0.818719946107039,0.362971282156383,0.493219645900465,1.23226441784269,-0.752634687912355,1.26968279844462,0.317365757986876,0.466461657175683,0.338466216432429,-0.278320572004112,1.35987120068587,1.23306586075852,0.52258263784621,0.623866151795921,0.305568262854417,0.655637342918497,0.891962828492793,1.33952729236912,-0.113783218838545,1.06513204300299,0.923788562331903,0.0347719811307712,0.757861147987983,0.866866931372402,0.724445650343992,-0.0194674558614756,1.42476429998648,0.671135411133963,-0.0492643023122968,-0.197864420881898,0.424294942565449,0.214200371368361,0.561576276609368,0.630056620058285,-0.0869633486564947,1.36868219600088,1.45324459908863,0.406514085289046,0.0887287160983061,0.0700685692888391,0.750013815744966,-0.699024688036519
"PSEUDO_Ctrl_1 (GE) - TPM",-0.18632818811758,0.315175528224679,-0.17536596765252,-0.0167630749423502,0.396516289743542,0.895787823834092,-0.188011844166709,0.352412650343409,-0.621203730369816,0.170870175737902,0.329430010704476,-0.0651393316591481,0.667738070819178,-0.0491130493884767,-0.250276778436397,0.207415354001542,-0.412945728119313,-0.138286276757283,-0.489684010049916,-1.39412085685753,0.936095421226269,0.592771735552118,0.137734534359271,-0.0888933501919184,-0.233716441768443,-0.111141006950847,-0.105320602560135,0.352972359837721,0.280182719455173,-0.308513906501579,0.406203645152868,0.00686388352485573,-0.559523785530346,-0.0565742327558649,-0.0557334912882398,0.71798703886374,0.281446102338143,-0.0197448268668041,0.00727419103952944,-0.0212943130229467,0.695534086709232,0.170940284880568,0.275111403283594,-0.126809138696479,0.19561714489114,-0.212526344457223,0.378320201043502,-0.209800881500673,0.0189863143765937,0.0470430882846677,0.445155801173626,0.0980222531330434,0.151658711733644,0.511622644672396,0.000213983984133928,0.311590917771505,0.336300299378165,-0.0300782237944008,-0.410766855353819,0.489311175226614,0.548851550888774,0.0133992081947103,-0.0330319243024424,0.514969470540926,0.649030822820351,-0.0162971502784901,0.188843386964571,0.156139241522868,0.246090154481248,-0.100157983486233,-0.723279691232266,0.0352366940676527,0.786174004405294,-0.201530594305267,0.677717054804819,-0.147651813499715,-0.224713103347329,0.382445347383961,-0.274768537683404,0.174411378314498,0.319307877038328,0.578658740542847,0.128126409652849,0.0834873826444516,1.15794206402342,-0.0603333416991888,0.39653182048792,0.0205465368425615,0.153734964140454,-0.221786728060927,0.0151496310234316,-0.0783988606483876,-0.432274660249193,-0.216322783176869,-0.485104438675593,-0.342627674006715,0.441850782985971,-0.203446471778373,-0.619202018093095,0.106434873523468,0.633138561195094,0.274845671544084,-0.207907407742845,-0.108667615522832,-0.660128913530465,-0.17338848113498,-0.331598795057354,0.27161047790231,-0.0766620900133731,0.336364281205306,-0.845500307161563
"PSEUDO_Ctrl_2 (GE) - TPM",-0.250740920592815,0.675955045998388,-0.406194688706632,-0.199593751658106,-0.0823744142607351,0.771391864542352,0.642043113988179,0.812370528314877,-0.222368954764277,0.333356208372531,0.871761269800421,0.458200242862504,0.860616970032431,-0.157399835976066,-0.245961647672047,1.01233149019399,-0.0578342922905851,0.370987178640912,-0.368414457772729,0.163712361850561,0.90624568874011,0.269917415407521,0.46617516033682,-0.359365973127918,1.26397311144554,-0.131471423452493,0.454839008433697,1.07249320432867,0.149354793604297,1.05051657350524,0.669300745897973,0.216912756783301,-0.460608723183371,0.491415109231568,0.0996442038557369,1.2427383609125,0.798758639673336,1.14626535299574,0.597055758665007,0.636771054037235,0.573057498162264,0.93755336543286,0.338583393972608,-0.0483979677302616,0.278322253029403,-0.707354963293492,-0.325665347647686,-0.0621898288102824,0.292524691941165,0.245322769893862,0.762472518027733,-0.253079750085042,0.312013856520701,0.810955886685839,0.292711259209051,-0.501275909628124,0.567471098481377,0.108303364652428,-0.0746217336356024,0.166591956135468,1.06692638286536,-0.0894404159668353,-0.0806836996821516,0.331632297219146,1.1378030505626,-0.0349760740513533,0.923691285246645,0.528609545786117,0.105744436735134,0.14442671122218,-0.684377792244098,0.625797672268953,-0.247292712286056,-0.031266892043758,1.84236009124324,-0.217644096245316,-0.183258500014285,0.963822693836378,-0.859824284178155,0.0610890326658745,0.249117460943016,0.941017892181703,-0.0163337949652727,0.21084977517351,1.12816321275568,0.407280365359659,0.526349614201501,0.0245865659542743,0.110275045326277,-0.0696594861412236,-0.394203112454305,0.0705887263975723,0.385476278404957,-0.143167208106049,-0.336814957458824,-0.371458213730855,0.270339416630014,-0.28533384958897,-0.570577754821421,0.210759004661824,0.521552792741444,0.0266073992837327,0.019295195142127,-0.724789517466593,-0.273797259558414,-0.303842329142607,-0.10683486933522,0.361604328675078,0.318046537166205,1.24973586296705,-0.658051998578494
"PSEUDO_Ctrl_3 (GE) - TPM",-0.250999953483524,0.433823192165632,-0.449977621333684,-0.0902787656606707,-0.304892102929948,0.169150354847643,-0.115761258288642,0.0271680727016154,-0.182848149310345,0.106445259867054,0.517611515305082,0.129843756152859,0.826489120773724,-0.0611067819965175,-0.649334842042585,-0.0308055147087779,-0.0260502735864117,-0.516056443235191,-0.58062813698055,0.491510714306971,1.1660265412967,0.120002585636039,0.109669049686239,-0.702810634999959,-0.134993741169639,-0.197585826216083,-0.00979721539785888,0.12882620691047,-0.00387537166597725,0.0760681116373747,-0.155268328283981,0.473544150460208,-1.00873479341766,0.382263174944636,-0.270866321264247,1.10970207855028,0.421900463200626,0.511557373925196,-0.0186549790850147,-0.33492268791734,0.431459428310021,0.151566128049105,0.306114668168122,0.146576297574559,0.111685708218185,-0.471668288765896,-0.207701267121423,-0.299800898553931,0.111866696013863,-0.544466212008858,1.05268842224505,0.293766410370411,0.177062856796037,0.721595101841278,0.197353366253106,-0.60761232131551,0.733660947654161,0.168672921303795,-0.202323401302712,0.0586691067839571,0.75264073310689,0.722386236028362,0.157255450931567,0.235090634763115,0.32229336814377,0.497647844059641,0.654933280234572,0.109700167408796,0.0787388563507045,-0.165122102674623,-0.452864326015302,-0.116735857046417,0.340378066931618,-0.317148061268205,0.695067407040689,-0.170181304397539,-0.00937039972964752,0.460278991537612,-0.77240836762432,0.0671249731529417,-0.235294652473435,0.862048772053919,-0.537094280374296,-0.504106557452718,0.640885956778846,-0.0780026440437763,0.27351449937513,-0.323911040796285,-0.241116171613254,-0.457856253195847,0.231202715278431,-0.189075962274518,-0.24633825726239,-0.672840191672789,-0.387578723685644,-0.00413730149182167,-0.111009931384678,-0.51635357370454,-0.691880314344243,0.34883466721745,-0.0894240287951668,-0.199342238419959,0.033997197721767,-0.754870171967446,-0.857098351800401,0.602834276895549,-0.25672898925576,0.229000403573666,-0.553170700413125,0.262376271837214,-0.843410774116444
"PSEUDO_Li_1 (GE) - TPM",0.321914886515452,0.568800007086968,0.0303786473312949,0.0303049164329621,0.932694442413919,-0.108422373717593,0.0734774065213033,0.033868803457737,-0.115258281997395,-0.588251536074733,0.335980676283198,0.413921181698332,1.30907190151995,-0.579850096702058,-0.346066322309218,0.235545896809773,0.403442953517656,0.732230943574963,-0.743379847973407,0.173572674707522,0.742124200265728,0.461655113636574,-0.487950719181235,1.4728194475861,-0.292270889408626,0.066958849120827,0.26653211734706,-0.0330149294700146,0.0729328974455895,0.400197070950518,0.164479779072151,0.708294408065284,-0.868214567073667,0.582569609075949,-0.774472928953433,0.312273836805558,0.85324381823042,-0.176715123129088,-0.812069239614676,-0.243190166461462,0.955464156802575,0.469090372189545,0.131059784994628,-0.542892590492534,-0.134031219614875,-0.359790661731568,-0.536537260354159,-0.574842272579188,0.00322630182240993,0.835708728833254,0.0572725404452697,0.0022364258596924,-0.386762066202199,-0.115495711308145,1.0955283907359,-0.598825959955335,-0.162897512104557,-0.303551803991843,0.0352647421177228,0.909156248366733,0.0929897785533282,0.648909834220977,0.747620990188831,0.179187434237832,0.208454391253983,-0.308677187931034,-0.736758930400544,0.0178913965864509,0.237811185488753,2.12298177069683,0.653777852836686,0.0466199834868025,0.234170037526427,-0.00158785559223977,0.667429375545151,-0.386987216578888,0.172517294376115,-0.76214672187133,-0.140895041426714,0.547831010289885,-0.124475745227816,-0.555405806640529,0.358780086258248,1.26036237162923,0.859689377696211,0.0557722705590677,-0.266497079681569,0.479619393683625,-0.0110804801830885,0.363361830094363,1.02465128250448,-0.0724027719694296,0.801489160195419,0.799558901527122,1.01633257856429,0.131567800460445,0.511646839505831,-0.285639241092371,0.00107444252321413,1.27683087057415,0.13095460081838,-0.860403988437798,-0.0246353715083035,0.391362973414819,0.869323521377618,1.08225323872135,0.352699448268619,0.533453842616454,-0.0201730857107877,0.444141238293103,1.45984132938924
"PSEUDO_Li_2 (GE) - TPM",0.0774551492039193,-0.144550154599813,0.0873254536007011,0.205753526849291,1.17550082329693,0.105721672129946,0.905154300318046,-0.01474555582334,-0.0522931623912453,-0.163810281322919,-0.152865278477604,1.18798827246968,0.674997892280603,-0.236620167762973,-0.141845097738809,0.516762926860652,0.441807596922978,0.74845243732489,-0.147837721956445,1.14671376922533,0.657051041543097,0.322456614058669,0.0837324478871624,0.816234367188401,0.363527982833009,-0.203481519680256,-0.187073276618489,0.096996443454872,0.0259954179087705,0.886134160748719,0.660781897063308,-0.322726656452631,-0.471482053590315,0.668369245153601,-0.759533696389562,0.0315184865077366,1.10158186282521,-0.48255803694642,-0.0482833374435597,-0.277380513510221,0.622476210919331,1.12628388616508,-0.432269655775702,-0.644082279985788,0.92085673825958,0.729661813547752,-0.152446561450003,-0.375236632856063,0.0587572642201368,0.307839667400645,0.194909257411598,0.259011131381225,-0.205799497069351,0.188313097976371,1.27071423938011,1.2255675442407,-0.378519942523411,-0.406737234449709,-0.212386589714965,1.6757563099542,-0.486187051098014,0.794135587153501,0.607366677634686,1.11899765662786,0.411136677220831,0.0564715859476949,-0.617808043209387,-0.181362464223247,0.968618226640198,1.28098688398812,0.46646214949552,0.375261869940683,1.25586136890058,0.0610887967139591,0.563154218856512,0.517358026333701,-0.438559022871022,-0.547570261737848,-0.0540241658980929,0.81707250610988,0.395431577892963,-0.684846995653712,2.76863721000158,1.94773689864298,0.786941842737234,0.350670331075102,0.1761056166514,0.939114908233692,0.166177678311137,0.728377197314454,1.01260912166424,-0.0382849504748705,0.315353176279917,0.0811558972451486,1.42967791680397,-0.419048301927487,-0.141512999436283,-0.228864376098497,0.435490364175312,1.11086043622289,0.159291188898386,-0.7444842124631,-0.00901419987909498,-0.152682939477422,0.303252665148843,1.54312618357846,0.246669905569391,1.17970659883288,0.173845877827007,0.48496718805743,1.74149346938868
"PSEUDO_Li_3 (GE) - TPM",0.0223655019935124,0.138335924153943,-0.477442948552768,-0.144181834761078,0.805010422290454,0.200301142160673,0.789376702181643,0.472200818787249,0.63441935150629,-0.192775555033559,0.273459866450142,-0.22178485906282,1.59105440382442,-0.369858372890202,-0.215386132116103,0.524845053480935,0.654795962066838,0.856959008780595,-0.894270062908768,0.383289691631264,0.765674174981491,1.06993464931719,-0.272468290349658,1.54109594997609,0.679289005753069,0.429606506734843,0.668672611413068,0.21714349466776,0.380673112093281,0.0101636429651539,0.566529931796794,-0.460942406203165,-0.449021674049009,0.710312139708152,-0.618509541871759,0.485476883154343,1.05503963644972,0.433439482510193,-0.300947813498342,0.505393862808867,1.2356520415653,1.78461247091429,-0.0148304257607423,-0.212737064096472,0.735754008641801,1.00591583582487,0.733383600883546,-0.204530318129705,0.0704460803874668,-0.0448939546011022,-0.297132354305776,0.0593765086834432,-0.213463287208713,-0.0386489725348958,0.859382698639966,1.92827033940203,0.169986562513888,-0.0415546533166907,0.665333977466919,0.994499015883375,-0.117676358044178,0.625523334174037,0.852480435597089,0.288330200709877,-0.103179468263486,0.434792797031598,-0.580044906693248,0.393139883211153,0.166246445713422,0.0721073999740549,-0.788259221609966,-0.0541599307382195,0.749732437876845,0.132406101365539,0.590163055838488,-0.217423988620823,0.171067758892042,-0.787752072844546,-0.045838228907545,-0.125475082485058,0.412782800359122,-0.280644246843989,1.3337978732712,2.67827884427996,1.58802746675252,0.0237364229772306,-0.0671407459639785,0.467650924669913,-0.0163877932478798,0.492053801708645,1.02036321477067,0.172467944535884,-0.302448659777602,0.696054846398577,0.793409406557256,0.500877922101505,0.442367935303047,-0.455450489763896,-0.0979764420451269,1.14828750467608,1.19702006328405,-1.10063402176404,-0.0586100141148792,0.260678333461574,0.309298859103072,1.9067870761186,-0.089315647236715,0.473349793468572,0.495279503014897,0.660037207067009,0.955053694770924
"PSEUDO_Mig_1 (GE) - TPM",-0.892789087289096,1.62139596291372,-1.3241362570062,-1.33869372357869,1.00373884595632,1.1027737503518,-1.58972366078906,0.0583261764642768,0.870555106742986,2.61892031767832,-0.347130634268695,2.11249979163813,-0.0263355972779256,2.05411282832734,0.601653742874308,0.00165758129407768,1.42508585463926,0.289998477731916,-1.73097504296994,1.01042857685511,0.689845291592474,0.823074494819986,1.65475789097996,0.706840117387504,0.823119698470194,1.62173784126651,1.1692463537985,-0.207674890501516,1.04891371678727,1.05957075436637,0.291459752386703,1.19172233391564,0.887496514248206,3.04047293973674,0.655279725592922,1.72611549423999,-0.331254884316085,0.645833015530929,2.79531971613378,2.45401269274163,1.0877396408072,-0.664556459167051,1.62434285707633,0.932646025622286,-1.64695087968555,0.874309787367313,0.985685236775506,1.379018106675,0.892673249108999,1.54813387619663,-1.47068043282322,2.29477503888849,1.97313609894701,2.0141616056082,1.05315068158585,0.238088353607079,0.941310068083108,2.01520530378341,1.86797386680022,2.69968540577149,2.30075679168284,0.840703251674722,1.38016435798083,1.6386346393394,1.39047394522231,1.77587246175135,1.41453846823794,1.92417870895829,0.623266390661341,0.159999185313175,1.18255525950197,2.06746231094783,1.29334412959732,-1.10460416088853,0.0982372297354306,1.6960920444117,0.934027688699569,1.53747287684453,-1.19184182538186,0.143028194539901,0.946883450877077,1.83849596781185,-0.415796463366853,-0.340182875089753,-0.0978903558240238,1.45256295097443,0.878066107573575,0.57453450405412,2.17945065690897,0.962007868092706,2.37799798218367,1.43991344176611,1.847159162551,2.91224406570342,1.25482370874386,1.17529148159242,0.364212568537141,-1.11127967326519,-0.56588114590264,2.00340227216486,2.57125136797649,1.62015038977171,1.4354675973831,-1.39491217877221,1.31042796303282,-0.569310852135279,1.73630525885703,-1.4317960605083,2.10678214255059,2.171954110582,2.22292530831881
"PSEUDO_Mig_2 (GE) - TPM",-1.03890877820951,1.61989393962461,-1.22555871236576,-1.40932305204622,0.587630051490135,0.132305603986911,-1.28923175602505,1.16899403357949,1.3007809399886,2.17073561478183,-0.138107143896547,1.37876325863294,0.470306649095672,1.89242829140964,0.991659331429724,0.180251582699461,1.54207366319279,0.486307046193379,-1.57682548142121,0.375413550702153,0.150893938846211,0.916337685299068,2.40588626399027,-0.0755170979804685,1.51441660704266,1.18633208079971,1.74797516912784,-0.3803171734573,1.08951493619271,0.780789783802227,0.650842685087605,1.79242759164913,0.736476163998507,0.976414299267085,0.512412129225915,0.908321175427689,0.0387326547104832,0.631965226873086,1.54799563762164,1.74887989829163,1.10251517887432,-0.415647914990816,1.66865113433372,1.38007389721427,-1.67385132652194,0.813837673289229,1.68918591354755,2.23533738766334,0.666971576339622,0.972236989491407,-1.51303724560733,1.94169093373286,2.14196078678742,1.31518392526394,1.14676180764988,1.41924055346849,0.628223111860924,1.51297867602621,1.6014887603855,1.67385642585119,1.01107288677254,0.502972246987197,1.77571925506823,1.05084786406791,1.36090906432363,1.51775523478957,1.97748266908594,1.72649031611895,0.734885453931623,-0.0564191643961944,1.38010788965714,1.54395258741409,0.782595069610217,-1.28536150156627,0.213442386006491,2.29458617280181,0.800260647742846,2.2037801667383,-1.18743574483947,0.395590772462409,0.652157768704597,1.46522424683034,-0.638127267027678,-1.03714340656615,-0.115306864570877,1.42175670439868,0.511018282755637,0.982233041203578,1.98860165526505,-0.208881837900957,1.96545091178036,1.22899337908036,1.6028802585985,1.81776680869864,1.13524847440987,1.54421587872152,1.14113193044727,-1.23291523674463,-0.826261237481922,1.95270440001105,1.29027602033026,2.33727450220891,1.37553146418218,-1.16436440423993,0.99254991912319,-0.16555668629795,2.66381891902135,-1.42038514930461,1.64212665974018,1.26827463836403,1.59992206179147
"PSEUDO_Mig_3 (GE) - TPM",-0.966505837476248,2.11055424770427,-1.40424856463381,-1.42466921233702,0.815363807984267,-0.195039190075747,-1.78763470530707,0.539523009397099,1.2588551945362,2.24338375937984,-0.320310793564954,1.69045965851365,0.520813878691671,1.75055959127886,0.887216125740923,-0.394333581006956,1.78338650236911,0.415697432888682,-1.70465328810823,-0.30784337034055,-0.68579718068276,1.16272303764094,2.19371027280748,0.270315417190908,1.06210447304184,2.11053471363097,1.90502229655827,-0.481665471180549,2.14149987133205,1.18661289225863,0.85551845782067,1.37467273044935,0.438813980344782,0.926865365129135,0.639795747666318,1.07542898189338,0.0910820892022011,1.04132509998396,0.913431436287146,2.75341326448004,0.88058432550889,-0.267098648628741,1.26920890962249,1.70840734277744,-1.7437837788443,1.07935015760501,2.23882999636731,1.63006577249138,1.57448119380752,1.15310400938091,-1.94592256224465,2.30052859825131,2.17188206548965,1.71517764347391,1.18763684147704,1.11788150461131,0.38017561421667,1.46272871171697,2.13768119805632,1.51144484564623,1.73642402301726,0.751457202572708,1.33861027958398,0.515747836889777,0.804202216245563,1.94527603523809,1.6860862334496,2.01497925051157,0.77563011410656,0.0675621137924748,2.16335878469574,1.33044681832574,0.918281318939932,-1.47242120620251,0.497640235132164,2.21326902568623,1.82236272212194,1.80323936624742,-1.16767236921119,0.114949832432258,1.36259362263906,0.728551086730263,-0.522319139584787,-1.11674271046361,-0.745858328748491,2.16555807471403,0.219095225735287,1.22621647253397,1.69338652178089,0.15866879943749,1.52023899006948,1.51099189811842,1.43234059854819,2.33313668124231,1.67189031097917,0.563144864808175,1.59584978929979,-1.12361934476507,-0.820359409637747,1.43178286569624,1.06987866622371,2.53352250227996,1.42037722839518,-1.08469697696182,0.780864602788729,0.958106415586482,2.44241645186978,-1.55235909164668,1.63414278817762,1.73599635626618,1.9390205790697
"PSEUDO_Nd_1 (GE) - TPM",0.602995756465146,-0.713107837348233,0.881019204410568,-0.30072757294261,-1.67391742498727,-2.02473077708907,-0.688999279643007,-1.63484492222173,-0.318612318870883,-0.645856149274609,-2.01947405899471,0.23287240910367,-1.34826200411055,-1.47771647523602,-1.1379094205575,-1.16463682992266,-1.16363128023751,-1.78000847641421,1.39992897862025,0.323638241450433,-0.491788128991371,-1.67615689717175,-1.59598609975188,-1.66582308365723,-0.474807859850899,-1.48040721483521,-0.555446064250516,-0.862685553086191,-1.80088405431073,-0.434499247957392,-2.11577038692051,-0.747247223967748,0.353647306848225,-1.58838314745019,-1.45711167764711,-1.43702804629241,-1.11743571340595,-1.37644376906122,-1.16901138236174,-0.499213806637305,-0.908149771291771,-1.35821234528964,-1.08470415556927,-1.30211929427843,1.07428250922966,-1.40969099067995,-0.284290785083666,-0.741919150253075,-1.10554480250407,-1.16535270242133,2.28720757260759,-1.96943563370702,-1.59924589839818,-0.821059592602932,-1.61405939853986,-1.18204819078518,-1.607360627085,-1.37440729000106,-1.29367733593074,-1.92716956056061,-1.66967462222805,-1.29560050758737,-1.62300199742068,-1.59696521193666,-1.98367280505304,-1.31415857892367,-1.71965274552211,-1.81244864333714,-2.10430434422718,-1.34258171950887,-1.72209354130152,-1.13687798891317,-2.00290689119844,2.36107500883178,-0.361857855820737,-0.979550142118741,-1.45798481463006,-1.62184503783968,1.52685900885678,-1.23431896920112,-1.44620465928982,-1.65931939127546,-1.51003915795297,-1.43192217807283,-1.83393712115079,-0.580237904915746,-1.84828792526328,-1.23753752179818,-1.78644134697103,-1.84517230714807,-0.95010338419206,-1.72102832492166,-1.17811094520412,-0.947949302895527,-0.850380304408964,-1.63324865269935,-1.80456828207272,2.22189557140048,2.24429304212232,-1.96630417741087,-1.98759274888793,-1.50467411051783,-1.49586802831961,0.742435824336004,-1.84865864883453,-0.097781834379213,-0.712358174908962,1.86549344988284,-1.37241704097194,-1.5900520341851,-1.17839483490418
"PSEUDO_Nd_2 (GE) - TPM",0.824174162094092,-0.2145922969083,1.18487233831683,-0.0688366645134619,-2.16037999073093,-1.88697448971858,-0.911401055011314,-1.60214613417135,-0.569163168304935,-0.796078621781334,-2.01920981428592,-0.094164777179277,-1.50978962796264,-1.63771660188521,-0.56514005633968,-0.168577394943985,-1.34756890821579,-1.81327104046041,1.99427120771197,-1.55170313892292,-0.673675583293665,-1.85849291115426,-1.48333699823614,-1.6303579804564,-1.6689917604599,-1.83213225490863,-0.516890015695175,-0.883119264878805,-1.83020437231528,-0.983720572750832,-1.82611106596288,-1.19009597197246,1.275169510482,-1.60908580374585,-1.52064276562863,-1.48540916231901,-1.93158486717118,-1.30719735972801,-1.54526093799173,-0.173628616187726,-1.34808282624135,-0.883784026322351,-1.01636998414324,-1.62584203454458,2.77901710648934,-1.23009545813935,-0.911392644272951,-0.351164520624792,-0.939451276825422,-1.76234379016641,2.27734893036695,-1.89167673436479,-1.6417108633284,-1.12116404460707,-1.614377024146,-2.02285164574207,-1.67494573380863,-1.52768202848045,-1.86072916908688,-1.26154898028382,-1.52624332220786,-2.18333696596259,-1.5244381507194,-1.96873960077642,-1.96941485163823,-1.6242991891027,-1.42948423962991,-2.17507646520968,-1.92378137269087,0.245410526281548,-1.40641151061058,-1.88777134461738,-2.27632903101462,2.66558982837987,-1.00691119745988,-1.16461192626423,-1.52597933883035,-1.79145662657092,0.201260022559933,-0.374034842924973,-1.51787579319399,-1.13844312940176,-0.951105652285979,-1.18856982464053,-1.89865102530919,-0.343472815150612,-1.07785513430453,-1.48562422098533,-1.9551003837146,-0.855762148328792,-1.65017613834098,-1.84408934630935,0.543904655816903,-1.2214465319724,-1.2094132568749,-2.51716914919857,-2.07664358448416,1.7938510231561,0.470338992604112,-1.95308714342182,-1.77471589756763,-1.83117337296662,-1.07650840020947,0.0767989842237702,-0.794714797917782,-0.429008720149273,-0.931565447019046,1.95786669291298,-1.62295493059637,-1.51936422810758,-1.20296928463539
"PSEUDO_Nd_3 (GE) - TPM",1.40126934388953,-0.944881614354318,2.54651709856015,1.65809807160714,-1.14096804025339,-1.60111734990654,1.93084467485847,-1.39176817308603,-0.193798602375162,-0.496333501694632,-1.55700345551118,-0.384457365672794,-0.792666717063497,-1.44518324890508,-0.90660256899601,-1.58200418573161,-0.941696065169798,-1.48087005440806,2.14904728432863,-0.632780208533768,0.316631125840077,-0.0566237999328121,-1.55602876040492,-0.67223700528501,0.443646007481152,-1.41159550631234,0.14434870027433,0.15493057112245,-1.07871965076049,-0.700863615325337,-2.01664505300032,-1.17324768726891,0.604451997630026,-0.830852718345293,-1.36266261817221,-1.6650558552845,-1.14846950148448,-0.487394388486124,-0.783248794058501,0.187078307708543,-0.482158362684705,-1.26514186340444,-0.94577949345704,-1.08790628480835,0.839552435170379,-1.27000835638635,-0.075612868483252,-0.400588423819482,-0.725762316189662,-0.182739012564181,0.308873532972771,-1.35326159076365,-1.45406727463603,-1.63028900219644,-1.06716074824502,-0.0618123070758744,-1.57583868711469,-1.40440504348841,-0.528161482168261,-1.56252463778261,-1.47689014141493,-1.06711639683431,-0.665410464138923,-1.68063338955762,-1.79967217630624,-1.47906619419716,-1.46928068463685,-1.59566397444798,-1.75341765975632,-1.6000967045385,-1.46479753763478,-0.841039489261324,-1.49392385292743,1.64899183004887,-1.19254762809723,0.109824558646757,-0.504111955685796,-1.40853713114506,1.621847579431,-0.601192214692209,-1.45848546077564,-0.492647432220713,-1.13973825754337,-0.948443167973306,-0.114056517517916,0.0251821618489609,-1.03989770361866,-0.462947723780416,-1.70598788205702,-1.18336311937164,-0.620311767345739,-1.11273998434374,0.633117348544643,-0.963120904727418,-0.555192992504186,-0.249926363580743,-1.28656422387642,2.57036823881396,0.715714753323574,-1.83424195903452,-1.25765503659481,-1.04868663208582,-0.649987730844546,0.716340156939942,-1.36983492210312,-0.43128293737851,-0.989463370977825,1.478908769438,-0.465782962215059,-1.58856738187239,-1.07487757243039
"PSEUDO_Ns_1 (GE) - TPM",2.17561900597483,-1.55789454833772,0.805180596165303,1.7740732744724,-1.44430139688608,-1.66120800961512,1.585825475837,-1.29870595418508,-1.76049509102856,-1.76718384566792,-1.71657569150079,-1.56333811828549,-1.48363125350895,-1.35269946655074,-1.77436628150517,-1.7601075068837,-1.44993768517125,-0.961852287869237,0.693698199023482,-1.91934546441278,-1.16207631789048,-1.56617575974936,-1.59804408567156,-1.5073270389109,-2.08796981871796,-1.70349378637748,-1.74968993456076,-1.48966461504447,-1.69634381527661,-1.99971142199012,-1.12224530361377,-1.83109488828789,1.76546687994785,0.617320653889329,-1.45398606077987,-1.59543476297941,-1.20187317267501,-2.13245045813955,-0.730672038274123,-1.67150162684118,-1.94781769736034,-1.72478376725376,-1.11082247439118,-1.49281219850586,0.929015889968103,-1.59426493032278,-0.911392644272951,-1.92431412610173,-1.66068482702891,-2.18963696222288,2.03548528893614,-1.22707575334505,-1.42348918466587,-2.10131311759129,-1.55224277504912,0.395657150343598,-1.67075475519044,-1.41926679772672,-1.76803385041405,-1.27899082856258,-1.28310858749045,-0.241845913326578,-1.69954778645,-1.36048672526024,-1.37409250109454,-1.39391153391211,-1.52674739212912,-1.39781979080612,-1.60641742820446,-0.761960529936628,-0.208693662227088,-1.01539884373032,-1.55802451307537,1.5319640405724,-0.869194866589073,-0.99821266836619,-1.65031465378446,-1.05597483330519,1.46203437887148,-1.6971889147858,-1.86629080535247,-0.738419280095622,-0.981746060671612,-1.76536102092514,-1.48075182422925,-1.67778434841823,-1.7242762767921,-2.31497901392687,-1.57163219383981,-1.82684911579353,-1.22995067252526,-1.3551506671258,-2.01489834444269,-1.80269291650404,-0.131009561521056,-1.5908072500212,-1.5865263112425,0.363799794860005,1.10464754246282,-0.326911203028912,-0.148516226870134,-1.60537073660138,-1.34791368956367,2.17319951235002,-1.01167061116242,-1.18255779270772,-1.44700170930589,1.32404454816287,-1.93063515370922,-1.42913030349074,-0.967095031573493
"PSEUDO_Ns_2 (GE) - TPM",2.01544123216249,-1.24780817980874,0.395763506065098,1.86968907822996,-1.07266522505288,-1.53786475880703,1.41420735929119,-1.22200749998863,-1.18349594528376,-1.40735634314823,-1.49762081608606,-1.47674203448052,-1.07499757642027,-1.50421023794005,-1.65542637743613,-0.873897841938412,-1.4796656128917,-0.962620680527185,0.970791041553449,-0.928703127252018,-1.36093070613545,-1.34597724128196,-1.41470197358476,-1.59875398182305,-1.58741208025417,-1.49575581242518,-2.03716904853004,-1.81700882136916,-1.62998750233157,-1.86222930784637,-1.26726522137637,-1.27439369319191,1.06259039842276,0.367595104503182,-1.42398250987844,-1.12625126312849,-0.574487338985389,-2.00571407877415,-0.204591189859199,-1.19307390983291,-1.5867606437186,-0.692530059765268,-0.891674191173048,-1.32321118273903,1.28112733035722,-1.53955806384371,-0.37827781641173,-1.7329112272632,-1.87945817531342,-1.74186378290285,0.802849385286492,-1.19256900865537,-1.3676513814498,-1.08826327947442,-0.999557999438741,-1.12936683411432,-1.46894054819171,-1.26681393775769,-1.63724487590787,-1.37221494047156,-1.13782163618759,-0.379144140677456,-1.30095123400726,-1.40975122034588,-1.165628177905,-1.13844016219651,-1.39615547853789,-1.21886286141989,-1.30604070461246,-0.618559423124936,0.583068071192703,-0.785029618392593,-1.50039657020678,1.52501586203765,-0.765197939099288,-1.08200635039463,-1.57344581737449,-1.24627247560683,1.84692792438432,-1.51028569001913,-1.6680910306347,-0.877428855804646,-1.18870078823835,-1.39060488514547,-1.39440386253413,-1.1854144597112,-1.92492442061894,-1.837907260081,-1.389714955033,-1.40510412454502,-0.956580607571105,-1.2612958298476,-1.64227396791395,-1.2077678360685,-0.480401936979498,-1.27784253173296,-1.96957513246722,-0.130419771201434,1.19421445922757,-0.594939879486215,0.153120775018329,-1.50537290685315,-1.23458532406868,1.72693963104811,-1.7098530764944,-1.82088583377643,-1.47329203892405,0.70869175213346,-1.16210841597059,-1.56341033294723,-1.36986071967497
"PSEUDO_Ns_3 (GE) - TPM",1.4427088160629,-1.22462921892006,0.613008114891201,1.56260843632736,-1.38893297876962,-1.50854577048956,1.12259083084299,-1.12306423156516,-0.933040202259287,-1.5384279545636,-1.46800228637978,-0.936196475494968,-0.816359809367138,-1.39447575067431,-1.8479992641093,-1.72152482432177,-1.4047543236157,-0.971447031946626,0.751785137211378,-1.53689116454333,-1.40386196809916,-1.1116881187185,-1.37186140579544,-1.38588478038379,-1.83603611103863,-1.78815995238148,-2.05971415350151,-1.75078265003835,-1.55181157182372,-1.40493012306401,-1.34069641801628,-2.02445273390636,0.63909570434844,-0.24752549713564,-1.49075331966811,-1.93486790796894,-0.86665825667147,-1.81150476763687,-0.495918766828096,-1.41690751582873,-1.61475720160152,-1.34654921359202,-1.08150913155056,-1.22907883651572,1.74608359571725,-1.65043195008977,-0.710135216473152,-1.74861088535673,-1.67246741435518,-1.96132287870304,1.30987271631591,-1.04643360408372,-1.36554447563021,-1.49381400544863,-1.281471033206,-0.943486703569174,-1.41069233069376,-1.21061184857089,-1.33752721497918,-0.548665436073472,-0.954391620075459,-0.707814340543393,-1.27506496340181,-1.32019568159708,-1.20018909773079,-1.23377838173679,-1.45716735827885,-1.26944708853998,-1.43914322976845,-1.32191997942369,-0.28908620525072,-0.680114454055894,-1.14237041099389,1.08617442215723,-0.909182801151199,-0.786883789202379,-1.50975326060779,-1.18203321891254,1.68917758365306,-1.68463098973162,-1.79479749567305,-0.632875880721114,-1.13837439542971,-1.13766792928787,-1.2416618683856,-1.7945577521931,-2.0093507452963,-2.03225957685587,-1.22015465305253,-1.59669598935795,-1.27370181161387,-1.19763218917656,-1.89088159970293,-0.989291437091561,0.142417745675035,-0.156114561107186,-1.77088906485627,-0.172376547386167,1.32389044618275,-0.358474567062344,0.392301349538348,-1.41270058770853,-1.14709554572838,1.95077993938869,-1.50873659661957,-1.09924010798265,-1.08494581741864,0.925881944429653,-1.83927011438105,-1.29754532860132,-1.16010042649639
"PSEUDO_Oss_1 (GE) - TPM",1.0998214193519,-2.02161547450611,1.7405247175463,1.15922738206839,-1.2086397289412,-1.26000073322321,0.517086449208732,-0.767363797841168,-1.34362964668017,-1.35975710440361,-1.15838571458268,-1.06775269102172,-1.68051442160094,-0.420385103936145,-0.736388104160492,-1.17241510016194,-1.28839598756707,-1.75895699593171,0.988778382341283,-1.10265607322843,-1.62372751543952,-1.51449147650251,-0.232674362094343,-1.20059055227777,-1.10447318897791,-1.10178581791401,-1.10463065548651,-1.61750012200239,-0.875116569758647,-1.51621501589397,-0.90656551153591,-0.311987861260223,1.72207416668612,-1.53109447311564,-0.830671548659175,-0.70798612231429,-0.941190702194254,-1.22546883745496,-1.18738789485513,-1.09191868417972,-1.76211038276987,-1.60301951624351,-0.99992729693912,-0.881315730731999,-0.107359576219798,-0.877115765417593,0.600963846342943,-0.852027972737439,-1.15263495379947,-0.435553041537666,0.546307609724571,-0.591804068776093,-0.411837192600053,-0.698892881286067,-0.698045910820352,1.3808415020549,-1.24687434017716,-0.716367757055364,-0.674432086753045,-0.34680576179327,-0.675791334982334,-1.72904944465688,-1.35799004196096,-0.388942424139065,-1.0741683867145,-0.272608323201864,-0.86586322905065,-1.02054905524692,-0.980883088468956,-1.72010615951098,0.00590853296558855,-1.62272378584165,-1.01706561310593,-0.0756939842945343,-1.11046604196395,-1.30854391684243,-0.462975000856531,-0.949288314699767,1.4721985622007,-1.5960784730651,-1.09785975104758,-1.97984249228631,-0.740287519652618,-0.952801442506604,-1.25188142471256,-1.53337803119373,-0.460199140185001,-0.0799417965850984,-0.206949882608763,-0.990468757342269,-1.06331883258841,-1.19781967450921,-1.26163793938391,-0.565933206434922,-1.92263289697941,-0.949184739212185,-1.01870953479805,1.20902067894215,1.52476492621755,-0.977996233453853,-1.51343876722565,0.222565546472056,-1.15679624602329,-0.299439039101696,-0.117124747067276,-1.04241847470062,-0.312706981212089,0.56850191130266,-1.07763277981231,-1.49413111156046,0.617485537842415
"PSEUDO_Oss_2 (GE) - TPM",0.742174142894953,-2.16159113502708,1.32789299503582,1.36359334334976,-1.32267309124147,-0.368414396308991,0.84478600139011,-0.896317105795526,-1.20140608997375,-1.33335279165917,-0.98594815791514,-1.72874061537633,-1.37846312591746,-0.264121565247725,-1.04757236551794,-1.60155905715019,-0.899907327396807,-1.38381314142268,1.15867406150779,-0.984036433459708,-2.00892060611925,-1.36479135325632,-0.163113941477164,-0.571307900314812,-1.31093344183489,-0.305183039961049,-0.883218703179211,-1.97689686596652,-0.324162773962555,-1.4253187476789,-0.632568235896156,0.693944348857195,1.30781789432758,-0.0662883957908891,-0.840158677762423,-0.781025553308984,-1.40551013883866,-0.835588641434127,-1.2689581210315,-0.836456772689303,-1.74839686333918,-1.27153544749941,-1.01723755444279,-0.719078186336246,0.488584390585078,-0.88470600356815,-0.796373318488911,-0.519138752357112,-0.823019114052628,-0.443758818774125,0.378855295588198,-0.604922171632005,-0.158822615323023,-0.70205538238978,-0.596149380170925,0.13616132727319,-1.18878467041822,-1.04765667725214,-1.1253814130283,-0.132729853522555,-0.120134039872462,-1.47982628137181,-1.03065710470381,-0.123444975526895,-0.767396828058708,-0.131184697980846,-0.960733117978318,-0.788878602673074,-1.4711731968376,-1.11996265307613,-0.42574073498621,-1.17695961536724,-0.480658684325732,0.208894994927231,-0.847176670890825,-1.13580079940206,-0.490545819513254,-0.966179757840233,1.20322045406875,-1.77380332468192,-1.1074085931092,-1.78375243864439,-0.256490738730074,-0.267772417116291,-1.27976899434375,-1.38712324156467,-0.108260835501253,-0.413185271525872,0.0793930872267733,-1.02369728618066,-0.803203168214062,-0.562503734704588,-1.17723411376573,0.172703630598294,-1.45300167922776,0.0811794610356993,-0.849017938478866,0.795572487677001,2.33418265854427,-0.906013488017455,-1.13749017653119,-0.167753870750379,-1.31548425628614,0.00337569759371616,-0.698358020727954,-1.37643644255655,-0.270720761676933,0.950252276879174,-0.435406402820157,-1.13565510365144,0.168449024153887
"PSEUDO_Oss_3 (GE) - TPM",0.736183714717855,-1.64651145830396,1.82694136990307,1.05617277264139,-1.26790960586608,-0.99610654009332,0.423293155973678,-1.37040388445734,-1.08707288437083,-1.17252862100966,-0.972253140213696,-0.864101720809833,-1.66624097470115,-0.313375888999205,-1.32175870006127,-1.67273513513978,-0.720271823764244,-1.78513476325108,1.56006570121498,0.280216179355293,-1.75217716646037,-1.61642393826432,-0.409006368099956,-0.407700553219853,-1.85123244753893,-0.360848743792081,-1.46411161236745,-2.00536793229111,-0.774127282966804,-1.2715449747568,-1.31521287745983,0.28506376678546,0.840021579907192,-0.719606517082382,-1.06068347715235,-0.265161584218325,-1.17701396609262,-1.04576118626346,-1.37183783817512,-1.27097278106701,-1.79692654865516,-1.40275720615107,-0.913293674870707,-1.48002194149332,0.248198105570483,-0.80009336082743,-0.911392644272951,-0.372538793940702,-1.05468152030256,-0.213769109856176,-0.199736162750367,-0.714160957130463,-0.33760373040667,0.107719859135689,-0.839131830692613,-0.927932798262303,-1.30121309195232,-0.728912675856101,-0.0730505538155807,0.0789991575686805,-0.641274017615359,-0.92088572894764,-1.32917508035607,-0.614919270652583,-1.04118994891628,-1.070248409705,-0.841254241334357,-1.11139686114562,-1.64251526614865,-1.61517106495807,-0.526841681626441,-0.707715112950931,-0.77784506430554,0.529744908285753,-0.262604377848577,-1.02282229985246,-0.456259299301977,-0.616070853108758,0.598219199520533,-1.61296630293088,-1.28165670057491,-1.73412733250405,-0.577499944148414,-0.573663427185912,-1.94083388475081,-1.49885301706491,-0.395459304900857,-0.956867307118929,-0.532815816099039,-1.16056435418948,-1.23964216116253,-1.18901399689725,-1.4774759438111,-1.08960829250168,-1.26779786388801,-1.41073835630685,-0.502703089127954,0.40030194040196,1.82398107293526,-0.529159990735771,-1.32660341926908,0.336002107656281,-1.26225500879608,0.584161393319564,-0.858092380359053,-1.22001219285462,-0.906213665624186,0.708828192377253,-1.07597932962034,-1.09350517256656,0.0905920201435881
"PSEUDO_Oxs_1 (GE) - TPM",-0.719877945266974,-0.295501526622342,-1.02284546440494,0.0173260379192717,-0.113552163152713,0.682514235561096,-0.303579603097541,0.534535255852767,-0.133670728559192,-0.0988981501683111,0.44111613800385,-1.15106509971533,-0.104951167019758,0.0763030784837427,-0.0368442662083256,1.57152519568386,-0.319342517986609,-0.0205697094042155,-0.260969662762423,-0.0261893023075773,-0.0165852336109711,-0.174230949624129,-0.386279229050239,-0.0937712479086699,-0.269542486382091,0.14424508872599,-0.255311167032438,0.401257958866651,0.202018021303515,-0.304169023678152,0.991600995653503,-1.23070766903717,-0.135563681484922,-0.544398689030027,0.292625973854097,-0.201670708846301,0.738685766413434,-0.514280660293689,0.575011200333199,-0.532097219109709,0.301933216272725,0.119185086550606,0.052897716235423,-0.551423241437343,0.0449559612695634,-0.271726120212402,-0.554228114341765,-0.364913138589433,0.00770751386521157,-0.364064564695246,-0.151152141839839,0.478017439161233,0.141822012429834,0.223294188158283,-0.814531869817688,-0.526358461518174,-0.110369561585923,-0.165468493549364,-0.587113680740211,-0.281645080382951,1.69329768674007,-0.414468116952319,-0.109803911151786,0.302245997273207,0.141750470504878,-0.0311231071680426,-0.3808311270376,-0.217929279115241,-0.0760274382513761,1.04605891569406,-0.296188253202979,0.0799075584935467,0.55902839762667,-0.213291411956399,-0.260396047918706,-0.0395048547784242,-0.0677307170733418,-0.248057872614696,0.0176609807771584,0.152478923695815,-0.00266953833738897,-0.414488914053423,-0.590675477478852,-0.148496390091301,0.525655478299162,-0.688565655209593,-0.39517956462288,-0.418824335429215,0.483422860200658,0.0502576579991392,0.351046374886873,-0.263564418594947,-0.0162753765199571,-0.105944534598077,-0.220793318999637,1.32968874785505,-0.456712244952725,-0.629182685358568,-1.06788047118101,1.13439856480366,0.734602851975929,-0.274462379718533,0.388340470757463,-0.771574223177307,0.0413166908925108,-0.804985156424593,-0.568337942704561,-0.296410596227282,-0.481159243148831,-0.103219923037508,0.331727479205979
"PSEUDO_Oxs_2 (GE) - TPM",-0.752414427405363,-0.71167666471342,-0.835648484876327,0.0587048736171899,0.308189101226936,1.41477503718135,0.175834539058988,0.762145865171605,-0.390654202373159,0.350786532996228,0.811910613529856,-0.577778745718682,0.0658464360218044,0.033063398863972,0.270647390552907,0.247935739467425,-0.396047829202879,-0.1723348321695,-0.302409033874293,-0.313172054966395,0.177052149719491,-0.0424029918718493,-0.0239320706608403,-0.0213462489402653,-0.332308482215372,0.275762261908795,-0.0982515632801727,0.216008783975726,0.523833112961048,0.57003727205155,0.611675679979239,-0.224590151033144,-0.566568858573329,-0.441429409430986,0.821259490617267,-0.128837493568989,0.87298235167132,0.149365835085327,1.14801873322718,0.102392144635457,-0.115314261458168,1.01392762692567,0.0279681984902124,-0.0811572683515313,0.326307453667555,0.0874866336204178,-0.0122009212259152,-0.261375231567777,0.253065173529159,-0.192814943481767,-0.790536269820735,0.461912701839009,0.712655610916705,1.14550705263599,-0.461815150929948,0.388378671408802,0.277326784296706,-0.0236792503006758,0.0612554489385824,0.445366814681938,1.50046255656248,-0.403674100062515,0.0536067120933329,0.793779902406517,0.628693380527593,-0.322529943251407,-0.318207028988094,0.0988654169390324,0.682368974222249,2.15276133961246,0.348108762257849,0.0551145161795489,0.48633972214229,-0.548963913177908,-0.454608079525259,-0.0765896646670102,-0.185221669361482,0.409403198921709,-0.00899383117511395,0.416201100808284,0.315125127967955,0.245856296977802,-0.234107226448781,0.735507153737369,0.501674270061006,-0.0393823624720852,0.16648985311619,-0.125447828372979,0.537597600782643,0.138321866685524,0.827535384726886,-0.180619185491633,-0.219964048438796,0.327693361888351,-0.0423891653610689,0.161471641318851,0.272376956544266,-0.745108266501695,-0.53876940799973,0.374559423013546,-0.504394197756828,0.218081566231158,0.762435322981238,-0.267284962294972,0.345367970251099,0.423168828494738,-0.20770362014584,-0.693730121400156,-0.0946959889980056,0.000172720583512691,0.300653697971291
"PSEUDO_Oxs_3 (GE) - TPM",-0.581583056720096,-0.82724746855776,-0.63519812553437,0.205155868168381,0.114127597101885,0.715519791790545,0.371822923540411,0.244329144795674,-0.52298585141377,0.179091839601443,0.18192477802332,0.294156728371785,-0.131161691828018,-0.273795202044924,0.178383551634829,-0.113305757251061,-0.205714187802873,-0.26973047014393,0.19993848350019,-0.821573478333995,0.599694941499202,-0.532419442791173,-0.309098961234389,0.472776634196647,-0.508727301596929,-0.206161344046303,-0.631552852745489,-0.258984708412352,-0.313185715745192,-0.187856993289901,-0.255451038345963,-0.51044595771532,-0.722530968076841,0.118308354922614,0.471324467074368,0.10065780351008,0.695767390664473,-0.44745188437543,0.82323629415333,-0.518985628042458,-0.351572185949063,0.35747302320881,-0.246066183571557,-0.654134430441287,0.162195559189228,-0.453006175604605,-0.685326794548212,-0.573189721919489,-0.0741443723932749,-0.817861948014761,-0.427365383375199,0.222422377694187,0.0835349539248146,0.811301819569452,-0.671625167631118,-0.961988395615259,-0.335679729161679,-0.127328373548701,-0.489246713821283,0.22335824687703,0.401444322231731,-0.824837398477312,-0.477149950484185,0.958721126466504,0.433099276855206,-0.0669666865110522,-0.403254801015238,-0.719161130501301,0.718841512922323,0.952189146779647,0.50533115860077,0.378749405306332,0.286861771555043,-0.272914510021487,-0.430713709037761,-0.0570227999728154,-0.406693905650471,0.0142321623033063,0.012051310799225,0.207963739945362,0.0671992609585135,0.56111405241147,0.543947209497111,0.737660152982149,0.556991290813373,-0.226858724420101,-0.265348431396634,-0.222656021791554,0.22921406807311,-0.242131853133664,-0.0165546371107989,-0.468699342942713,-0.382892283062884,-0.0498599947199561,-0.573743354761164,-0.528321199996835,0.0791927249413359,-0.551397633032011,-0.367942073199287,0.854662230026913,-0.15206066369567,-0.0385871044428036,0.431962658399213,-0.0212994990607335,0.00428652000036008,-1.0383762528574,-0.661911899813744,-0.192396180143632,-0.145098828818246,-0.086524457128872,0.0695189621477878
"PSEUDO_Sp_1 (GE) - TPM",-1.79542912262544,0.162585260108401,-1.43131077256325,-1.5071111631264,1.33782125195871,1.19159748847797,-1.48922592727821,2.04438676385223,2.6965181779696,0.119215522836287,1.55604823120526,-0.772429797369487,0.495017833583877,0.776930832409752,1.80208715854375,0.778737347125332,0.769549675967716,1.39239378218308,-1.2468332530671,2.04562381331936,0.179268297081606,1.90116630621906,1.11833350139105,1.85618708032444,1.24814836190562,0.651408598942889,1.00532436460448,1.17939215801949,1.18387955045265,1.40396542721272,0.709695992360848,1.88029552785117,-1.17696057695499,0.673952533674415,1.86445595701657,1.12277350416026,0.690025372190718,1.20002763396204,0.913761445407497,0.922978138872508,1.33724127598447,0.749208604580056,1.84655952671901,1.49446982013307,-1.72553261571295,1.36001903197869,-0.911392644272951,1.74314191786864,1.85288670066403,1.23143349281928,-1.22035167808403,0.963585148986389,1.02351478922109,0.215994485642015,1.35953856380493,2.08376922142926,0.827866975312017,1.74287905045961,0.733056492336558,0.402735994757053,-0.33927972369916,0.89514686031161,0.996009194311269,1.77249960413519,0.259285603746505,1.9556126310769,0.841783728998659,0.662823748671731,1.04268174326455,1.11261582792834,0.60708093086828,1.46775328562674,0.269425852210802,-0.785420440174407,0.805946187123533,2.15383961220426,2.26214373306897,1.51770401508565,-1.11849863885868,1.37871671543417,1.12609918267586,0.843767482908626,0.0647952668912736,1.50513026410015,1.47183475971359,1.05841432522392,1.76919391096225,1.62170590951145,0.379583395424226,1.90176033522239,0.53567940949032,1.22825279477065,-0.859252164924067,-0.296378683920031,0.221956601104071,0.557356228294552,0.967729664343384,-1.15327912901613,-1.46073676143001,0.284943646322329,0.532379388838898,0.976029125631434,2.60090706474834,-1.37877068249179,1.64099129038345,0.697888749306632,1.42683568902753,-1.37203467602251,1.60090702907882,1.10143044418623,0.761034591974877
"PSEUDO_Sp_2 (GE) - TPM",-1.68739217341238,0.985136918248309,-1.28940362649158,-1.50534071878231,0.754258497226667,0.914391017187683,-2.35835188527093,1.29194076527968,1.8796463814325,0.751561212870258,1.45214379883237,1.77964009913534,0.823474945336181,2.37548689227082,1.38085074049678,1.60356790024792,2.65305961166251,1.62296472341717,-1.07044398406367,1.08726457660223,1.02574853264639,0.44355675464034,1.00272038164717,1.18732390994554,0.839106845550699,1.11941082116125,1.89137348977582,1.28977572282858,0.842985236364742,1.14987824923417,0.891113818437271,-0.158067338505065,-1.43449514287753,0.766486843084521,2.13409819600443,0.57962903768065,1.55177631393799,1.88027155298498,0.460274068718096,0.562750977281268,0.496904602971064,0.871878436796976,2.34608997445747,2.19043424099053,-0.983105158852828,1.86518008217419,3.63711538661053,1.74604288896266,2.27885270210646,1.49725165314601,-0.685049239396159,0.919821349169565,0.757661645250784,0.905870938055452,0.955072444378233,0.155195789017608,1.32812172887539,1.73837691649318,0.522156622797888,0.713176445262082,0.471821706868667,1.05645485976033,1.51378631960641,1.12261799554915,0.523534324570587,1.84811580929942,0.761795884103557,1.01906700641464,0.886376437014455,0.979473595902721,2.05947942132974,1.14777412446148,0.339775410417845,-1.45750826811779,0.388784740375759,0.98098976746861,1.84201034319227,1.17227436519728,-1.44044488430229,0.812789801594203,1.45303475372979,1.64291933481135,0.404846716123092,0.889946556492438,0.719481746299689,0.9946616266462,1.0068898905759,1.45061341570995,0.0601435726859381,1.88262823149764,1.789593997347,1.03588133073585,1.7060097777721,-0.053422777675864,0.290025703342847,0.834507270333323,0.220576956442401,-0.885739443653777,-1.80744979184349,0.25354518702211,-0.104983136603482,0.947247748234769,1.21456418574651,-1.86853704384643,-0.145688840111952,1.64233651263272,0.758103855936639,-1.26326112147151,1.12931858224771,0.64690366856189,0.504738774985841
"PSEUDO_Sp_3 (GE) - TPM",-1.70891063000696,0.0407583194439591,-1.3297928343971,-1.47594134817869,1.91888320054378,1.9085630309707,-1.29352450316251,2.1622643814067,0.787723032988188,0.471770393849144,0.994892320197422,-0.207074290686454,0.370535248890019,1.25057223012819,1.90754555775094,1.16185898385338,1.99903133740197,1.52923026826167,-1.29944441483113,0.444209571916471,0.345077436837795,1.4965174813144,1.68701529848541,1.68637762533493,-0.125504505847572,0.709377977526002,2.05741596441442,1.04094970418791,1.50927854065453,0.345669270694961,0.669610787646207,1.83003678581701,-0.642122210917388,0.438417138107088,1.91117794782975,0.915665502206175,0.22491773908226,1.14106216568245,1.61967855198032,1.32445125988689,0.461180578012534,1.7466758002833,2.23232846223939,1.26693550480921,-1.38734858710621,1.822464863929,1.10437993502087,1.46343278535724,2.19322987645793,1.94963409056072,-1.13439923404453,0.935815138044757,1.18067842914958,0.848090106600841,0.926313186086611,-0.521351332333138,1.52753454115339,1.70655653089645,1.54007344333664,0.373861164047672,0.394220617788778,1.31287792289688,0.717243115100391,0.972255591180725,0.736875392178553,1.58610864232046,0.910463082017475,1.27073714967296,1.0538879358529,0.861162919847531,1.04525313593263,1.82458154752392,0.382240101654062,-1.24265752381179,1.26000283240225,1.40937115811708,2.3361789213977,0.76213743759742,-1.06943077126301,1.19581587195029,1.34286747328246,0.668706128350597,2.07587921044763,0.919461964965042,0.628257062284959,2.244812512878,1.30778432459845,2.34200689906572,0.956874013824217,1.80753904720361,1.26411444648675,1.15600695036214,0.997792305837878,0.710869411395141,0.974253481139909,1.5510725870158,1.81151308025496,-1.00011837698033,-1.29819701623012,0.429254906429589,1.28756680277585,0.484284933686637,1.89425041117482,-1.03407747710872,2.23301128130994,-0.289808729664,1.71381334187153,-1.5064703783997,1.66707944233721,0.282921853756376,1.55239719213417
"PSEUDO_Tm_1 (GE) - TPM",-1.15697751922428,0.569809291964174,-0.489852808693704,-1.11734378525553,1.32045165800424,0.934487513177972,-0.788295415633939,1.35318925049354,1.90167742980107,0.412484721949916,1.40681879289495,0.577551436773038,0.98026974339483,0.600614273663543,1.30001318243937,0.298360670705842,0.44177648707735,0.287312902300536,-0.529780646244719,-0.188335188870479,-0.618823367953214,1.08074826921591,0.342014798494791,1.10777135925352,0.882075474310832,0.969857225794158,0.257393110557892,1.40504444162669,1.27362704220452,-0.290487380322279,0.936215508854789,-0.17666986866204,-0.890571181106189,-0.219423068657194,0.983562334234647,0.0266446927562502,0.33270890669088,1.45151896464357,0.402330855328469,-0.540659220691242,1.0787946434899,0.506576632010722,0.0191464190939125,1.12124382988053,-1.12075110944118,0.885668948606006,0.490024042650897,1.19527911792044,0.247278338915563,0.721586923031769,-0.267574775089436,0.0576345879784165,0.968396144369772,0.555307337962577,0.379573651165945,-0.726998816233393,1.65160304952959,0.627279725642365,1.45348027198021,0.156272427012836,0.353327559298908,0.0202940283243108,0.994140566534266,0.355391261509339,0.502394384596524,0.294365384163275,1.30090078670653,0.270529698113906,0.984747016771892,0.354270275053284,-0.860725962771902,0.501436069925684,0.563257270627803,-0.192606397022732,-0.807846403016543,0.611113603607678,1.00362783123687,0.565717270164057,-1.19050877062365,-0.999378136226813,-0.107505749768801,-0.759264583654657,0.725141695698838,0.840120450954609,0.592592414588494,0.308796685927341,0.0480099504712277,0.0531322198835951,0.630913072261891,1.22600098059538,-0.732575240342161,1.17150352665137,-0.694770978976373,-0.272763461897594,0.349143547785549,0.879821148909685,0.908415770228931,-0.472393301817808,-0.422190176132074,-0.577744152895524,0.250115447783485,-0.311618755363393,-0.430484466892053,-0.283007825891257,0.317213790184481,-0.739357310833814,0.469844220186451,-1.41445981206849,0.235553713694647,0.380502986929389,-0.71158991177185
"PSEUDO_Tm_2 (GE) - TPM",-0.96077581100728,0.30495206466499,-0.385744869388026,-1.13400368659159,0.678331970996156,1.0547583226619,-0.709631290131031,0.79186637808081,1.45444870448555,0.933510535570371,1.24883246944707,0.393922890747266,0.196291523810729,0.43811250412408,1.56399246158472,-0.469331716030255,0.444100797435005,0.362079136650878,0.22689291803617,0.0330587779186354,-0.340091792500718,0.834012796909347,-0.0488842327304688,0.803284447314092,0.661680393537695,0.832594559489182,0.19104400550764,0.502630281490025,0.598702091837104,0.221340652579462,1.51782088462097,0.198394052955457,-0.81144478618762,-0.0739303858771202,1.08366454583741,0.439844834675367,1.31294408345505,0.289107112984371,0.798948688871675,-0.275465930299729,0.239247726027942,0.618718046449052,0.244004353658837,0.797063056705709,-0.985136513550126,1.02738949759317,0.142786647196892,0.599787873236062,0.974151855401528,0.933982183638576,-0.89134198153583,0.323546663642962,1.08178533502581,0.486752214586647,0.625971390874777,-0.17453468468509,1.21967501989586,0.924178792897218,0.933776197720346,-0.381175007901248,0.183587033202456,0.219939542337566,0.117688950489361,0.116292454288528,0.607353857433018,0.0327318562901171,1.36476889514046,0.524527395065671,0.61798578089727,0.306565232538104,-0.0355107932261612,1.20216058822219,0.747568349472021,-0.253009761784723,-0.536862180904422,0.0548875888135934,0.52177548253235,0.718685342389491,-1.19103295919905,-0.81602964646578,0.279039313903757,-0.4742352429129,0.59816387890538,0.415374804067398,0.708889796908071,0.0729679981668778,0.000377345784652952,0.141228984218318,0.626411482306448,1.00916672450214,-0.508703020127792,1.2554696391158,-0.278233427853662,0.154175929505774,0.461503194374564,0.274915140236377,0.902786434363343,-0.569317928977438,-0.61739840090524,-0.25029741166608,0.213947652878243,-0.193708509063201,-0.41437361351782,0.166003627906805,0.909565254365456,0.867195274176864,0.912182309123771,-1.29367520985779,0.288539847302814,0.836757859483705,-0.633170442745229
"PSEUDO_Tm_3 (GE) - TPM",-0.921227979967658,0.0153605681596367,-0.4124557986662,-1.05386274366891,0.282073872822301,0.505374284292428,-0.21796976088844,0.224912424956069,0.942329745477914,0.0253359134628227,1.0812171761879,0.484958858474467,0.0427720770155315,0.245299993388922,1.52472491809287,0.945123697776109,0.445284701602011,1.28943509930695,-0.107382420917195,-0.356452467668249,-0.152869752439342,0.854243193703419,-0.181956643222586,1.48941472079463,-0.0932152398218538,1.96606371333157,0.322310499709911,1.30261074390783,0.725992605395502,-0.0215894472898071,0.58974540838059,-0.220657971813104,-0.578755422601496,-0.40046032422888,0.813635241931351,0.00602350388307837,0.737099597075394,0.232818307028539,-0.0983355151654624,-0.370533443991572,0.430072233741131,0.633098877191651,0.0864283641564099,1.19441625172003,-0.616583811902501,1.26060185099413,0.731981769595564,0.582952201675747,0.672962304645668,1.32651445141798,-0.287413987962326,-0.355830321360273,0.712579398129287,-0.156203915058287,0.293366353434247,0.233008052335048,1.71049219415004,0.769597601462557,1.26001927522002,-0.237512020733332,-0.0994204099502834,0.230538495348833,0.11252778019251,-0.205019437724769,0.382133738655096,-0.199747627623403,0.898710169871365,0.569571392552762,1.41467495599359,0.0805218717006986,-0.776402886753975,0.60813960294621,0.589449018800337,0.254077366947309,-0.928008830263867,-0.199133530855313,0.570328012430136,0.105926023026938,-1.23571368161219,-0.784832671118306,0.263332988999157,-0.527079992005101,0.652605391847151,0.703320781805898,0.499345545857775,-0.11218819885719,0.48879346933467,-0.721768000198481,0.698008273791403,1.24747761397464,-0.223237855995875,0.580673217414375,0.364486623279034,1.07953271738678,0.138805044946305,0.751306805256382,0.695290474284379,-0.48880656922387,-0.492772869318495,-0.244629630159018,0.251279561857156,-0.0833061527549639,-0.30564039421657,-0.0780086816650176,1.73163227960611,-0.695777508829134,0.0957875576761074,-1.10860950359836,0.389697326010763,0.396535997434189,0.000483531236376234
"PSEUDO_Vic_1 (GE) - TPM",0.843425659725441,0.60513720011259,0.342423305684992,0.709713805419068,0.529878556903293,0.0646394006678353,0.455242053599078,0.0717383205452839,-0.328055739277645,0.615209921247402,0.473951357023262,0.342155670428238,0.685063115074633,-0.143970935748766,0.152732621331885,1.06565018161756,-0.0779575253803007,0.17487277333497,0.146331947803675,1.03628378597677,1.09238228584272,0.0741175558664708,0.432709907769493,0.100946539804043,0.39860715880345,0.316046878120055,0.10476990390696,0.697377375100344,-0.0556160718978639,1.36921117901261,0.617558391152691,0.959576337243506,-0.524020550167751,-0.0700183156563219,-0.00134976158127309,0.446834742998944,0.0242329329449346,0.444770393079191,0.031948876050786,0.326124489425178,0.657063836487945,1.11922577160617,-0.0924047673544513,-0.082497640044243,0.09240152986356,0.0203944341806439,-0.360137575915563,-0.00765379899836155,0.144416015111209,-0.145861644521435,-0.822792234997216,0.286371167106373,-0.193006310035297,0.83233173795463,1.52608035439467,1.58030891021692,0.118025206028546,0.35263043251035,-0.208432589224702,-0.36036370240285,-0.16183213952694,0.160267543082681,0.204355048611973,0.202838242152966,0.590563514049523,-0.0497346957480555,0.706704707137349,0.498860807477465,0.465586333199273,0.521733080028743,1.26593014868908,-0.235600243851289,0.6275495788708,-0.967557028303945,0.495492978235599,0.145792115232411,-0.588442380382848,0.642148413995471,0.327627235822821,1.35810829029192,0.526789639821983,1.19901842156798,1.30565570998184,0.807844797842767,0.619337625080669,0.161836580121374,2.13953204857263,0.458583631625289,0.488840941596409,0.355901842564328,-0.39650245131637,1.23506985454482,0.86084613574207,0.161863513776577,2.30374638454243,0.478463963606955,0.579509718106637,-0.301597404965896,0.601296575806182,-0.204812723506035,0.137837383463282,0.155988802095602,0.527369037842009,-0.780058311504811,0.256727601009936,1.61727020207532,-0.282141814682502,-0.0270658151137829,0.579568827057994,-0.654968527442226,0.240654653959622
"PSEUDO_Vic_2 (GE) - TPM",0.547891389989039,0.633355928656141,0.213165179268838,0.407506913447514,0.263412784873663,-0.415445057865321,0.726931984961348,-0.146574614975834,-0.333693725804123,0.255339366536905,0.303563866719916,0.839341162742275,1.07857586445015,0.425241807403557,-0.736674891085419,1.7729775639984,-0.295482406458026,-0.132286804901381,-0.424568900968594,1.63201416432269,0.208604641717711,0.312462404236149,0.38835885898378,-0.354624660447577,1.63691739855954,-0.191603654201708,0.0089700018859491,0.400086731865813,0.541339908266921,1.20558838164002,0.460171499640921,-0.990379758612476,-1.16818189638898,0.620966301873854,-0.292742282395215,0.652919071907746,-0.795594616954448,0.23261671729557,-0.397156642848549,-0.380354257041688,0.345654434454124,0.880320609075776,0.0121956353324207,-0.151017637590612,-0.252991291085506,0.0504394136950699,-0.911392644272951,-0.45151606733588,0.124103927819399,-0.0954152927515892,0.437986959136977,0.715479141272834,-0.129780608699846,-0.0810880379756029,0.852413448174316,-0.457656121054016,0.157008523465523,-0.127311692826286,-0.337165760652618,0.0953203939375984,0.831344480137409,-0.427337061613005,0.582768906744998,-0.160536488493669,0.140902641177981,0.15382631553597,0.219640045717631,0.131775629419278,-0.0694750476286708,-0.557492740602541,0.901868252137414,-0.27651714022738,0.401191717113492,-0.625347845319213,0.877328316435348,-0.330881467603015,-0.0607566242208372,0.289017026395978,0.282362838541871,0.462781642362984,0.626364021796521,0.679536541737547,0.995722343573332,-0.346059710645097,-0.284496911549583,0.762201106287088,0.0407930248948692,0.247714097485646,0.13130241255977,-0.151085421917917,-1.11053764851017,1.08576001375983,0.191831945276682,0.506436702429401,0.859294568593356,-0.227996345232569,0.908701795889852,-0.237758386367686,-0.585978391802113,-0.0352301966720011,-0.264344027530291,0.380415633188067,0.215737019341765,-0.112139360960267,-0.28025910289478,0.460025024567142,-0.276751572220643,-0.46901267155145,-0.622052754307672,0.214069301612215,-0.500948585546545
"PSEUDO_Vic_3 (GE) - TPM",0.693124525316016,0.272100242255892,-0.217761283540714,0.316334087696789,-0.308781389580899,-0.142505153075064,0.202043959676908,-0.0577145088261154,-0.605424915839717,0.490135251867527,0.475662979058329,0.815043326025435,1.15563094235206,-0.236498877548603,-0.470329955628979,0.554695121890277,-0.299585410707794,-0.251411414873589,-0.222814311872482,0.881867076118249,0.728434016109366,-0.397873439508639,0.330907945363156,-0.584156668695495,-0.100192129641759,-0.284962994001833,-0.219189009551642,0.614577263088666,-0.0544993146520461,0.751852667102158,-0.130452241328778,1.09877775810834,-0.932746122727492,0.388791206053335,-0.38578724927447,0.191669463926333,-0.424573080403894,0.0334392634216391,0.442099617343141,0.409984017450453,0.467297426905563,0.220122484914613,-0.25652170684741,-0.0509472096525115,0.299878930294431,-0.710000835863158,-0.737327335541197,-0.149356237414401,0.18519237463472,-0.0855024590945593,0.216542086206146,0.0172602630169533,-0.309892494512908,0.135506487930384,0.851279761486972,1.47788856656539,-0.241025084296919,0.0424151320546024,-0.377888391056936,-0.111770619094078,0.0102648065493302,0.506539439612858,0.646008928201779,-0.152117442141745,-0.0524708916250618,0.189877855113639,0.165376300889799,0.329158505999812,0.0988413303099553,-0.315658591652347,-0.00414198456166348,-0.658793703616444,0.452060437275423,-0.765161534827194,-0.271136716708405,0.278905799302794,-0.174945452241195,0.143507477276209,0.204086042401932,0.557274144962982,0.428404686633385,0.58645716316481,-0.390293348798945,-0.0899333709292566,0.0702315723549188,0.279407668995497,0.852601349924848,-0.517856696203881,-0.423015622958753,-0.168552236243405,-0.519371171110462,0.638783859614856,0.471199172022205,-0.156214854309248,1.25455667459214,-1.1550814907663,0.826582262448801,-0.453379071946249,-0.235894176678279,-0.0856540957328059,0.376094862940311,0.175862204691934,-0.0204979417360254,-0.728239677008728,-0.279888288872181,0.944760832058949,-0.0682822071987281,-0.392206316159832,-0.600650579138702,0.462607888245956,-0.153166420553235
