"","B4U56_RS00125","B4U56_RS00360","B4U56_RS00615","B4U56_RS12150","B4U56_RS00650","B4U56_RS00680","B4U56_RS00685","B4U56_RS00690","B4U56_RS00940","B4U56_RS01010","B4U56_RS01015","B4U56_RS01020","B4U56_RS01025","B4U56_RS01185","B4U56_RS01195","B4U56_RS01205","B4U56_RS01220","B4U56_RS01315","B4U56_RS01320","B4U56_RS01625","B4U56_RS01650","B4U56_RS01655","B4U56_RS01750","B4U56_RS01885","B4U56_RS02190","B4U56_RS02255","B4U56_RS02355","B4U56_RS02360","B4U56_RS02400","B4U56_RS02900","B4U56_RS02910","B4U56_RS02955","B4U56_RS02960","B4U56_RS03590","B4U56_RS03595","B4U56_RS03695","B4U56_RS03700","B4U56_RS04000","B4U56_RS04280","B4U56_RS04285","B4U56_RS04290","B4U56_RS04295","B4U56_RS04305","B4U56_RS04410","B4U56_RS04415","B4U56_RS04540","B4U56_RS04555","B4U56_RS05060","B4U56_RS05115","B4U56_RS05150","B4U56_RS05470","B4U56_RS05570","B4U56_RS05620","B4U56_RS05940","B4U56_RS05945","B4U56_RS05950","B4U56_RS05955","B4U56_RS05960","B4U56_RS05965","B4U56_RS06095","B4U56_RS06100","B4U56_RS06225","B4U56_RS06235","B4U56_RS06285","B4U56_RS06290","B4U56_RS06420","B4U56_RS06425","B4U56_RS06465","B4U56_RS06545","B4U56_RS06730","B4U56_RS06735","B4U56_RS06865","B4U56_RS06870","B4U56_RS07135","B4U56_RS07195","B4U56_RS07230","B4U56_RS07355","B4U56_RS07360","B4U56_RS07680","B4U56_RS07720","B4U56_RS07725","B4U56_RS07730","B4U56_RS08025","B4U56_RS08090","B4U56_RS08095","B4U56_RS08100","B4U56_RS08295","B4U56_RS08300","B4U56_RS08330","B4U56_RS08465","B4U56_RS08545","B4U56_RS08570","B4U56_RS08955","B4U56_RS09165","B4U56_RS09275","B4U56_RS09280","B4U56_RS09330","B4U56_RS09420","B4U56_RS09430","B4U56_RS09440","B4U56_RS10505","B4U56_RS10560","B4U56_RS10565","B4U56_RS10570","B4U56_RS10715","B4U56_RS10720","B4U56_RS11105","B4U56_RS11110","B4U56_RS11115","B4U56_RS11120","B4U56_RS11125","B4U56_RS11130","B4U56_RS11440","B4U56_RS11625"
"SEPI_As_1 (GE) - TPM",-0.593197622083701,1.5284117347292,-0.412954767930987,-0.416002673703909,-0.219972400014447,-0.10386799740427,-0.190444341834282,0.0941598898932649,1.02261017584339,-0.401124631979093,-0.381516763235388,-0.371809713835975,-0.267689228880648,0.188254137731676,-0.23514485720195,-0.515501125839329,0.1621833713729,-0.37375482853006,-0.484444162740209,-0.348039053533013,-0.293598674614675,-0.240027558054516,0.151835231520521,-0.117961367466467,-0.321874428061233,-0.912979394043223,-0.424531856879634,-0.308619759126588,-0.0115379215025385,-0.686423749045459,-0.509927699897732,-0.465513750338737,-0.305716475025364,-0.0680071966351914,-0.341017000495802,-0.202980306065606,-0.545947204745107,-0.169129295683763,0.16898737826683,0.199483553481343,-0.358720612784246,-0.527367931333028,-0.181316596731312,-0.571884789997859,0.498946767920608,-0.646014176369722,-0.180218230495644,-0.300678754624108,-0.398014299628885,0.117203464092038,-0.736035792406742,-0.313963626007314,-0.687665629974763,0.290897051708578,-0.261295049180244,-0.548356006159493,-0.634797857455033,-0.726347059720005,-0.640889622532571,-0.996158321199081,-1.06121325544867,-0.27614637686755,-1.09578350523513,-0.239100723289019,-0.474775443292098,0.331468784032096,-0.133499028801366,0.221369672378262,0.0191801839912046,1.06659762980434,0.0921887978337808,-0.543392084333476,-0.494937420953494,1.77956495318698,-0.329084724516564,-1.43496191896033,0.279663570394132,0.867468674796081,-0.646204818832917,-0.657076252153661,-0.73552102850693,0.684386865724525,0.678903535522555,-0.344433184729657,-0.243672510518488,-0.53276563906116,0.442065172584688,0.424498823349568,-0.614694156705569,-0.519322425009031,-0.595391212048365,0.24131299474456,0.460308449524463,-0.971108230236919,0.218358349911132,0.7540835129357,0.318532878159382,0.816540043566769,0.970426363804263,-0.017312770431457,0.720213589491333,-0.408129030523363,-0.397842536794757,-0.378105582442282,-0.807526392292695,-0.758574350670893,0.165254937147803,0.10738837162996,-0.0271948921638315,-0.0415815336413984,-0.0425067095283973,0.511588123671812,0.734134200340188,-0.264205042705638
"SEPI_As_2 (GE) - TPM",-0.575574099951161,1.53233902421926,-0.395845972540268,-0.179858297105614,-0.20413104627047,-0.141014175006373,-0.206054904499354,-0.0141235047630889,0.994892144149705,-0.40188083834573,-0.382205448638475,-0.375597635138514,-0.27313811594889,0.382171682739413,-0.420296163551558,0.404627008720302,0.350199596962147,-0.385740865320684,-0.497765913857848,-0.434423385353116,-0.29436580374848,-0.243349706296621,0.291919998013748,0.00975389113557132,-0.413368951947929,-0.966886386679418,-0.59363215468765,-0.557562447833497,-0.330589085454439,-0.740617326257338,-0.510464998450064,-0.397693430688311,-0.322947973491363,-0.588104058475855,-0.342896365569269,-0.2089946233158,-0.495224802131132,0.086684592855796,-0.00968488837655686,0.228055153845232,-0.619889854996978,-0.489729297356278,-0.203346042575776,-0.483201605840211,0.297243664824356,-0.733858468111714,-0.310006218996032,-0.126260030804896,-0.435778597899809,0.32705921931345,-0.873051248652201,-0.307653481930506,0.0562630984160193,0.411853122942455,-0.36929600271926,-0.489595383112599,-0.522816952994027,-0.711906279379944,-0.717234247774733,-0.868446647898979,-1.12740277732988,0.185970214446357,-0.856611921274882,-0.392910527480136,-0.536650640048757,0.637422767370765,0.0781195195215551,0.328121054896146,0.270581541243139,0.868006870949636,0.451515959242712,-0.547103593520683,-0.483705716393164,0.240694068460426,-0.316246335129461,-1.52244921904016,-0.314657389934619,0.310174105019125,-0.503502711913779,-0.647873493848709,-0.709177230802015,0.5580494826494,0.444545605692825,-0.399958920557388,-0.241292980191061,-0.477221826844298,0.785451508168601,-0.191931221424368,-0.611158188502239,-0.522436480144963,-0.740242026825084,0.138301520121486,1.0758248534974,-0.932388818123705,1.37517797015327,0.533980423571957,0.796044985513018,0.302757473426626,0.882586604080806,-0.0562708197170896,0.751706292582214,-0.408428052069968,-0.400153802620873,-0.377192096366193,-0.829382190516456,-0.755937171066163,0.406335816556332,0.517448442875691,-0.023655979356499,0.0553622295058675,0.0560778466132677,0.277442530777497,0.638333747939561,-0.13080499222317
"SEPI_As_3 (GE) - TPM",-0.580378051439308,-0.13286576201354,-0.387284518696259,-0.220610744179447,-0.0413579612786548,-0.211086126090092,-0.250118291490465,0.0558778100621542,1.11892420186303,-0.400995114395413,-0.382427626719443,-0.374906874883538,-0.249143118650134,0.57904866071473,-0.592177189932621,-0.187942917306465,0.32650685577816,-0.388044523287175,-0.486712363964607,-0.49369267812402,-0.292140223506954,-0.241159843048352,-0.530546451862904,0.0812250894785733,-0.385821111896816,-0.797101833921067,-0.175556535955748,-0.226750419071969,-0.306240413695292,-0.84175567487806,-0.536801725717685,-0.570561557745513,-0.0906765429857141,0.223516907140149,-0.347839429448262,-0.193036337118104,-0.85589311451055,-1.17051475924312,-0.145921114332606,-0.0734884937542232,0.26927746027774,-0.526642608662084,0.00593946301039614,-0.695475809533872,0.781745058663945,-0.497547484987541,0.00917389576301393,-0.102224780111611,-0.362732351830474,0.352962908222433,-0.971522485097707,-0.314758079583343,-1.24516578005667,0.412413890155484,0.0548241839508338,-0.565072796410166,-0.770281159516,-0.623253865382899,-0.685690963725269,-0.925075690760976,-0.971381060638707,-0.500854001351424,-0.247066948267673,-0.16012148661771,-0.381093283729199,0.344684642000536,0.138951426977572,-0.0564836600301335,-0.503267867101157,1.21395830558669,0.761506791949525,-0.530398295842157,-0.48216036937139,1.24097357533279,-0.323419618153166,-1.36967188511379,-0.207046126624433,-0.0329653157269097,-0.487641411551596,-0.66618010693611,-0.701476985013667,0.971044329035732,0.253785104000885,-0.456546445190294,-0.205566058604361,-0.640784234988545,0.540408134682829,-0.201185605699267,-0.615761036717695,-0.523387520605131,-0.491048025152849,0.151195968585736,1.28807851733655,-0.967116540733928,0.326076949090618,0.109415654758977,1.18125625535782,0.775103758075091,0.677031743557392,0.0827559596817007,0.472067914908632,-0.409126407413398,-0.392265036389474,-0.379521356098218,-0.791387923275516,-0.7307086108931,-0.0594586813310796,-0.0570319504552713,0.145459517655864,-0.325295510334386,-0.243193076107685,0.131426016251909,0.484388053937469,-0.2425086600961
"SEPI_Bs_1 (GE) - TPM",-0.5265676803182,-0.592082311668008,-0.414209594023737,-0.272843150352621,-0.161501039757109,-0.394933037512068,-0.215963340259172,-0.347385560671235,0.0987774755439951,-0.387892839392697,-0.376604685300344,-0.366398628976326,-0.507154765612198,1.19353620418972,-0.69953452677893,-0.959296065086716,-0.0396154203275076,-0.394465293802723,-0.501376263590168,0.179203628475438,-0.301821409070596,-0.2862712773597,0.193616937587124,0.743896442938819,-1.01245194944357,-0.958059469307017,-0.785553904651165,-0.752284584511335,0.117435276582756,0.339610426955812,-0.360585395626225,-0.468373898717779,-0.625328613753246,-0.266394988815119,-0.325931907147338,-0.356813241975806,-0.381297936957128,-0.286167007088286,-0.512344397763344,-0.61789696061154,-0.563074020485623,-0.50958652704095,-0.57309011919116,1.04043341804162,0.904873743441498,-0.810686529432799,-0.411988131312298,-0.52095860131623,-0.263783835429996,0.533109745705847,0.312651248581475,-0.313423729555949,0.215232722606154,-0.473686524061653,0.552887100536192,0.246734479825423,-0.236594599536877,-0.3580354658195,-0.543848899672385,-0.953541957593161,-0.507106181158946,-0.563292660668769,-0.586433102475512,-0.602140404702732,-0.538098010486878,-0.176203969137365,-0.77199485089739,-0.158145513630392,-0.2583617548665,1.10018098925375,1.00968219038496,-0.35781092584328,-0.3838551486393,-0.539723994206985,-0.297688965042039,0.0502253988598547,-0.871774646646173,-0.89823912664563,0.878890837573878,-0.270716325952886,-0.226262343973658,-0.37363115655278,1.1090752781343,-0.372636134576475,0.319949339104423,0.00598128781989088,-0.199724471873372,0.0568410038202717,-0.185565860063668,-0.451681859204994,-0.602100669304781,0.485334150421943,-0.988824052550399,0.839470013392173,0.153029697845675,-1.18632953336927,-0.0081659472663583,1.35604013493663,0.444489093988153,-0.64679698587728,-0.742332831689189,-0.32624986141938,-0.325221289438098,-0.306873835179364,-0.491233814403369,-0.543034560138644,0.591040127728508,0.164936649756523,0.241551315173425,0.571186109730363,0.376555114265511,0.169493747961983,-0.30256248409231,1.45823734003269
"SEPI_Bs_2 (GE) - TPM",-0.497632371999598,-0.685327709767555,-0.419225805248884,-0.550932778138889,-0.0344184009476291,-0.304520265775078,-0.340511627222364,-0.696850255248759,0.343915906394582,-0.401781046857753,-0.368405816223751,-0.365521262571579,-0.422457948206999,1.48938935385857,-0.740101233305803,0.973053940998635,0.22901563992565,-0.3915570646733,-0.503515411255823,0.0475660235834677,-0.303594986466371,-0.313007726669654,0.501145884395577,-0.483947692882329,-0.790886410463411,-1.28664540380857,-0.598930452657636,-0.212978760465476,0.543802692120919,-0.598330425237853,-0.391514467431535,-0.697177485446476,-0.479903889531111,-0.336876307380771,-0.320027767645217,-0.40674896168386,-0.460541351759473,-0.54083537942463,-0.616728376247859,-0.347274413110206,0.585467524135746,-0.389619822761315,0.468490013866257,1.10946025959052,1.01049772734708,-0.644724226897716,-0.406415616650756,-0.746649011885528,-0.250113694417669,0.873965942847814,0.584482296964294,-0.325426615802886,0.534485440920436,-0.337633908862958,0.361402261667484,-0.432156802963443,-0.346835716927447,-0.566520928488638,-0.705621506544479,-1.06956652673975,-0.634760421473079,0.0981010625643164,-1.01301421685807,-1.07041391110635,-0.593378310631304,-0.95872397930829,-0.485714868835904,-0.0626379500985961,-0.596303417993329,0.936674061657522,1.86110498296195,-0.430820319283507,-0.39887301325646,-0.539723994206985,-0.301178019443231,0.423017443214966,1.10242326314841,-0.458473759798215,0.642943378015975,-0.472806501625307,-0.410118477378634,-0.794299543388476,0.247730005286803,-0.138423958584963,-0.494924853701484,1.19823877880439,-0.759866704224167,-0.378300719391031,-0.0290005339704525,-0.46114430101344,-0.420302126433975,0.51613921174138,-1.74945834065885,0.706779171207054,-0.962938041084016,-1.99601222948706,-1.22241365315567,1.75844881307375,1.16044874962991,-0.689599876969629,-0.628877759382867,-0.335836121759141,-0.306158418035874,-0.300007973308088,-0.680439420818611,-0.504063418385576,0.151626179148708,0.241712164121494,0.0141332432195949,0.0099747177396241,0.181845399086088,-0.0399020609448287,-0.338645830716714,0.536440094198122
"SEPI_Bs_3 (GE) - TPM",-0.519272837322449,0.105498399450755,-0.409057953148775,-0.553996058878465,-0.178359594911365,-0.267344551193564,-0.349350555224873,-0.175206993740394,0.664985895591159,-0.397589586336415,-0.381889157174435,-0.369770817760686,-0.414843437357788,0.438744048647845,-1.06079533030907,-0.330649854470579,0.0741796982827578,-0.385536962256564,-0.490133660341154,-0.0458372604684366,-0.299075581859933,-0.315787341173748,1.10919953743904,-0.142512406464203,-1.04489823119663,-0.963600800599137,-0.329388198025705,-0.505371270101583,0.350666605979988,0.0306483057143419,-0.301492013661422,-0.683510075529477,-0.712853648517075,-0.368535200420867,-0.321940010163774,-0.435477973519365,-0.702693380144961,-0.790387860474313,-0.47138145494405,-0.630267590488457,-0.436873921675164,-0.433406831085198,-0.657018837983795,0.346827785629084,1.17787922471462,-0.672385211730309,-0.537216075326302,-0.730511092602634,-0.310964995984334,0.85726902631746,0.450984622890513,-0.315259334477094,-1.24516578005667,-0.414867289862384,-0.536649063795807,-0.548634019268696,-0.641009923888708,-0.763686927619381,-0.47614639476771,-0.996676750988094,-0.648042747838123,-1.71408371845909,-1.05558957565494,-1.01125974401326,-0.718590686869365,-1.17196825839008,-0.715759892666714,-0.356112233987886,0.306036897108885,0.301728281540181,1.46919685628483,-0.460721698264529,-0.39833476480924,-0.207352466160454,-0.287225294613035,-0.135199486491341,-0.961981124961671,0.687411853377337,-0.305363218850032,-0.387431847140862,-0.533948330752311,-1.02731675243433,-0.609269701883538,-0.203496354766733,-0.386905809259885,-0.640784234988545,0.11861868941979,-0.88950494956534,-0.0983907560919935,-0.443142054625125,0.611344670934168,0.77573110386898,-0.286339663961251,-0.0812414798633761,-0.0162392847891235,-1.21761825256039,1.3690991952054,0.770092770221035,0.163764547721466,-0.660207935555431,-0.408038995410806,-0.303457237231361,-0.310959674256265,-0.300475341565474,-0.54990563658388,-0.557665026888399,-0.0230456335248983,-0.173201231166229,-0.482200749368776,-0.50531221761011,-0.41293458849663,-0.883007068262165,0.248572291585507,1.24251250880078
"SEPI_Ctrl_1 (GE) - TPM",-0.400083440629714,-1.23016150688791,-0.334649175783903,-0.357308557198929,-0.387917706258355,-0.202400724641635,-0.274407183692414,-0.53410729472412,-0.430539919334019,-0.392043662029228,-0.38524361709427,-0.366760588248462,-0.488657300760879,0.0247530290196907,-0.151531965276178,0.539811867123422,-0.599103638574674,-0.401280201342115,-0.503414607607762,-0.706524795842323,-0.304770349776636,-0.318964173176422,0.255194858215375,0.633056490404042,0.881272093229061,0.0273875977794459,-0.147276238538218,0.101537802810393,0.789443342545259,-0.509613386983521,-0.0445186436189098,-0.456348550555402,-0.492942164746737,-0.11876052278618,-0.309670746408983,-0.385708823890554,-0.905284493488871,-0.297234759023098,-0.433194325671171,-0.433087460137152,-0.73755967964812,-0.443649086866257,-0.833833033360204,-0.287159735037591,-0.56853236839182,-0.586435634980888,-0.410202859175961,-0.570582928872925,-0.19734186489878,-0.675942656663078,-0.582463076777504,-0.314935892960643,-0.121473036694515,-0.624600037936072,-0.277455924431398,-0.360547649417206,-0.159572010107712,0.0637946678542786,-0.253452226449001,-0.593026933055319,-0.148247643020565,1.23105137033603,-0.0224165796371661,0.258447655965058,0.191414412048414,-0.451677349994381,-0.689151280160315,-0.691612072104166,-0.882138755578324,0.111185694492499,-0.0670767947375489,-0.169851144242575,-0.197579127502515,-0.539723994206985,-0.316254238487979,0.0898912490534986,-0.363691415180678,0.494354791326883,0.534772107275321,-0.0671765903436403,0.219449605892192,-0.506831211421642,-0.546861221065881,-0.391982282107855,-0.494924853701484,-0.640784234988545,-0.838940750100416,-0.291197965369838,-0.458604226337629,-0.47951997457446,-0.702384506749068,-0.382777137640585,-0.619297535047929,-0.691571933428313,-0.100526845125655,0.62285831870061,-0.826385902794797,-0.380316507416265,-1.08075710004826,-0.289795370289174,-0.382204588799736,-0.367242431730666,-0.354728070238898,-0.337825902229676,0.0136036845680793,-0.17893905614961,0.767405721294613,0.441711238301659,0.321316849779405,0.207160179563498,0.182685580120511,-0.0512511605593411,-0.228096632436572,0.557429242374025
"SEPI_Ctrl_2 (GE) - TPM",-0.442217018874557,-0.0115350311750452,-0.368478228818304,-0.145122821701085,-0.281768242522328,-0.127471678902973,-0.316564476761129,0.0192111318493812,-0.705272645285972,-0.397030260966953,-0.382471201531392,-0.372428431588068,-0.612019805391241,-0.380897190448096,0.177409507055899,-0.763567289746155,-0.451448744367986,-0.403742905147841,-0.503125110613012,-0.798088381586837,-0.301321013663676,-0.316376909067101,-0.196274540013366,-0.545433185286951,-0.0847891265537621,-0.0992017781384493,-0.109075273859184,-0.697032558168246,0.00594981620328278,0.206988385624311,-0.106811395267114,-0.595057161892922,-0.476053081291402,-0.660738519317511,-0.310028571761519,-0.391678375547456,-0.87804299043595,-0.225935231670215,-0.355084035071448,-0.580775655600012,-0.73755967964812,-0.499855537440506,-0.406134833289231,-0.21579485721329,-0.269073086102588,-0.583517047366651,-0.664538636504245,-0.487059802669975,-0.226647840253679,-0.528097378912404,-0.482454189222284,-0.308395910439608,-0.385730004994056,-0.590213013251894,-0.422075409197627,-0.407833426694727,-0.114678935904911,-0.0240495328537451,-0.464084367589209,0.158390033795157,0.0470479635120839,-0.237616770332114,-0.210764549009044,0.213889802582108,-0.123936155191109,-0.748085042550168,-0.530966683587693,-0.578646307216,-0.782947729669555,-0.0523290334974122,0.162533835583943,-0.20957949175685,-0.0997368940614527,1.57902503015257,-0.312600674807058,0.0871501275596944,-0.386045051409774,0.116515034720696,0.584751291012049,-0.0383137168452665,0.0217254076267785,-0.100942567536011,-0.0932874165757779,0.810891916575301,-0.0358697992818807,0.543359526772676,-0.661129441338843,-0.620485523189233,-0.473968631590843,-0.491356440327183,-0.587707381393623,-0.256443089722571,-0.798708281757881,-0.514565188294308,-0.499891670422979,0.405242740845426,-1.04622633000921,-0.319117112430036,-1.27551408587025,-0.339560198641822,-0.259607894547571,-0.378250679953429,-0.366998132399557,-0.339488944325869,-0.175685883848047,-0.150100113974209,0.230896629045305,0.470147756245142,0.420351634641896,-0.11371479668693,-0.0277345255805103,-0.247526558557753,-0.4498343233772,0.786802258914387
"SEPI_Ctrl_3 (GE) - TPM",-0.424848056245767,0.397612898885105,-0.424049981473064,-0.0857666300912974,-0.337002524064606,-0.0406072881878922,-0.325615222073917,-0.307888056783558,-0.482934644084096,-0.402274089947004,-0.375780398422778,-0.376400486499437,-0.592910530960181,-0.500832668667658,-0.00459258466741535,-1.17075566565117,-0.471413528607821,-0.394739009136872,-0.505794063194289,-0.849525375233016,-0.303224282702613,-0.319094228007809,0.578399953472003,-0.631638979871563,0.175476710924964,-0.0819977318700402,0.237164929367154,-0.077267059366971,0.539217874974961,0.0764148209707739,-0.0873893846154438,-0.613056142419693,-0.434836801098044,0.160529019297945,-0.301550230611755,-0.373604656353271,-0.861268411179983,-1.10422221604653,-0.297680062177118,-0.613649858623946,-0.73755967964812,-0.4898232318483,-0.925325828309028,-0.484302590050396,-0.143092968474606,-0.574619923665132,-0.654276014563343,-0.815019658522748,-0.201968494001507,-0.547748970048689,-0.676534802146707,-0.307836783840195,-0.343286713235368,-0.459882436089973,-0.477471851504938,0.0100204543666373,-0.382807882398929,-0.0187786415168055,-0.370553385393942,-0.485139068765314,0.0336445427371408,0.969295251967998,-0.0322562855765669,-0.0677264131446988,-0.184611917285419,-0.93079344615782,0.313166766000341,-0.746051738291702,-0.676287275532058,-0.0394438725915347,0.351592367615696,-0.202150657948329,-0.176215112783471,-0.539723994206985,-0.33703263158685,-0.140936120438441,-0.819146839341057,-0.360348863060859,0.476080621357221,-0.101079843203027,-0.108661392094083,-0.544649443581133,-0.162853086672689,-0.0938107484028145,-0.494924853701484,-0.640784234988545,-0.879649556824762,-0.79847999477546,-0.444585636808867,-0.482777693557902,-0.384806872112665,-0.446946996911353,-0.0654538253206538,-0.785558054616322,-1.41150115356062,0.139788145618728,-0.189028757944093,-0.365046745499713,-0.974168631001701,-0.307154586447139,-0.107291614375382,-0.375756987650702,-0.358288343974489,-0.341234226524343,0.0102014045327229,-0.322533465833408,0.656542184652141,0.267149012935905,0.185411053730367,-0.100019556846276,-0.332629391286913,0.1217155061971,-0.3988757630035,1.68233330949614
"SEPI_Li_1 (GE) - TPM",-0.289274589448798,0.258833416164529,-0.387840597224704,-0.552144237505903,-0.44707827281605,-0.0290034096517181,-0.269869868397257,-0.611230042490842,-0.0925791355366123,-0.397034241799711,-0.388865785881544,-0.381130815352097,-0.467096976096932,0.177368779240554,0.0603705098840835,-0.107559686918617,-0.722416784005989,-0.397745367571598,-0.500110598407893,-0.650350689235727,-0.301054246295458,-0.290835625049508,0.827016522775092,-0.166928422809417,-0.897333914726384,2.84651828305648,0.70315289595226,0.884214247807426,0.488771682499039,1.19460409991674,-0.371958379723283,-0.232790809754929,-0.186965718056706,0.330749097724735,-0.330058244408738,-0.327508686650419,2.05692392566284,-0.0652279232615602,-0.404665093864859,-0.288619273574484,-0.73755967964812,-0.222710522303474,0.349891414250095,0.667979997177311,-0.697328588517228,-0.388855590142204,0.323379250138655,-0.384111208352764,-0.26979564722786,1.48798193241021,1.13280709819351,-0.312778580080544,0.275459091750706,0.227621906430118,0.515544747599362,0.506625493154227,0.0845606426216329,0.0277847004908051,-0.395655528654917,0.952024512238548,0.895406611597241,0.102005389111053,-0.417004264593294,-0.203133678278366,-0.230311599915476,1.12135562263372,0.642615273996142,0.306433480981816,0.208046517646226,-0.716206073227189,-0.781331798043922,-0.39398995968927,-0.391960971914339,-0.0711284114705415,-0.415670407711277,1.9815992879013,-0.212021329039716,0.608320741801442,1.26918609366356,-0.181183237157986,-0.176179611244075,-0.229116523888819,0.956056145129471,-0.252681373284252,-0.494924853701484,-0.444364839470395,1.2141851761013,-0.338709590420005,-0.317679079725036,-0.436851020477785,0.0484534115743294,0.754715748236696,0.345310889542179,1.61940320243961,0.104657626764941,0.0642617092521931,0.243057656244878,0.586914142400979,1.24534141690154,-0.162417350038356,1.70816450720335,-0.352573436152573,-0.349962191422653,-0.335963444149812,0.00788091870705889,-0.134376557029029,0.457121493626723,0.221608306188674,0.288670158467553,0.118347255812828,0.102773407594504,-0.221626716390297,-0.263520818787604,-0.0998505888035759
"SEPI_Li_2 (GE) - TPM",-0.414676878009028,-1.16077111656592,-0.439788228930073,0.0466135847544142,-0.0738944475572463,-0.522302327211094,-0.341527532067561,-0.733016781535035,-0.212121009503336,-0.384165837161883,-0.361417898974643,-0.380232605012461,-0.581824105466573,-0.892685630289217,-0.283429039176423,-0.10845220918942,-1.03449823913877,-0.393823067022731,-0.494598685142417,-0.833130736829207,-0.304651285707332,-0.310504499971602,0.228337380411532,-1.33302423265664,-0.404401009050361,0.949204246247547,0.223913080271385,-0.48652445431968,-1.16585142180216,2.99144003033354,-0.55611094854265,-0.420325006368335,-0.784166983688374,-0.748035041675988,-0.34422937727709,-0.458780188405314,1.18875864673437,-1.52903144632593,-0.557196279682179,-0.537222352542161,0.251045622647701,-0.510302503248004,-0.567083848238691,0.114090800273452,-0.961284041562403,-0.0216234916444396,-0.0703445705711299,0.650994131708214,-0.40159333107056,1.61479936032174,0.341880999964359,-0.309718373021086,0.232399062227883,-0.706306081947736,-0.0328560319875929,-0.421550826168101,-0.279829287544734,-0.547521872426576,-0.393061912278365,2.3916717065437,-0.391451935135793,-0.488300974160915,-1.13103519666973,-0.190851183346558,-0.479164665957249,0.320438276129294,0.311532739060219,-0.62821878437103,0.875788157154843,-1.91552872070626,-1.20734609743824,-0.448482511255995,-0.371837039482655,-0.539723994206985,-0.298994131392746,0.365171003755709,-0.773415351289735,-0.616340257543673,-0.608911140129791,-0.2325862953354,-0.169889799482897,-0.76874749727941,0.810741743825593,-0.456546445190294,0.215372839331097,-0.640784234988545,2.06685305509971,-0.0864410683364282,-0.378021942124457,-0.378569138287908,0.371838953745324,-0.729255644559342,3.01297481571428,1.01880481496601,-0.665868282031092,-1.82612572077045,-1.4266121133596,-1.33551071733899,1.02471162423089,-0.41109720994847,1.05960390834795,-0.332316130003897,-0.346184552013849,-0.3292409900371,-0.117203844454992,-0.184409991843158,-0.888760406455528,-0.526755319109497,-0.740660356928648,-0.477775880103868,-0.546336060947273,-0.16871839399984,-0.859536311367896,-0.524261524559872
"SEPI_Li_3 (GE) - TPM",-0.367685718182274,-0.0810653384413725,-0.35565455226646,-0.15475511538198,-0.335257285543919,-0.249514532994807,-0.309218544834054,-0.26299122104279,-0.25151527226055,-0.235093544860076,-0.277209777408545,-0.271105171688509,-0.350196581173009,-0.297984259494268,-0.271346599315668,0.455715274584256,-0.869699794545559,-0.338680366313428,-0.405471235047332,-0.791029595070601,-0.301406113479372,-0.314270252178163,-0.1026802477324,-0.661684082636206,-0.878212720618339,1.65527394534389,0.65300543473191,0.408155761481558,-0.118797787931449,1.77935977661176,-0.407818715520849,-0.395941216618808,-0.315821814171172,-0.267094170946261,-0.313274272434057,-0.220142963022068,1.47183679742724,-1.25358264509315,-0.556185151216156,-0.373079767496417,-0.73755967964812,-0.265087344168461,-0.306185517990045,0.0762291592486592,-0.5112394823697,-0.101775152733525,0.433158045147333,-0.512932298977126,-0.357755143906533,0.94980059502861,0.73539933844032,-0.319871065678153,-0.822446371275393,-0.279914683756427,-0.0765143429387945,0.0816701777034581,-0.053782194821459,-0.155528929067741,-0.348353142960869,0.820039433804612,0.426464933063998,0.515829664253554,0.2659029182281,-0.180813754737887,-0.282033844008032,0.320769979774145,0.351787800998972,-0.389809288837136,-0.296585706095509,-1.26142753181261,-1.2126727370801,-0.307366278250348,-0.345129735125586,-0.539723994206985,-0.380485564455215,0.76557982038577,0.34763879187954,0.408890805971507,0.0394839817280057,-0.230587197021225,-0.151569436684828,-0.495184504011357,0.574181818557489,-0.456546445190294,-0.494924853701484,-0.640784234988545,0.925649652269436,-1.08673963085459,-0.249846438847798,-0.387301544775423,-0.208585348755605,0.624448842198203,0.581947124472498,1.01778009579946,-1.56373496193479,0.164680672964332,0.448088256301717,-0.67719087119898,0.655640102020282,-0.226311556457932,-0.414211136436342,-0.354971559253995,-0.349430746055296,-0.337422917735535,-0.250334478946115,-0.141304838542643,-0.59401245018456,-0.493629057614508,-0.574840566069367,-0.257916753612607,-0.49859660491505,-0.479070227063054,0.502177465232628,-0.320800501379028
"SEPI_Mig_1 (GE) - TPM",2.0941720537181,-0.700926865514397,0.344298855472402,0.172357294752215,0.517855207730058,-0.361257210748627,-0.240560255426879,-0.0607320725079078,-1.07075960882248,-0.375154242728085,-0.377444722669368,-0.350684063203051,0.714450609271677,0.616705998556644,1.29702700266257,0.74066106371168,0.285108771761868,0.154004652317293,1.1195662597102,0.938896756514666,-0.293317864823272,-0.248914956461311,1.25364207104827,1.41013035959812,1.19352691323271,-0.598789540482514,-0.0319958009707084,0.0302997803040416,0.0908973323707959,-0.650950285510822,-0.302988745843254,0.916913524216594,0.917472549900022,0.0374731849937519,-0.313651362635612,-0.1352552014723,0.810671249313498,1.65023311745597,0.504698052248131,1.16348593053274,0.514856381518614,1.11942555500797,1.40785656456734,1.70535144917669,-0.919166751487073,1.98528360883837,-0.0487445305503206,0.519062197020074,0.0227720452129068,0.102027963720439,0.830342365823435,-0.279003461557276,0.894097263875017,-0.227130123216854,-0.670157863043999,-0.988701961021889,-0.860611763554488,-0.955978009917009,-0.685087310972089,0.503329055496894,0.386807880223212,1.83357697695205,1.15381681531538,-0.277449913626068,-0.434967528420877,0.857337773650325,0.84618482787114,1.11695013315368,0.932127158781159,-0.0727263605424181,-0.612432073388811,-0.125626050189733,-0.333236558831093,1.56982816557524,-0.37324706266655,0.127274922245169,0.64890463168711,0.87876316674566,0.225852794601711,-0.316788163685974,-0.0763560969759522,1.4969304019984,1.00947822588881,0.432545380880517,-0.152128029888569,1.34878458125906,0.970375473504025,2.67673560643672,0.664705434731085,1.7832866063708,1.70106507016647,0.125075582912669,-0.321921079041415,0.481643638280676,1.93893105332381,0.547233692323639,1.31510076525031,0.724241335697674,-0.121871531797432,0.673834408950661,1.14212338407681,0.031484418802319,-0.0861323841755162,-0.205648530196881,0.345522470756943,0.915669413513676,0.024667996831921,0.123939608421556,-0.0473198293660115,-0.279436175912261,-0.314522903853219,-0.412425401335835,0.62273872412319,-1.53029511293234
"SEPI_Mig_2 (GE) - TPM",1.7100103848533,-0.58928114859609,0.179714088124641,0.380375944952485,0.563192384319734,-0.253094336367261,-0.281393605192323,-0.275519203673885,-1.22946372647313,-0.376136451752793,-0.372507244498862,-0.340815258291643,0.927665268056585,-0.129096758331607,1.91395910105118,0.71348995854465,0.203681483397405,0.0297800619650181,0.895368431398882,0.923514751710316,-0.297534469424937,-0.264469841332462,0.683982974335067,1.49378160527151,0.972561703447775,-0.900266695000292,-0.354214687147082,-0.597610238412771,-0.466828728667424,-0.477569584315548,-0.356979547199459,0.71408290157083,0.407648400654724,-0.496674276667804,-0.28520378696481,-0.194020480836595,0.826920218134623,1.13320149469647,1.03678310097827,0.466232911145146,0.593851822413503,0.239283361571547,1.22222568408428,1.47281102135364,-1.11933090756166,1.11786738319822,0.00326760453302306,0.208741349228363,0.0503383555845839,-0.313911339314919,1.17858188857744,-0.274491703716485,0.505965033242202,0.329871631387152,-0.778173094768572,-0.841917745582129,-0.846177563832273,-1.06397572306377,-0.952184328984158,0.668600001430082,0.322746154106701,-0.222971219346576,0.825022709538893,-0.319895015345904,-0.739798656497544,0.0983757822376856,0.11287800964125,1.437262968567,0.355202345202551,-0.310229753867674,-0.41393426634828,-0.150505777520481,-0.340992200563807,-0.539723994206985,-0.384687754863177,0.147532996379785,0.476506384604018,1.0887652279919,0.874105012012933,-0.24814007390124,-0.202599613653765,0.566885127441122,0.390379133310286,0.162387978325129,0.525447061909534,0.181739002814142,0.971640034605993,0.99193226010103,0.35599182336065,1.78851828964793,1.62090724603937,0.343497417992124,-0.833422099764255,0.448032576069434,0.102285764259502,0.42503220425237,0.516467873513595,0.360691188100033,0.243102375111219,1.10096496074427,1.48738687851819,-0.0637173502292286,-0.185709193337533,-0.236465925694697,0.578466035331119,0.91352521299578,-0.582460973584835,-0.102373644004432,-0.0893899423853897,-0.434465865825973,-0.323878466762169,0.0135786980047715,0.499551634463119,-0.729797522994387
"SEPI_Mig_3 (GE) - TPM",1.78803230383553,-0.440679828395107,0.167625387605751,0.113359100937733,0.37423025810853,-0.446952095915817,-0.285416532257143,-0.585161233280794,-1.49062879171538,-0.372424398127085,-0.367936674802373,-0.358581799952837,0.508764547274757,0.422474165752442,1.73913718118448,0.488460089788323,0.159619473333859,0.100584884477156,0.953778054655426,1.13391316098713,-0.302226047372297,-0.260283281846084,1.31895349228404,1.47217215682606,1.28245559218094,-0.792464984557632,-0.131739258331762,0.122551122211034,0.141180703883202,-0.653161253715409,-0.350180336915143,0.819545594463257,0.816156807890656,0.0873415535418669,-0.319123888266932,-0.201386268458299,0.818275250648904,1.64779033994554,0.674213294269537,0.589077021868309,0.060676991360184,0.933656596538772,2.26483280203348,1.3479799634279,-0.986530602700524,1.94722432835179,0.103954833584174,0.706078767170269,0.00380107915913227,0.184435254251051,0.889806962184388,-0.277802125915128,1.1636403661196,0.165220505515938,-0.925616454634842,-0.942276381167181,-0.843037830133353,-1.06806821073706,-0.834198174285457,0.441277318265676,0.64613864902448,1.64764213088975,1.24784865703931,-0.0979245557385378,-0.418563312279064,0.185734629029008,1.10137305144821,1.64502316454537,1.33646372215016,-0.17182143956045,-0.604669093132368,-0.119723548479756,-0.315063820843518,0.468680049292439,-0.357055545731234,-0.118297408253075,0.997213825998929,1.57805842667945,0.712922849082191,-0.336851822685685,-0.0895326037886,1.6480316831753,0.909549630901158,-0.273749905329925,-0.0579566545276355,0.345489670601378,0.932490932280643,0.712497228632378,0.631111889404345,1.81020575956774,1.67103339430765,0.730724666049109,0.0118596634269183,0.476170609344634,0.829819869263826,0.778673615234311,1.01670285209103,0.941100243049392,0.578784443545217,0.2665022423432,0.924296607843206,-0.0408558350696406,-0.127205817255212,-0.222120723434149,0.546755627117081,1.18585458482977,-0.300662073958067,0.0138502700284319,-0.202566377878198,-0.327917196813914,-0.373521474657849,-0.144504133548643,0.565632274054978,-1.18228011858198
"SEPI_Nd_1 (GE) - TPM",-0.521518702499871,-1.5417123564463,-0.374023154100689,-0.20085964561715,-0.267723749584523,-0.0297148362377383,-0.276989778184873,0.202984017092401,-1.14741414964676,-0.362309145209909,-0.36361133282764,-0.327337320169673,-0.190808883565485,-0.967430694589788,-0.413885709077533,1.65869594597069,-0.432651708064468,-0.395577916987396,-0.490419755233876,1.22973842613979,-0.301067109722068,-0.3014445033688,0.321231315456083,-0.502282776307315,0.27616128893626,0.270015383503142,-0.593578608384051,-0.35596608298348,-1.00007207209038,0.292375960477133,-0.517107010822851,0.283668590077873,-0.407560595050398,0.304077453707186,-0.318308253144767,-0.541450628705587,-0.131905516640822,1.38860166633114,-0.283705071308643,-0.301220029859915,1.33792739108804,-0.446864874270865,-0.185659613159408,-0.695578585453294,-1.56903329166264,-0.644764985985343,-0.688398142308655,0.0476124670119014,-0.437757148554178,-0.813894509020005,0.116831433835559,-0.323831332230334,-1.24516578005667,-0.811663227145144,-0.418371574258547,-0.223872216753589,-0.149161363342682,0.352773817491633,-0.450304902146203,1.91767569423168,-0.297021212254339,-1.09018294231806,2.08202469710493,-0.850421907836674,-1.03853442343128,0.725179403225582,-0.306347377857056,-0.347840319840796,-0.0802619422810121,-1.05178772564834,-1.55326176680888,-0.490237611558239,-0.408131772252601,-0.539723994206985,-0.360780786298958,0.0743113536416311,0.61692882688521,-1.50698008334561,-0.0894627502975569,-0.164034997660321,-0.36042055598378,-0.197641206970153,-0.187353950745928,-0.456546445190294,-0.494924853701484,-0.640784234988545,-0.747176470584516,0.510183247133675,-0.505016963833811,-0.460041468956235,-0.214252659770526,-0.814831149720791,1.46128165450533,-0.647953230156409,-1.35429167627914,-1.41437946734623,0.15652590854094,-0.880987375962735,-0.824979732187522,-0.227570556795736,-0.166980674169019,-0.2525557069586,-0.254268660691596,-0.217339363193262,-0.695318730345187,-0.512898242561125,-1.28246920674784,-0.850755037628443,-0.582655874868283,-0.572715156987027,-0.549891584931871,-0.98928772035899,-1.32172187958001,0.273834990964886
"SEPI_Nd_2 (GE) - TPM",-0.505823530685791,1.00548303739801,-0.316724638110711,-0.403813761326843,-0.393949897716369,-0.0130820086415037,-0.11587417093843,1.15507961244091,-0.379730954926386,-0.383171133541753,-0.365517349506882,-0.330803467377027,0.206122870862896,-1.18957049772001,-0.166216395376679,0.895754404798409,0.0402002047809733,-0.387688525126124,-0.507430681203867,1.3371028110823,-0.307098088517561,-0.303360448722167,-0.512639200745467,-0.356378904298746,1.056545681621,1.06475036847523,-0.345188830144255,-0.526707054714741,-0.116186712738659,-0.872062409051416,-0.519491643089734,0.386080520037057,0.888829678791218,-0.768155551672089,-0.313010326620915,-0.515620754241502,-0.62820834119987,1.5271917164635,-0.11959248357039,-0.11524826514635,-0.243331666314953,-0.0136216722528523,-0.190707608038806,-0.780694689086038,-0.528969821759859,0.107023021572184,0.419261120716891,0.638665438010835,-0.35288293983372,-1.32952753339791,0.941841866502152,-0.323695118753616,-0.358760738996871,0.0840730627585196,-0.29244920387209,-0.363262378608629,-0.291314732445864,-0.102504240838904,-0.309162173997083,-0.146516344000535,0.718132181678039,0.59699409047829,1.05126678515776,-1.02991297937747,-0.932348304607247,1.029254394668,1.46422254555977,-0.330309838034504,0.615227154244669,-0.231628600220715,-0.355300507136033,-0.517092028432087,-0.413855321086102,-0.539723994206985,-0.407972342755471,0.480588399218592,0.58258376031629,-0.502397064373182,-0.504327211038067,-0.468453474132839,-0.73497039657125,-0.375917354606358,-0.896821505036999,-0.456546445190294,-0.494924853701484,-0.640784234988545,0.211467007972428,0.189786977985824,-0.396225990574423,-0.456653455494235,0.0546452600715285,-0.910384197770967,0.868405633799028,-0.977609801554641,-0.516382005600859,-0.605281965268145,-0.925603437214098,-0.0487092633032585,-0.853252919358444,0.0633240597346182,-0.221306052857173,-0.231230739742127,-0.192855509615803,-0.237005418954167,-0.537442857703471,-0.601639553426314,-0.460208242406714,-1.00192108928227,-0.779225968184405,-0.606215320646094,-0.718722269633096,-0.856739166129176,-1.35443053839033,0.0912997311727593
"SEPI_Nd_3 (GE) - TPM",-0.50776698482936,0.087221613296301,-0.292823611431381,-0.109507441250856,-0.259768056239492,-0.246374974485067,-0.159955034760757,0.483709381795051,-0.241802477868443,-0.37980744376622,-0.355104464221882,-0.347230512454087,-0.12099858997462,-0.684861303093836,0.154282394481856,-0.0487336781054022,-0.262049239896982,-0.397117680905844,-0.50998405901711,1.4856305544811,-0.300428650096457,-0.317255579238004,-0.724428895384042,0.149927512109482,1.13403993358281,0.962966885627767,-0.546689404661589,-0.491617892787934,-0.673439367092094,-1.02202750801106,-0.493771798319932,-0.0512321862097517,0.181659142992949,-0.289854626277464,-0.332729405645207,-0.509473071190984,-0.138862842212273,1.3519324214544,-0.380142925205065,-0.19810667369762,-0.449184184575579,-0.112753769520442,-0.177746779920225,-0.497532384945209,-0.736393649649652,-0.679683620473399,-0.187377428821408,0.390513556832198,-0.374341218277966,-1.10337981405835,0.133366815331005,-0.319577659023879,1.28339489594536,-0.52645790661591,-0.290158936036806,-0.504462684518825,-0.291233689650094,-0.0179325583107129,-0.2769438929375,0.238214448865514,-0.358234210010089,-0.218867766075517,0.285887862731345,-0.829917649787184,-0.83715301518458,1.06182819102314,0.440992741708612,-0.337155305490125,-0.0886922672204527,-0.793845810452759,-0.644404312420205,-0.490798806692962,-0.446902762583506,-0.539723994206985,-0.35880624054822,0.624465783799736,-0.401344564938924,0.122811975020576,-0.0961985711182492,-0.34728575343726,-0.513465539440514,0.0867982542858999,-0.293520281917284,-0.456546445190294,-0.494924853701484,-0.640784234988545,-0.278905256224882,-0.676115031147519,-0.466092113321459,-0.449838502075402,-0.30634218983875,-1.37662244030744,0.698387376438389,-0.891509698268634,0.764328154840338,-0.232219464268011,-0.13298903438462,-0.162629604630787,-0.948731254035369,-0.128004121848191,-0.448529170789975,-0.248779963268887,-0.226363704212709,-0.274090909334606,-0.578605901943442,-0.526713870857801,-0.54393553176784,-0.792595835728073,-0.85339646697773,-0.761223023112077,-0.738027574947162,-0.65906918040877,-0.543584684281939,-0.262363596414144
"SEPI_Ns_1 (GE) - TPM",-0.555530020565417,-0.590601328984775,-0.445637605989025,-0.333618223355764,-0.718066028676431,-0.347880292841484,-0.312699396526795,-0.63492040968404,-0.193320115580424,-0.406168946098418,-0.388956376111787,-0.383755763745935,-0.431489829145551,-1.20985804979061,-0.150158890009962,-1.05046126841052,0.0649750793404466,-0.395733366505635,-0.507975343575852,-0.199032822827134,-0.302346014231148,-0.294435213832886,0.397883056491904,-0.831172413886045,-1.24862533661095,-0.845966597334294,-0.5217855851228,-0.521440516326185,-1.25805571575217,0.186375823958662,-0.593646914057306,-0.407259421666346,-0.403205414339023,-0.643534556769902,-0.350722879888272,-0.37123970464979,-0.966207107242446,0.0871841345691837,0.198062136373301,0.294772969708425,-0.26013159529008,-0.301828509113718,-0.610790057344355,-0.744796290011906,0.252623236514903,0.71080404596871,-0.251490342332503,-0.621464605981055,-0.46518140732788,-0.294120224194502,-1.17063418240495,-0.319803781025816,-0.103466943403834,0.94426730841415,0.877005328822104,0.906318729274504,0.533976187031359,1.06840506668816,0.74992906240793,0.0652608432899356,-0.125113668129488,0.290474617041022,0.193206871852751,-0.152638002315425,-0.251082681283472,0.271750164266031,-0.0372460102330576,-0.244774577941664,-0.761875548537588,1.13596428999945,1.14868045516647,-0.581296196350336,-0.511182342614629,0.0634059145803973,0.137852615244831,-0.20975215729621,-0.1937943671304,-0.269288891904185,-0.918239948043624,-0.611485800452645,-0.778006565462915,-0.202220396206765,-0.204481381872757,-0.39094770360851,-0.102896590896867,-0.261566793629329,-1.00199172816779,-0.337788974075483,-0.569763841617746,-0.506314279166917,-0.934775502305659,-0.52179633458633,-0.171259147211615,-0.646477119747008,-0.242264191717347,0.941221677380737,-0.914568059351041,-0.340178932491395,-0.512609679149854,-0.700591279847316,0.0171920727310083,-0.389463098731923,-0.371971407934678,-0.355080943619675,-0.812825837331244,-0.752965745223791,0.521774459749542,-0.0723690330908551,0.114451649217214,-0.174347640229844,-0.22706266599483,0.0409055821868001,0.410793637448332,-0.649153925491595
"SEPI_Ns_2 (GE) - TPM",-0.537033928092013,-0.117838777372854,-0.445450808134702,-0.448307143203003,-0.331157482407463,-0.339954084560782,-0.314854895490363,-0.449331279824238,0.131877785681332,-0.406426412910487,-0.389508723978074,-0.386949577530952,-0.388883841976394,-0.72914089310509,-0.306816094677521,-0.469575217074052,0.475671892112627,-0.393348851697364,-0.503332980637366,-0.13897507792586,-0.301818394029702,-0.299312633847547,-0.0814256904644913,-1.16371878841355,-1.18601769915471,-0.799472004276461,-0.610052074333903,-0.50484444641737,-1.23643237632433,0.106645325893578,-0.6252823169891,-0.441127075411725,-0.49845163322579,-0.739000321842377,-0.354778725491484,-0.340929605056741,-0.852922496547477,0.185391410921987,0.200683762712077,0.365068354561801,0.397632300700885,-0.335303401979702,-0.435591263890183,-0.468566426566058,0.472327442402543,0.674395233846106,-0.404560214178693,-0.580057717569121,-0.481293690963265,-0.144407345657086,-0.842059796414119,-0.326572883442742,-1.24516578005667,0.693032080128181,0.876566509096208,0.356788074669675,0.721560509159232,1.30116039519675,0.50464906595549,0.197190267142523,-0.306099451088969,0.330699611373565,0.117206733966607,-0.144491419038698,-0.0353868107644909,0.309424655277641,-0.344363186943817,-0.107185294509821,-0.728592531308969,0.82912475302793,1.07190306622772,-0.573108372202202,-0.510680782486791,-0.024927422925661,0.158892732332491,0.190519688309549,-0.755625825593462,-1.04514868521971,-0.775043117289577,-0.57887800142721,-0.785441441253364,-0.316795762097504,0.310158101979761,-0.330566096319889,-0.160312355390328,-0.640784234988545,-0.391616826312613,-0.697329460647104,-0.532653012094275,-0.506030580312558,-1.16725258013028,-0.82080647423385,0.136282095260288,-0.556660418028859,-0.400556629646779,-0.92791083006032,-0.121243773498117,-0.539358538537602,-0.0676988776634505,-0.641702343043204,-0.263114926212052,-0.387491319116866,-0.373622952935032,-0.353675956519139,-0.826074473546952,-0.74339172662353,0.301337390464612,0.226274388701323,-0.0045161880888961,-0.264886450737927,-0.164979250516088,0.109758630591693,-0.0921941726910134,-0.709029429771362
"SEPI_Ns_3 (GE) - TPM",-0.512415911901198,-0.0436946376214518,-0.44233109203708,-0.550333905234603,-0.464914849121886,-0.336303773759658,-0.355936189896361,-0.734053439438463,0.00292427289022216,-0.406929841791978,-0.382534268998092,-0.385157465761979,-0.445128672707188,-0.796269313598359,-0.695649090723594,-0.693609865043019,0.440720502753971,-0.391453076551354,-0.494399614319144,-0.290048184162179,-0.302431806603473,-0.28426257669083,0.348560423737484,-0.283494106599908,-1.18433812718344,-0.930424801566985,-0.403853633244587,-0.414360631520155,-1.10845157597607,-0.10015479778961,-0.595347362124612,-0.481325904866576,-0.471625436511236,-0.178489166533215,-0.351501695392126,-0.341701892075327,-1.05342771593217,-0.294451017381569,0.298739891840009,0.220901479266002,-0.192682028618536,-0.249895593058561,-0.503741601084784,-0.405689235578892,1.0398214079311,0.520131080164864,-0.24099304714151,-0.569504628327723,-0.465582291514655,-0.0926448154703894,-1.08943649139509,-0.324979895487834,-1.24516578005667,0.650560260867067,0.740327018586289,0.599024595902828,0.590962102979805,1.0440108699985,0.518593342199419,-0.166518670464532,-0.34604350005086,0.535739957055644,-0.56606213099931,-0.402220863744285,-0.101535683008194,-0.446471835889051,0.11645439090116,0.100801508828154,-1.05943768524914,0.965677514097349,1.50879260344953,-0.59614926421657,-0.516630281953935,-0.539723994206985,0.160169400433701,0.0480750058585416,-0.310028434216419,-0.78594749102949,-1.01514225625149,-0.678761473124699,-0.795806781425064,-0.431838357676947,-0.737197967266563,-0.315452209032364,-0.494924853701484,-0.640784234988545,-0.950150951420105,-0.817147314632702,-0.543920358998361,-0.509310203235326,-1.04278009718396,-0.578304985355265,0.531159216760128,-0.491802112125279,-0.853157653380833,0.225061616134322,-0.724077015470557,0.0561647119085984,-0.616402127105529,-0.590131852310078,-0.190333278907774,-0.389600539869426,-0.378570851411495,-0.354757767249786,-0.836016961948907,-0.745613541460652,0.0742500247493988,0.308930705313117,-0.198992088770441,-0.310097177220429,-0.265468621492351,-0.0429017024352443,-0.325330873426062,-0.355131586202483
"SEPI_Oss_1 (GE) - TPM",-0.403876778447208,0.516990852683532,-0.407911329099494,-0.612707116598746,-0.435718111671392,-0.368217749627417,-0.328443942359106,-0.348665505319384,0.189728157932455,-0.408997315469267,-0.387290409908729,-0.378317737988983,-0.435281044284796,-0.947128879310192,-0.428343040080591,-0.420509963069693,-0.400291224566836,-0.398559798262717,-0.50820477704259,-0.85682197977068,-0.304879532771723,-0.325406885995029,-0.27621578388254,-0.837657323713224,-0.676379393336382,0.108979441962582,-0.645747223280233,-0.542338910760689,-0.0192613569072595,0.38982349836144,-0.343441974982319,-0.461711264070438,-0.350252105112049,-0.434864807812087,-0.339985483319004,-0.498806258657478,-0.404667415332444,-0.325768036102773,-0.261505834648843,-0.247115028207422,-0.73755967964812,-0.110088859393014,-1.17335289036362,0.0608632674963531,0.155957268196808,-0.862890785856531,-0.470008605134841,-0.784131861064286,-0.370804111852991,0.123357832251799,-0.493628219686901,-0.317230610961129,0.104301250575326,-1.28997162395312,-0.608238581669842,-0.447878204089559,-0.316161474005283,-0.519215567372367,-0.309301479313963,-0.273365184031371,0.462950192358617,-0.728788314929158,-0.626437217249519,-0.345293471149765,-0.0310305044803303,-0.424150393392934,-0.347944315135589,-0.616287678587625,-0.767745656444825,0.329283600858122,0.109436408318673,-0.480311569243118,-0.389093958187856,-0.539723994206985,-0.456626333093857,0.993436365136937,-0.562500451105709,-0.360969728674141,0.0315369349356906,-0.352098224241536,-0.474163531807976,-1.16837013257525,-0.678680375757598,-0.328839258350354,-0.494924853701484,-0.0255692746474047,-0.701886789338246,-0.152601578681188,-0.145937163164762,-0.473493703595425,-0.501874902273395,0.183511533876168,0.391170779356871,0.0400650650251575,0.36573781277819,-1.49621688345015,-0.909134175261649,-0.3988387906408,-0.0600074595167522,-0.563104390918704,-0.638474480447776,-0.326064765328801,-0.310379849953262,-0.30672994655074,-0.0655451324630059,-0.409569971511926,0.153771690467364,0.261284827986931,-0.0353390789645877,-0.246116127422358,-0.186247221786655,-0.364435848550102,-0.417501175967387,1.24786973444753
"SEPI_Oss_2 (GE) - TPM",-0.426718513684143,1.58250086596042,-0.382467278970237,-0.503567546014992,-0.281491171755374,-0.325421735332703,-0.329287081773678,-0.91555733872191,0.0461562033693361,-0.396126581995751,-0.387530440148573,-0.381265747048647,-0.595628722278417,-0.577650864576271,-0.357095771758756,-1.60417483849325,-0.229306487790906,-0.397370171092585,-0.499767700023075,-0.903733258887415,-0.307342551034479,-0.303107932502494,0.0204434327389283,-0.674127741821358,-0.807547377827486,0.0339927797164336,-0.593987148400566,-0.328375340733237,-0.411030788972312,0.580853845322588,-0.341879318639095,-0.434047843655752,-0.485703879836771,-0.571127928862857,-0.325263816323747,-0.52376464736062,0.464265022454671,-0.514644195415837,-0.353209786271185,-0.344591434920308,-0.325579347752205,-0.026922105838076,-0.173639880821458,0.176913701775018,-0.319309649044077,-0.744058022395936,-0.718320274129414,-0.520839887527591,-0.429160041783464,0.098781709674833,0.0545026933633547,-0.332128357088951,-1.24516578005667,-0.998656432296277,-0.659084041347654,-0.415296499964069,-0.352305143018925,-0.713265288871254,-0.352776427840407,-1.01417387880545,-0.738956194315789,0.0991365678076798,0.0688487265092651,-0.384106323361028,-0.282616733348159,-0.864653955901567,-0.510355348746489,-0.666221328132077,-1.04767968142133,-0.385370493423523,-0.706236627840532,-0.480770221570021,-0.359985910489289,-0.539723994206985,-0.4836849033147,1.35105829734794,-0.609751406895001,-1.15375375392002,-0.103866235434401,-0.392145435472788,-0.438249776691119,-1.04654484403274,-0.26439275368045,-0.0603030202376549,0.689081255152522,-0.640784234988545,-0.169820623139013,-0.54707275242515,-0.0322184438667376,-0.474925448771045,-0.190637084972922,0.424642223349158,-0.709043947545384,0.27374288804376,-0.191789545049637,-0.789102755701273,-0.693370146160131,-0.590025154121028,-0.00153909892159001,-0.62098923920264,-0.790937634313138,-0.314603810588991,-0.309456128928251,-0.278207114539432,-0.20175255295634,-0.329690998763241,-0.251621099820867,-0.076153272246921,-0.348866686858657,-0.107074024895389,-0.0727588098631397,-0.453283747060281,-0.346076479483576,0.538613178360709
"SEPI_Oss_3 (GE) - TPM",-0.370692043434835,0.470998466500779,-0.430715425490242,-0.269639639285149,-0.513581581969192,-0.332173958093249,-0.431210129436882,-0.679875437109448,-0.137453049205726,-0.409131440201729,-0.392847733516629,-0.373963068314462,-0.702658580216667,-0.95840730033292,-0.761297432984532,-1.71581382648703,-0.330341055658632,-0.388504072867607,-0.492640460073428,-0.887761413963873,-0.306314760878939,-0.319421420083632,-0.840171776852766,-0.638243077809141,0.406732019937799,-0.0908710548331445,-0.871381367057146,-0.650462185388431,-0.104001601188502,0.681656305022385,-0.344299471958841,-0.310452557027753,-0.48246110025774,0.587306473033982,-0.329074298119038,-0.487248032531874,-0.102294262169843,-1.0301049436142,-0.297585259265785,-0.43687726835219,2.17567881758606,-0.405668397799672,-1.21313802129598,0.00976829971450112,-0.402764994060858,-0.946963722114859,-0.756491340872701,-0.792832876940405,-0.409406749323366,0.486915933104829,-0.850597471912502,-0.33047604728088,0.844808256317853,0.326891682019268,0.0980671191714616,-0.0188997764179351,-0.213017639111293,-0.235381673906051,-0.291754704045136,-0.108927592798509,-0.24907587010404,0.924164741064755,0.174104737416437,-0.489476950481686,-0.422053600417126,-0.322432574235054,-0.0960263747191086,-0.181782510266774,-1.05197720183184,0.0984533582185464,-0.366659263471825,-0.444151885643328,-0.333987777496423,-0.539723994206985,-0.474418966875808,0.855873406936423,-1.523718485447,-1.17891562671829,0.499617481090073,-0.367025461321108,-0.330962409497414,-0.771730244220977,-0.532535469771591,-0.456546445190294,-0.494924853701484,-0.640784234988545,-0.551337444041909,1.93590818571973,-0.2844395944344,-0.481718182445398,-0.410595292244559,0.980816680001967,-0.78538513403069,-0.365160038470646,-1.56373496193479,-0.736618012659905,-0.928815571993005,-0.310348353624323,0.0652940630454504,-0.505926411301213,-0.234553176948226,-0.310675872200511,-0.320713139107822,-0.290313778798216,-0.226332799966703,-0.431172422441504,0.630023713334858,-1.01475428249166,-0.221322289813821,0.132917180024519,-0.12866382432983,-0.334467825129346,-0.596748745172084,2.64649409940897
"SEPI_Oxs_1 (GE) - TPM",-0.36468407323841,0.395865430894597,-0.421348944037648,-0.699215452879196,-0.520463113137943,-0.269722867778961,-0.282654687800489,-0.488986610970346,0.286897968839655,-0.403039054915375,-0.382493151033124,-0.376346819852082,-0.364814347846589,1.30789256794482,-0.658097073090184,-0.735197991437345,-0.472315404752191,-0.391283609665343,-0.491488677424401,0.516716220172953,-0.2983152314419,-0.267700095463293,-0.494429931873969,0.0804819312543055,-0.771980155576779,0.201674492780573,0.0163652244839242,0.210263550746747,1.19990575210331,-0.347947682029741,-0.0249219601596208,-0.458045871333168,-0.455172096138602,0.163037022918224,-0.331975537775861,-0.366304079869609,0.0937771551784765,-0.579719888863281,-0.342878464672137,-0.32619017700053,-0.73755967964812,-0.400103262245239,-0.0960204017889176,0.254108149314967,0.858623535420509,-0.355401806011558,-0.137713950523473,-0.486515057394424,-0.286563592924674,0.0759219106885061,-0.412305997903496,-0.314447746180459,0.983823994808465,-0.0976656450665931,-0.181013950263833,-0.162387539116184,-0.220877398213727,-0.32008788796341,-0.200367617203587,-1.02656715780497,-1.05461365988572,-1.02970906080915,-0.228929543854929,-0.207223556798183,-0.176991987876484,-0.376567391936115,0.0751085498586039,-0.0791187839716339,0.0130029386097183,-0.336226981797698,0.0972705898671261,-0.371236295954903,-0.347235875857959,-0.0548638324743974,-0.275402448777013,-0.0437282145728965,-0.256121442163274,-0.643984110435957,0.860038740087758,-0.386377134201724,-0.306894883389745,-0.559222241477985,0.683178566203267,-0.14013484658943,-0.494924853701484,-0.234310323412967,-0.212653295475008,-0.50533093102793,0.149436958987651,-0.503361848410204,-0.29610898956577,0.926008053185794,-0.8047490719362,-0.569548063274766,-0.567791983515571,-0.137306410617112,0.528988093168181,-0.191348894225114,0.644041133601612,-0.451227786202748,0.672690247814352,-0.261310404757316,-0.253083397007363,-0.251409156391997,-0.446197502763147,-0.370748549496372,0.428751536721286,-0.0251143845227325,-0.066166419729427,-0.138042553197016,-0.101494080880191,-0.0742337634772706,0.0436503838337635,0.450202844667917
"SEPI_Oxs_2 (GE) - TPM",-0.525450717877096,0.245431391568586,-0.411030333567848,-0.11105811779405,-0.586411233366014,-0.106603549509993,-0.291827977079539,-0.652139652518673,0.278608890384756,-0.406679648601664,-0.38488996227584,-0.379559253193983,-0.430761599720331,-0.28218280237252,-0.12886500993203,0.915083108750347,-0.645074040668985,-0.390653721170701,-0.487986074881867,-0.143406791426418,-0.30170843628032,-0.284609583846649,-0.816115882196726,0.00094727557665439,-0.660721397785836,-0.00770837061813218,-0.0763705577501916,-0.0559059435247064,-0.0325007429110367,0.45404193644685,-0.271073072868861,-0.397139006258456,-0.684656637735039,-0.30929648229321,-0.319156245337296,-0.448515886465589,0.341898444989996,-0.65173559643885,-0.482047133044778,-0.511198130855719,-0.73755967964812,-0.38260840390622,-0.378043903098019,-0.75004934928791,0.0822887059703752,-0.303039955247187,0.40396314920215,-0.291741299160428,-0.346009264265465,-0.269884341240075,-0.351442012172894,-0.312467648586597,0.850822662932212,-0.358334845612722,-0.46311137792482,-0.265774666868943,-0.279531005267409,-0.388796862402205,-0.232612311566651,-1.04546000424029,-0.968121496325238,-1.88012374544009,-1.46416904686763,-0.562206265995606,-0.469074966747923,-0.408595472289572,-0.564854041263806,-0.635071552666678,0.253273043253147,-0.692979835012338,-0.194792227546465,-0.387882136441613,-0.344357538598766,-0.539723994206985,-0.259528261481509,-0.564721688797791,-0.956911883309887,-0.49141406757405,-0.873504952643463,-0.456206650176069,-0.503792073470297,-0.678934081424537,-0.83524835184456,-0.456546445190294,-0.494924853701484,-0.640784234988545,-0.299704567747261,-0.407913542605994,0.150961185571893,-0.516002530858703,0.109896212537851,0.272044937855839,0.880013604471622,-0.841936445358766,0.559035030033314,0.685454923645131,-0.204978957800139,-0.414091917615997,-0.114063125475372,-0.368126614124699,-0.539449080506568,-0.200657519988036,-0.221120902309633,-0.237341455044736,-0.437389483320668,-0.498056560994833,-0.514376763512636,-0.780496529099376,-0.663105869587392,-0.50061316085134,-0.666849152201484,-0.522279857995204,0.0889590148284191,0.292008238813322
"SEPI_Oxs_3 (GE) - TPM",-0.434393309965746,2.07501329631762,-0.419373761493323,-0.188707927603854,-0.436543596578944,-0.292499810188903,-0.314271351812218,-0.272532716468813,0.254928020287243,-0.404475854219155,-0.381354345601343,-0.379284870469303,-0.406477368244906,-0.186555328290694,-0.452056691602847,0.493813980846854,-0.487987809917457,-0.388762152221823,-0.49810309980203,0.297827180748229,-0.297033138844877,-0.308755543318735,0.345523849368623,-0.329923509201886,-0.637907958573512,0.481899979934716,-0.373628935618116,-0.163020964483709,0.150907592085437,-0.0465863867846112,-0.164086281314917,-0.398510459909899,-0.384792147382754,-0.239755512790078,-0.313900076568221,-0.417275362566991,-0.187731428893603,-0.909521782777352,-0.606617441687695,-0.609345105606478,0.503292155758255,-0.48882909203153,-0.528916479980221,-0.112166041817958,-0.239245822824192,-0.429529135272871,-0.51136294115521,-0.736107921684748,-0.271025332428403,-0.647671572664084,-0.0896177149051781,-0.308434076311649,-0.291386241016831,-0.544883825727172,-0.335271197314227,-0.126132607542252,-0.169422160194011,-0.193208310595057,-0.0240206956897026,-1.0363880949051,-0.761687705528414,-1.04554309935391,-1.29885823782571,-0.110608706412523,-0.287852416048643,-0.266774338782224,-0.0950181263915431,-0.551134704985848,-0.26571679725747,-0.503720084726187,-0.585590545274583,-0.312471552776974,-0.26148706166462,-0.539723994206985,-0.238354165425781,-0.655714691516324,-0.613019123381863,-0.184893127722207,-0.134244836332078,-0.328416925653209,-0.364293132628105,-0.543305723957317,-0.659265554258188,-0.115559722489497,-0.494924853701484,-0.476517729433283,-0.595271473519853,-0.161189492242125,0.0344576410384006,-0.512146208069735,-0.258960454188416,0.0262524283236705,-0.573717402566064,-0.532416684994784,0.153538785646545,0.235984297798029,-0.485062863355259,-0.756773806981088,-0.221432880973125,-0.750654502485274,-0.460231156200433,-0.237144376918752,-0.251055832583093,-0.25815007514591,-0.258418182807266,-0.454702890547997,-0.0884304959365907,-0.550254159320939,-0.0989546830868051,-0.396272510632265,-0.454460418263628,-0.210933527362171,-0.760722982913752,0.266779071059637
"SEPI_Sp_1 (GE) - TPM",2.88954206941511,-1.67888881963601,4.01322761117504,1.85115399227712,2.91234174716886,2.84879196919725,3.31832864550537,1.35759784169004,1.442446269053,3.63562738395066,3.56436403117836,3.71204941428731,3.8868984289668,2.07987677423241,2.99806759050099,0.699638131008656,2.95776098516453,3.3103097766021,2.80138000491553,2.23297165832458,3.08528657585809,3.42476148578598,0.965048943831091,2.48461087053938,1.4484107797515,1.96680940815378,3.98787462663437,4.24851226989482,1.68251837114407,-1.77659173665856,3.33315561345294,2.60027127092623,2.87475187249142,3.578745919858,3.34685042844045,3.35950013763076,2.21089848281728,2.11385804922291,2.55432181634116,2.62761198071943,2.23368037941286,2.96709288992897,1.33548808802056,2.18213909683487,2.31810739622622,2.90995460996785,2.98786128171375,2.95003652855723,3.3524531502626,1.89283593101136,2.44743947918203,3.23007037855692,1.38230840413879,2.58951455878068,2.37001996103081,2.67458224115781,3.02461283852194,3.11533291241333,2.91772993967948,1.29566423155267,2.73136848002464,0.422583411633434,2.73572548310457,3.34248355489867,3.41003355129505,3.11391282544795,2.2217595843532,3.07609716030346,2.80863638009279,1.9554042210644,1.42378646358182,3.41726898478976,3.29252908173427,0.828752859033995,3.41761068936893,2.09698547722195,0.96259230742391,1.7594693632177,2.24223441999086,2.96969241902659,3.09442054540471,1.73828674933911,2.41602308952386,4.26170803362116,2.97410930067993,2.57148295780051,2.62105445858802,2.13111980511004,3.26298468196252,3.10444994671034,2.52576469195137,1.89779483530114,-1.82774101254346,2.71368209901785,1.09731184466279,1.92153358389994,0.733979532452675,1.79778723839817,1.76372988440128,2.52594428798437,1.43309993144461,3.02535497549201,3.28939290642911,3.48293060647734,3.6277252259531,3.58265463800473,2.9688902555922,2.78696321709561,3.12376099984089,2.66773131479578,3.28322271760698,3.48898543864036,-1.89442963072196,-1.93332189581447
"SEPI_Sp_2 (GE) - TPM",2.0380512672151,-1.93182285690678,2.76371464801986,3.35593618238525,3.3208316145956,2.70958810163877,2.90707523492372,2.26074576354268,2.56577570346178,2.76795252714218,2.9354698419012,2.81888288796837,2.93558248878615,1.51031384085215,2.25693856368967,3.76620777069655,3.30225652239014,2.79171733669399,2.36729630712402,2.74658816686672,3.13174238595672,3.13456997045972,2.78846839623977,1.87956023534042,2.35479205552357,1.30292304403165,2.81646372807523,1.92832279311947,2.30746692716518,-1.67008488109904,3.132124849426,3.45043212166758,2.73117708894207,3.54607769165973,3.32507264962355,3.10236979240404,1.85941521118482,0.315036537163429,2.78947617724247,2.2556771165484,3.7249963404709,2.97484167923868,3.16258472232008,1.73848843511175,1.78550163600347,2.08044879128692,2.17561650908815,2.87298634107522,3.20738362164763,1.35438361047552,2.26756034464948,3.05949023139322,3.20131106747166,2.10980357961176,3.01250745049405,2.67389235392585,2.8220291656688,2.53231433342126,2.58397035599888,2.08517741103039,3.07821413244858,0.26761730134758,1.15885422621039,2.33886544768961,2.52908236824374,1.92560908343065,2.25159501958758,2.11962298891472,2.3282341295188,2.07837458291261,1.9396253653691,2.91791281404527,3.1017872124455,-0.539723994206985,2.79257124355025,1.2796102092935,3.20051984308406,2.96101431457109,1.91436547224948,3.05233876427453,2.63842624691833,3.32794408774671,1.10314573107297,3.19173380698181,3.56636037428185,2.66748463896073,1.22918326179948,1.33675381431533,2.96355525578596,2.12169637283292,2.35961347302319,0.792619845505736,-1.83363962017547,2.30016715443198,3.47995188244374,2.23002122179662,1.54218777808306,2.33943725092847,1.93593044101572,2.19952155508732,1.63200064056654,2.83533617574519,3.06097689193038,3.02947025267166,2.34685051601049,2.37393581483831,1.82158594322268,2.87739913929041,3.23423391759555,2.94792003872903,2.84912150195559,2.14742587762436,-1.69929323684478,-1.65663588537773
"SEPI_Sp_3 (GE) - TPM",2.40292434938948,-1.44275404592399,2.65868483363873,1.69230915679524,3.07289064817184,3.99561651906376,3.53537894388911,1.03451822961892,3.28421679565386,2.76442807762329,2.91576625601674,2.93973522288058,2.03565561250983,2.99025584116884,1.95447254074361,0.211501276659497,2.55540155763796,3.46577468922718,3.30036389260123,1.52374833256053,3.57262419743494,3.24145655693472,1.241181614006,2.43693750055263,1.73437508408181,1.83322245514228,2.0652555303443,2.57842014150464,3.67291342430276,-1.82847955609464,3.01980739922475,2.8919038740079,3.28652143869918,1.68761828863346,3.10003066970231,2.86127455260263,2.18237774048994,1.8740781151043,3.4496566350777,3.67288384432361,0.124543741625116,3.16104482704058,1.94537061170538,1.8946444541492,2.65291651950747,1.82427680638289,3.87898380946893,2.99940908281382,3.16487369447679,2.63084863106683,2.23373819619546,3.49710110516575,1.20297609752175,3.24514973541775,3.05493079516411,3.54541153470932,3.30525563701393,2.50672475402541,3.48990340566812,2.02086017065465,2.32791092947079,3.18706279555391,2.15896318456081,3.12576486148299,2.91393408691875,1.49775856590075,2.64744478831888,2.46872081559135,2.40513339037867,1.62789653767386,1.30751630972098,2.88831793601009,3.12604083377854,4.22502831235791,3.45270906442605,1.5450130141774,3.05634221410034,1.49819815622066,2.44650686819403,3.42000327075212,3.31036521075021,1.73376687834083,2.53697188692905,1.3572686668774,2.75696734936528,2.55477219364101,1.82498340242382,2.47198349638454,2.93546752876014,2.28014763789541,1.81945376324551,2.82455222309385,-1.40341499235108,2.23617784311569,0.263208357769733,1.97364677590479,3.54079931920245,1.76268026022099,1.99219673558858,3.95183368700426,2.46655263958904,3.79119862939645,3.37980030050242,3.2420448994488,2.94941123625063,2.64220111253683,2.40989299394076,2.67967369696637,2.62190779828304,3.67295502491046,3.30247986860003,3.42314124379434,-1.57418499572034,-1.81625226435844
"SEPI_Tm_1 (GE) - TPM",-0.0634112234937534,-0.621392784754842,0.1009723650479,-1.26872864949986,-0.862788222225725,-0.569152381758393,-0.333115228327699,-0.748624994956748,-0.945142541274209,0.84657998566169,0.568593299962374,0.510086724745638,0.0705449872031008,0.0741492037875731,-1.14939249606602,-0.0655918119136063,-0.707334311047165,0.241821912503572,0.556185058640168,-0.930120709496473,-0.279416135636535,-0.333235248311574,-2.00366977439127,-0.399389944157504,-0.568247604571435,-0.504417362521913,-0.155367696648065,0.0893265756406812,-0.724364386555225,0.834990925325099,0.197946783077667,-0.308395056203126,-0.264941054556964,-0.416538078376877,-0.0955156296399014,0.580094315842816,-0.485486840149908,-0.572792931631441,-0.953080942998954,-0.929518133977518,-0.73755967964812,-0.505506960074964,0.00284775143361409,-1.47865397855615,-0.379718274496638,-0.318301473373621,-0.736759052692333,0.196827880004444,-0.194490248008671,-1.20374813803998,-1.23878840416925,-0.153490012156148,-1.24516578005667,-0.488693176633567,-0.901246669304071,-0.644803807809454,-0.440250671756912,-0.694277359794412,0.212022422945069,-0.891281448679185,-0.735748546235209,-1.17260866597891,-0.252451804219152,0.126150677988778,0.607138244964593,-1.53824309385705,-1.59287716194133,-0.815727938645625,-0.136359798628935,-1.52123247902583,-1.40645726069666,0.60755925597085,0.316058226067788,-0.539723994206985,-0.252238839163484,-1.69802158818441,-0.359236458021165,-0.681732030192526,-1.62010347776903,-0.0130087283628417,0.181111217420722,-0.124340320261177,-1.33336905459858,-0.456546445190294,-0.494924853701484,-0.640784234988545,-1.08311480357368,-0.876297478213992,-0.683591521791717,-0.0445041234267515,-0.455131242501283,-2.10127656057504,-0.0688902313873482,-0.354403989489334,-0.414814408862534,-0.423841175155866,-0.796693537483053,-1.7465703426625,-0.574230778230588,-0.121680214985838,-1.50247431426608,-0.389679458041821,-0.396386388454852,-0.37504400848771,0.114839773748039,0.0484274187392409,-2.02187898878169,-1.45634611587645,-0.948771209739913,-0.909269772548189,-0.546454473051698,-0.48328416421426,1.88677455776992,-0.321246785425866
"SEPI_Tm_2 (GE) - TPM",-0.218501069638795,0.441724936960961,-0.00411730569237857,-1.02323367131686,-0.676107178708807,-0.577633934083684,-0.385191269703547,-0.957368696120028,-0.569742157295481,0.759299634741812,0.563141483838413,0.468113999179816,0.074758167105757,0.157527658295449,-0.882778372766074,-0.239526333439428,-0.334660903372722,0.172041639791093,0.664647983917126,-0.879905688133354,-0.280064054384108,-0.329129974958773,-1.743413161291,0.380963417632192,-0.204889906121667,-0.569935132780385,-0.0233553372018614,-0.0527992033783911,-0.557339011331074,1.56033278795495,0.311571085623605,-0.399946566229414,-0.260672130864585,0.0595998449126984,0.00507603918609143,0.675955341324281,-0.354404310656838,1.07191782039077,-0.872280833608058,-0.876324882359022,-0.686164111888529,-0.539371079014094,0.171756563801526,-1.44221786370135,-0.331160978676181,-0.283607518972926,-0.451082356664926,-0.0806279285770404,-0.166107847923541,-1.03192116066129,-0.724427997859975,-0.156266652930972,-0.569188727920294,0.0621906461008539,-0.722914661474762,-0.536014582169811,-0.558431327130189,-0.642066385504933,0.0574249046114999,-0.575802042227222,-0.293415479428902,-0.543635090032039,-0.909599553137135,0.00877178952820061,0.492140051272,-0.949317870147429,-1.51093371680157,-0.911914487113322,-0.402387148745301,-1.14078175791379,-1.30332540726746,0.721516926378901,0.445658696918721,-0.539723994206985,-0.287261502014017,-1.59796352622809,0.564641580707934,-0.253233130815586,-1.42211687438334,0.180324653408477,0.269789303999547,0.272705964342087,-1.68929712395149,-0.407114095609668,-0.494924853701484,-0.640784234988545,-0.668990331330839,-0.870269129536701,-0.634736795540661,-0.0805982324405673,-0.473133738359266,-1.81797905698518,0.214381183124849,-0.092452052913044,-0.630169915171186,-0.568810964282047,-0.435843582100575,-1.50612005436474,-0.688964116290217,0.15125430483926,-0.939156403616143,-0.372197585420419,-0.386034369417328,-0.368472030225074,-0.0128814220891731,-0.0749403382823193,-1.51478631367711,-1.24389805138846,-0.770452593636471,-0.703148369657424,-0.484776896864694,-0.55048717410355,1.51920965599028,0.39338815007853
"SEPI_Tm_3 (GE) - TPM",-0.214297636023774,0.302839525263161,0.024307430811794,-1.02664979222548,-0.660409388526063,-0.522005482415934,-0.377340420923182,-0.941723690974575,-0.434207922112978,0.819423560948601,0.609444317560585,0.431013813361409,-0.0194882518836186,0.28260733355437,-1.06218009934316,-0.854500266695248,-0.430166722626795,0.206698919460756,0.625479019290439,-0.928807204192269,-0.279211800775307,-0.327655260219145,-1.42975197098473,-0.0909102252805972,-0.516851953572499,-0.584884621817744,0.152859988720402,-0.0109597626309902,-0.479144440114726,1.20989843392403,0.436308894345352,-0.384608874500829,-0.308528735065997,-0.410001862118858,-0.0234809466867457,0.686441936060543,-0.350322252149035,0.159803498413726,-0.851425362334804,-0.924197655025206,-0.73755967964812,-0.505599546287491,0.746187696927411,-1.43298832778416,-0.164892346294519,-0.418970520868354,-0.176355862967049,-0.107346509611072,-0.218414305018633,-0.906009294510943,-0.814054120034457,-0.159337980769303,0.383600208864969,-0.261467964033698,-0.725681727828119,-0.327279049038172,-0.448770014062701,-0.4947874054293,0.131755527765488,-0.60487058607067,-0.814223821826798,-0.435950455347822,-0.524287711471632,0.366492291470652,0.477449260538172,-1.06860087989468,-1.36774469575845,-0.884239219231063,-0.079390505856465,-1.33588797718788,-1.43011927930954,0.693637069917926,0.471604573132869,-0.539723994206985,-0.261775703805817,-1.69567470568752,0.42027916515795,0.915198152409172,-1.3511415362477,0.310698116577689,0.312470652716376,0.363543302456317,-1.48809108490574,-0.456546445190294,-0.494924853701484,-0.640784234988545,-1.06007201979932,-0.972108986096088,-0.643566444560599,-0.0969579221107117,-0.584350548764948,-2.00671468798841,0.628914710511978,0.0507050831814335,1.09391782189713,-0.296033138395773,-0.125992483801839,-1.63354777114587,-0.459804996772542,0.208259058127349,-0.959606159978718,-0.376750742749276,-0.384695032539245,-0.369559006278553,-0.00452950873113873,0.00500717595956679,-1.50015509306613,-1.25948341718159,-1.14954990062568,-0.688114868252816,-0.41921492624752,-0.594967702175652,1.44049971298104,0.48598908130005
"SEPI_Vic_1 (GE) - TPM",-0.587772712152361,0.874693908463611,-0.242244974439075,2.36058638496887,0.051606281782971,-0.548142567410314,-0.385612756801808,2.77376228570245,-0.715449330288994,-0.393902398720266,-0.355306790234202,-0.367500337895843,-0.581249917421113,-1.4899631684646,-0.411332366488605,-0.113702538850221,-1.02467035540285,-0.400760918160006,-0.493868009880631,-0.871131762176735,-0.302022624867052,-0.336546330498736,-1.7746639674746,-1.36523302018533,1.247732032782,-0.578216358829643,-0.390286011833292,-0.775544826836082,-0.861297649054986,-0.253828083955916,-0.0645134608129905,-0.435997180081933,-0.581277785132466,-0.537027542225376,-0.293350907520593,-0.511258224007861,-1.31932669297366,-0.926061153884246,-0.701335031352055,-0.778123650760977,-0.257188833358079,-0.633479945872733,-1.06708058860018,-1.28939715489067,-1.3562301445176,-0.561951689636649,-0.686153111324923,-0.62551820899427,-0.230586931617249,-1.46649934387559,-0.705412118777424,-0.315732874312963,-0.361522689279796,-1.39870522407202,-0.924646896311967,-0.375964553656049,-0.18341088319713,0.165933093232878,0.155356260699308,0.486017923682339,0.412730780113928,-0.759752820453655,-0.642438181414546,0.686541253877942,0.502319546938861,-1.31962763677486,-1.22564102282871,-1.08772650853076,-1.38547854086141,-0.817757977476406,-0.126583809330229,0.0186870623124016,-0.121203499459049,-0.539723994206985,-0.326531827538708,-1.06236354462795,-0.919683916480135,-1.64496469938981,-1.2175938761163,0.278461377464843,0.647604333674258,-0.773259995186997,-1.4964740158487,-0.314385969828943,-0.282531586597385,-0.229879006885705,-1.22006908335689,-0.464778864660372,-0.68811610408203,-0.423422278017825,-1.16506331065412,0.353418676621776,0.465178526893688,-0.645045569191612,-0.087094086028557,0.41385568222545,-0.505030212016418,-0.552899411592875,-1.70159744774091,-0.744447781728304,-1.7165304754779,-0.372084193104541,-0.359099287808935,-0.341629964986588,0.032485551006907,-0.0059733926667149,-0.80007538386936,-0.469231982979899,-0.684235950806088,-0.499669512138264,-0.608348213841945,-0.578435849387511,1.78175858043893,0.38000104321958
"SEPI_Vic_2 (GE) - TPM",-0.552835836503406,1.98720163452693,-0.214617533214418,1.98966406166732,-0.0766285662348326,-0.373036543521303,-0.355714249607239,3.0922647774863,-0.928229879322337,-0.386617193468247,-0.357097229627086,-0.372744047365869,-0.61164825021169,-0.948492338672422,0.0013526792331225,-0.764674832088785,-1.03598066104556,-0.389312073731283,-0.486037882035943,-0.87752249125577,-0.286046478014424,-0.329989304445712,-1.21301987427958,-1.5469328127205,1.4331361099834,-0.770360886315646,-0.323731766733874,-0.260413165176215,-0.754761644192902,-0.501720803400644,0.0319064509479067,-0.527926656449166,-0.639948852594327,-1.03374673580415,-0.301324521335345,-0.487436212246737,-1.27818846112414,-0.719182246897947,-0.73432768839773,-0.703096730044236,-0.73755967964812,-0.547143939171659,-1.09732267036701,-1.21054458706409,-1.16092099947746,-0.411807956400127,-0.424842231579039,-0.448883427615172,-0.26400997244373,-1.56185997186578,-1.14341834090889,-0.300229450317811,-1.14024580230276,-1.54616747969293,-1.01677462129674,-0.41761576145401,-0.0978785136059748,0.208757976247079,0.156180445362047,0.235048294120026,0.531863437577243,-0.450973340814118,-0.332053248331051,0.706546477248907,0.607200235106311,-1.30181723924103,-1.1010099587471,-1.01569164987422,-1.30105486462686,-0.800631744652495,-0.225413689939409,-0.0329922178904322,-0.139124183196909,0.236247077611972,-0.326511428822774,-0.843910671797939,-0.130292308648341,-0.8513856329617,-1.14909894947847,0.312084659993703,0.64193088123623,-1.46803533855489,-1.24771704084747,-0.41434763768521,-0.494924853701484,1.63604128379663,-1.39915071958376,-1.03515272757071,-0.648468278211015,-0.407672287464543,-1.07228043338553,-0.552398329671501,0.157008593540412,-0.655801836135816,-0.501129009520795,0.847994524407544,-0.876122594340795,-0.905673780746406,-2.04637338929853,-0.836499397449123,-1.7260101932094,-0.35903347171158,-0.33789794266956,-0.312176668051105,0.230171989363445,-0.00996448650208362,-0.740783503566305,-0.374725920339307,-0.605137335537749,-0.426796017263893,-0.582227782718807,-0.633017930327206,2.37553998697906,0.554028754974074
"SEPI_Vic_3 (GE) - TPM",0.011398929111105,-0.215258206611407,-0.252688048002452,-0.723066606046109,-0.624566992014963,-0.300706282049412,-0.212787981662044,-0.101918748604473,-1.06935853640219,-0.316907972478098,-0.320809833892172,-0.287521920251114,-0.407993166054723,-0.74606133913874,-0.0699030469937583,-0.0367165768862212,-0.646455560615539,-0.317497483687285,-0.435963821339327,-0.735508336152766,-0.238005998607073,-0.251842258143369,-1.08213872393742,-0.154849764188875,-0.899673234942468,0.334632897546191,-0.699156896461914,-0.524845566480373,-0.344892593705933,0.661844842005272,-0.368416091927269,-0.168823387016603,-0.196753670202189,-0.275459000921648,-0.256508076904722,-0.412474627923565,0.0141312235410202,-0.636654598647025,-0.275822807636016,-0.286735324248347,-0.266950275126322,-0.0819742533818243,-0.598384958598008,-0.151394955898616,-0.925134565454217,-0.654394778905889,-0.202759713383364,-0.238367640244692,-0.361514755731703,-1.1323925609097,-0.404333187830514,-0.252640823688584,-0.21355555824324,-0.106459572402847,-0.14755794901235,-0.224780808716628,-0.378357389378546,-0.481817600078403,-0.564208515967334,-0.698938445115902,-0.483466030709068,0.121455868861878,-0.0054175881139306,-0.851694405007158,-0.729076575515592,-0.427600812217654,-0.686739093486183,-0.340503701770366,0.425609117732086,-0.466946437793379,-0.968725486347739,-0.508879554031452,-0.43620166161777,-0.539723994206985,-0.319041026840561,-0.484012423291676,-0.754430223628388,-0.374039342817532,-0.411580989149285,-0.524633733996726,-0.659533367666394,0.0505020728081133,-0.477186263457285,-0.362247909266794,-0.269507778041465,0.522153505919383,-0.183202651523502,-0.034167916400487,0.103350713975595,-0.407822905570214,0.912091047318636,-0.251601557959367,0.632777749673086,-1.01029694930844,-0.281490665028243,-0.166218190258815,-0.208473200323427,-0.292715417473694,-1.30352009080634,-0.167013371880154,-0.746846616574981,0.192860489522645,0.254645447127089,0.154125594060587,-0.171483500289292,-0.237585918642872,-0.594048252082703,-0.38932748233189,-0.512730838811731,-0.215516877631891,-0.303259866141793,-0.439604515926124,-0.0754223629713591,-1.15632423915193
