"","SP5448_RS09135","SP5448_RS00600","SP5448_RS09165","SP5448_RS09170","SP5448_RS09175","SP5448_RS00965","SP5448_RS00980","SP5448_RS00990","SP5448_RS01465","SP5448_RS09230","SP5448_RS01935","SP5448_RS01940","SP5448_RS02230","SP5448_RS02260","SP5448_RS09245","SP5448_RS02600","SP5448_RS09275","SP5448_RS03000","SP5448_RS03045","SP5448_RS03050","SP5448_RS03055","SP5448_RS03365","SP5448_RS03390","SP5448_RS03415","SP5448_RS03490","SP5448_RS03500","SP5448_RS03505","SP5448_RS03510","SP5448_RS03515","SP5448_RS03525","SP5448_RS03530","SP5448_RS03535","SP5448_RS03540","SP5448_RS03545","SP5448_RS03550","SP5448_RS03560","SP5448_RS03570","SP5448_RS03580","SP5448_RS03585","SP5448_RS09300","SP5448_RS04060","SP5448_RS04185","SP5448_RS04195","SP5448_RS04205","SP5448_RS09310","SP5448_RS04260","SP5448_RS04285","SP5448_RS04295","SP5448_RS04310","SP5448_RS04315","SP5448_RS04320","SP5448_RS04325","SP5448_RS04330","SP5448_RS04340","SP5448_RS04345","SP5448_RS04355","SP5448_RS04360","SP5448_RS04365","SP5448_RS04370","SP5448_RS04375","SP5448_RS04380","SP5448_RS04385","SP5448_RS04390","SP5448_RS04400","SP5448_RS04425","SP5448_RS04430","SP5448_RS04510","SP5448_RS09330","SP5448_RS09340","SP5448_RS05215","SP5448_RS05300","SP5448_RS09350","SP5448_RS05305","SP5448_RS05330","SP5448_RS05345","SP5448_RS05350","SP5448_RS09360","SP5448_RS05355","SP5448_RS05390","SP5448_RS05470","SP5448_RS09370","SP5448_RS09375","SP5448_RS05835","SP5448_RS09395","SP5448_RS06235","SP5448_RS06885","SP5448_RS07110","SP5448_RS09440","SP5448_RS07205","SP5448_RS07255","SP5448_RS07260","SP5448_RS09450","SP5448_RS07450","SP5448_RS07510","SP5448_RS09470","SP5448_RS09480","SP5448_RS08000","SP5448_RS09490","SP5448_RS08355","SP5448_RS09520","SP5448_RS08515","SP5448_RS08520","SP5448_RS09560"
"SPYO_As_1 (GE) - TPM",-0.542799840605631,0.119593388867026,1.365720448076,-0.317763678534697,-0.380546000724388,0.514707238258616,-0.27535166843017,0.717709582100278,-0.322469938689079,-0.226709431089505,0.844387056476287,0.441347216827063,0.00457070910913949,1.26631001006892,0.244402061061094,1.04366046884057,0.630671806409307,0.410709176026076,-0.338376457501014,1.79137358909023,0.301803001074594,-0.456646164204867,-0.594576866313855,0.178430999644924,-1.03089480966043,0.600273014680041,-0.686095085018016,-1.39603947855485,-0.224430188026179,1.39658817818302,-0.380411601557593,0.658508164306958,-0.92502471084357,-0.563036178501495,-0.131609032771262,-0.180515122361226,-0.161430633964418,-0.510352338033841,0.0369321130041794,-0.394853621365325,0.97518322496025,-0.232592565709577,-0.266590707186575,0.681399991638459,0.765422672012435,-0.345970804520974,0.60571245129588,-0.226759395602507,0.978968759640384,-0.304530799052383,-0.387771338904236,-0.261335008938193,0.362478012675531,0.76291133878374,2.33351713212046,-0.309925557639313,0.593826116826678,1.51266366254317,0.224244256462606,0.0287685119184268,0.38720753467917,0.341769604499776,-0.340502552721296,0.406220790610646,0.910855353522641,0.00968794801318501,-1.3134323716419,-0.166666666666667,0.546859023054936,-0.174319935949862,1.7505226454352,0.00233752804766914,-0.25744015236852,-0.370424363206895,0.223374372189713,-0.198501210322058,-0.709205810323095,0.482931756135358,0.192434293536656,-0.161519465833906,-0.713463261033011,0.290586457946332,0.0107035534185258,-0.360006944981917,0.859585475849591,-0.203618406263776,-0.498821928232261,-0.699331795651865,2.22716951285073,1.15330717226194,0.618246073240749,-0.0999165380945787,2.0019497687447,-0.639940523531111,1.86080871873054,-0.395007043901655,0.0412136550535227,0.86026117185645,0.436950570660216,-0.623011586092049,-0.447994327842733,-0.595539564124706,-0.166666666666667
"SPYO_As_2 (GE) - TPM",-0.991882691469444,0.509286623884282,0.426045610251271,0.491278843334713,0.508085881359073,0.253413658276055,-0.0260162616929191,1.36220926360266,-0.322469938689079,-0.226709431089505,-0.657400676278584,0.622906023506755,-0.777216930472422,0.295446528219881,1.90287102184766,2.53028213937842,5.20469987627338,1.6278632966067,0.416603074869504,-0.380948157764806,0.896516861640379,-0.422925994126847,-1.11913854420994,0.620137720529847,-0.872977630259852,0.598795731931025,0.442719515768349,0.77110734648382,-1.00467018013591,-0.567171765859051,-0.355597108221092,-0.288422470646444,-0.295454537765721,0.968166909593481,0.72274306108199,0.913180489409788,1.21523766865727,-0.532691326322448,-0.432788795978627,0.809487962220942,-0.250870410215859,-0.441020938191869,-0.00683381180561001,0.409970412640642,0.413423208303802,-0.0639988826935664,-0.734056109532963,1.46350972362307,-0.935810731914482,-0.70279503532161,0.25332674834199,-0.212042615125664,2.27852120553754,1.32592795274585,-0.0112628736177072,-0.566807797768885,-0.174815127673837,0.150965882667461,0.701846255526195,1.51454620391939,1.28011692980153,-0.961087333534717,1.25331497634378,-0.745487557507272,0.517308432411389,1.70151718872295,-0.985075941202507,-0.166666666666667,-0.986050660390375,0.273334390144852,-0.999915103960371,0.528981834713976,-0.340963454815861,1.95355312226463,-0.416122442677569,-0.796668201487298,0.97761811977656,-0.920410823829932,0.712556661505869,-0.639456748563156,0.686289882819058,-0.314736442495147,-0.430344296318892,-0.360006944981917,0.551589669113963,-1.83659964292497,-0.498821928232261,2.37126741974732,2.10694252159807,1.45349536376459,2.92881340977639,0.297073468837332,1.05423985853401,-0.639940523531111,0.149423498400071,3.04622225573755,-0.246504619626881,0.423360372346458,0.395704075211015,1.23215073597256,1.51075258453224,0.754666301647385,-0.166666666666667
"SPYO_As_3 (GE) - TPM",3.69162672596249,-0.179478162842872,0.0861373890547506,-0.257832907476611,-0.380546000724388,-1.25979748578779,-1.04407186033073,0.878560623565809,-0.322469938689079,-0.226709431089505,2.23367932734112,-1.43722972073151,-0.886275393016801,0.285996439114569,2.18885588297672,0.324564303333366,-0.38133111107987,0.725923098206929,0.213556673430579,0.122648083970843,-0.382203996961925,-0.722639661624576,-0.680016408580424,-0.284421664974084,-1.01621889487157,-0.226751328954334,-0.609470657987397,-0.321859606965629,0.713175809835178,0.617451150619808,0.301364587226133,-0.968010337282388,-0.761129329848278,1.01741705111165,-0.486472262878669,-0.928107695180521,-0.350160967650547,0.0191042570901509,0.731721747254259,-0.394853621365325,0.363858026951069,0.377655442244598,0.613749971382484,0.98690309631546,-0.592283587008385,-0.455951570373063,-0.307490418521655,0.800519654916025,0.917870573904285,-1.03609274184123,-0.298714021824243,0.815366969619212,0.350738328370403,2.39947698036812,0.47950974661212,0.285162797574067,0.525553614523885,0.977227987127987,-1.03666460567115,-0.319458653025089,-0.335183848545687,0.351902112674567,1.75946170010458,0.28932306605287,0.707709701058745,-0.00768594936278202,-0.319085816577091,-0.166666666666667,-0.541972930696545,0.736253269717627,0.434308122736722,2.08451077493775,0.96714257438813,0.11104423324058,0.567178611557971,-0.25808706110967,-0.709205810323095,-0.392474708881056,0.46677259006108,-0.0209896580874719,-0.393905379406439,0.212979766792481,-1.73481420020841,-0.360006944981917,0.474278418678973,1.18375339712213,1.4004220964212,0.692443097913964,1.60122569880502,0.344702296260622,0.780243936271794,1.95623532762211,-0.532599778768736,-0.110598208489331,-0.607491353533363,-0.395007043901655,-0.243264873341357,0.931258555348054,-0.616166676177145,1.44003477352078,-0.532145446877555,-0.129706351229465,-0.166666666666667
"SPYO_Bs_1 (GE) - TPM",0.908773253381635,-0.23962745523874,-1.06782097097258,0.466157283331607,-0.380546000724388,0.117031708577596,0.334549727199216,1.2043590038746,0.95265212185097,-0.226709431089505,0.0572393220601474,-0.213602498399543,-0.123717262242354,-0.343633552168808,-0.666823110989761,0.275396810082518,-0.38133111107987,-1.00587196573917,1.28792709211685,-0.0560934250851732,0.788412743701303,0.255474954904124,-1.55304334397576,0.103303172920564,-0.372805244635147,-0.782362373196123,0.254135737518647,-0.6732636236532,-0.249878356505892,-0.0615458815602561,-0.0711849046040971,0.362770447229381,-0.501032640580484,-0.443487039551553,0.965420580386432,0.620529227734887,0.467075181290704,0.0543042540965829,-0.307929759523996,-0.394853621365325,1.22280635143547,-0.22214522124691,-1.01480873725563,-0.738266310528448,0.151504916023092,-1.05392150667395,-1.00063508412623,0.517870506418184,0.197972570750843,0.429886207491993,-0.730460761551791,0.200006542755183,-0.324494678912279,-0.13800101160548,0.00950972771258815,0.783661273458415,-0.0585603669436094,-0.480482658792267,0.495303611188904,-0.378605004754164,-0.307981819149318,-0.0694992448063962,1.70128314223735,-0.213035765153865,0.988373534877473,-0.596958913761459,-0.806102209236708,5.83333333333333,-0.831580600519806,-1.11951963209112,-0.00214136801232837,-0.0676927200356181,0.617729054462051,0.589792421286629,-0.521311149781918,-0.458933806884052,-0.570629677338002,-0.384463464466254,-0.38215417304805,-0.243896503993581,-0.318115730651444,-0.946669574790451,0.00555936658388527,-0.360006944981917,0.47713121175009,-1.25760642258908,-0.498821928232261,-0.982836380308957,-1.47413543054727,-0.380891053944477,-1.27237212325219,-1.06181533929484,-1.13569210863166,-0.363747189981546,-0.607491353533363,-0.395007043901655,-0.0346558072892657,-0.394287540269992,-1.24401350301758,-0.661357273866536,-0.206713739648562,0.0404599760690132,-0.166666666666667
"SPYO_Bs_2 (GE) - TPM",0.0293174071768179,0.739148486252011,-0.784723478461958,0.909361789631162,-0.380546000724388,-0.414750247992442,0.141690207527166,-0.518560536233451,2.2933973372539,-0.226709431089505,-0.258477157541616,-1.7566941385338,-1.32630548617232,-0.937389291396202,0.833250444292152,-0.555413945999842,-0.38133111107987,-1.2706676146392,-0.400446587504274,0.572883535120818,0.319269266240073,-0.199886918705241,-0.77304783686205,-0.947417119321043,-0.995487381604465,0.00854485727787197,-0.305236591114647,0.112414143952798,-0.230455973524809,0.277644600255819,-0.368494361323904,-0.73251258271107,0.069886181870563,-0.0122973242527751,-0.710155789213031,-0.029423611051337,0.222319289199675,-0.270174482489223,0.70970062004818,-0.394853621365325,1.2162408860263,0.313746648398047,0.417435866342882,-1.51166494931655,-0.657723340324368,-0.112682007349478,-1.12482387623783,0.750138316807102,0.538684679241274,-0.127961881752139,-0.52635600147333,0.215757593697304,-0.348774260369949,-0.199813391945214,1.68486051565611,0.520180839545855,0.249743677017556,0.668314795164148,0.115023362394501,-0.26194010606115,0.161485452525577,0.0515491560229792,-0.341659330388703,-0.767055143791207,0.774257848901051,0.674431444113613,-0.882628214849816,-0.166666666666667,-0.774790793937291,-0.320874774666754,-0.317616067066466,-0.474269620407207,0.0939410812834379,0.170653714200091,-0.303809978704277,0.16238029155983,-0.519683158281631,-0.24090950515661,-0.659273358483182,-0.863599060502884,-0.764828218472972,-0.706114219986923,-0.481404261905037,-0.360006944981917,-0.791932248444071,-0.377965334946886,-0.272941405419994,-1.19745255449988,-2.40981508806269,-0.984966152257292,-0.701162653369398,-0.367071318911326,-0.958977439359874,-0.451073610479511,1.09336796324143,-0.395007043901655,-0.126291297518144,-0.520819891997415,-1.05980929700328,-0.283000670561064,0.84630319623029,0.280383113194721,-0.166666666666667
"SPYO_Bs_3 (GE) - TPM",0.662286885247245,-0.0871025321898009,-0.81805162111308,0.690118120217538,-0.143346448712435,-0.658206297718836,0.273008915165641,-0.292772295749055,-0.322469938689079,-0.226709431089505,0.79182823951711,-0.544518118634798,-0.813234992177533,-1.35046512292387,-0.523167309037887,-0.634304087721284,0.364199222062276,-0.996994608996676,0.168682839456043,0.75342436656684,1.01985996887652,-0.0888604778130545,-1.27664121267664,-0.398733539912968,-0.85563412642279,-0.102866205161664,-0.733155819157663,-0.511061235919381,0.259875264686223,0.0641449754241776,0.0881179896576248,-0.341460755474726,-0.161819799069849,-0.643332083367529,-0.312565051129446,0.115701887396955,-0.14276709011202,0.0672709091699593,-0.111142865676128,-0.394853621365325,1.25935672754871,-0.285028161258404,-1.29985097966867,-1.13370873150763,-1.09717513057447,-0.72566256549883,-0.255276903581091,-0.418208327760747,0.462620545496508,0.0565562889876949,-0.324717201790607,-0.233427508219429,-0.887389178577351,-0.303453557166929,-0.00972957313448304,0.43559460899942,-0.309213771769191,-1.29778717154834,-0.392796707299548,-0.0868898413063624,-0.0209744338927704,0.545240423521711,0.0330631615384944,-0.68035652917488,0.451278112871742,0.255475487141559,-0.586564320149125,-0.166666666666667,-0.986050660390375,-0.526329147211362,-0.189429387965971,-0.741884656021633,-0.24992229764257,-0.376910399570962,-1.1499657113846,-0.993704083952119,0.191310789117958,-0.376737155786642,-0.470785174840492,-0.611893261150934,-1.06397541148808,-0.737710008320389,-0.38918745979897,-0.360006944981917,0.256755104530593,-1.1258906668845,-0.498821928232261,-0.611388930165438,-1.02868850758738,-0.466723406595179,-0.735038878499255,-0.733784223663522,-1.35491278379331,-0.191240093818987,-0.607491353533363,3.27921650678883,0.167661636848666,-0.713211662119359,-0.716067525543563,-0.758689900054126,0.0978943300110971,-0.358911355210985,-0.166666666666667
"SPYO_Ctrl_1 (GE) - TPM",-0.202977222895226,-0.0593296229262492,0.277643217730878,0.411116617299738,-0.380546000724388,0.723695969058474,1.67421047518092,-0.493843114949058,-0.322469938689079,-0.226709431089505,-0.63051919384957,-0.80727658271499,-0.466792226535829,-1.31294839006073,-0.896823939752537,-0.205632265389995,-0.38133111107987,-0.103121765023539,1.86557366838887,-1.43768263145177,-1.05562137713802,-0.891702105607825,0.291400837198241,-1.21684166717875,-1.15900331765307,0.233813288397346,-1.19648394800769,0.44429212408913,-0.456410013490383,0.788239306964143,0.0294057430445665,0.445196229353106,-0.219513575359766,-1.1344122312114,-0.202267252476949,0.337347199780207,-0.969946291530117,-0.789460347585991,-0.0753103969943182,-0.394853621365325,-0.291792290454269,-0.993230957405853,1.16319668068357,-1.44314927009962,-1.04178030703037,0.0446504197254981,1.53900471144049,0.442407558866193,-0.977910891760758,-0.580592831902438,0.397238702580686,1.31073629902227,-0.284916593010812,1.36310332908534,-0.457754587883466,3.3530912464024,-0.811934288969283,0.419404447370145,-0.352998689753523,0.527622353510518,-0.543074452309872,0.746984150870801,1.9323258900235,-0.270022813532016,0.246178762516931,-0.576122353120255,-0.551276168740763,-0.166666666666667,-0.986050660390375,-1.08786118089266,-0.516744709395265,0.0611325454869745,0.683771397174147,1.83190807942123,-0.080487174812079,-0.289730181153727,-0.709205810323095,-0.197637388919977,0.583344886182466,0.896880144240665,0.0848381543753984,0.839036256090918,-0.205005796388506,-0.360006944981917,-0.32222142822914,0.0882522136572483,-0.498821928232261,0.40448941497607,-1.02091880862146,0.214177452458208,-0.13299712030058,-0.630922596523002,-0.522812492119075,0.162536654762496,-0.607491353533363,-0.395007043901655,0.0743775500439155,0.949653892186262,-0.0382315944969638,1.59785462760874,0.829782786656164,0.0383874552806541,-0.166666666666667
"SPYO_Ctrl_2 (GE) - TPM",1.47225318442,-0.420022200255799,-0.163021107858031,-0.60339365866812,-0.380546000724388,-0.200432351833952,-0.197154237472231,-0.761078247611391,-0.322469938689079,-0.226709431089505,-0.554462660587795,0.540133131795949,-0.557070765443872,-0.825538559517692,0.0665535225451413,0.387119262832598,1.32725386898104,-0.667254623182736,-0.4565366160619,-0.908055443058089,-0.119056860633107,-0.810532262333772,-0.0851776214399907,-0.177740558923103,-0.194896461797946,-0.609051995479838,-0.531479434564378,-0.368232837606614,-0.214293210504197,-0.983447432879116,-0.554753743617203,0.0151787007784884,-1.52154907694734,-0.410912926873711,-0.200456973445084,-0.183305423508741,-0.386098217142128,-0.318236653484187,0.0600457053853801,0.433976343933738,-0.325417649651655,-0.127366150386033,0.410391764412777,-0.57047950706608,-1.05515028770964,-0.63901116914876,-0.0557679811224523,-0.205312187397886,0.909178407525124,-0.609938655155641,0.0707112665767005,0.159154240153652,-0.955940377467522,-0.214833349379165,0.821160962562796,0.233250362387694,1.30948289413036,0.928863893779729,-0.365125832710117,-0.21038748113508,0.0619222205212932,-0.737911570674008,-1.5349920851025,-0.88727015185162,0.00701791967774123,-0.581854356582537,-1.59080006929388,-0.166666666666667,0.415805641086005,-0.437824024135199,-0.187281665986563,-1.41024547395275,0.336236142069082,-0.735846668995097,-1.6307447949157,0.731184301892835,0.0647109579482341,-0.685546459152168,0.250985247948421,0.260891950618983,0.14264765330864,0.460857927395737,-0.935092227352509,-0.360006944981917,-0.153684124140521,-0.104761344625626,-0.498821928232261,0.233803651419785,-0.550540849469604,-0.23322610850628,0.750078026857067,0.208953454836629,2.16724743345277,-0.254320995312173,0.0870554640221671,-0.395007043901655,-0.400467963040278,-0.794480194756625,1.44646132704582,0.637180280763331,-0.82240023135868,-0.757409519090355,-0.166666666666667
"SPYO_Ctrl_3 (GE) - TPM",-0.599765715453534,0.0935516715874504,1.3440659452918,-0.0194260753041334,0.252014401794145,0.887533811017679,-0.647992973090877,-0.499441155245478,-0.322469938689079,2.52271996646071,-1.05485243879982,-0.366426908167795,-0.911645294350071,-0.129110329894504,-0.564669870495723,1.22156143691775,-0.38133111107987,-0.158115464871978,0.242883085144008,0.358383805952179,0.482549792071313,-0.894837707893402,0.0747576976699547,-1.32648898816317,0.38721040483443,-0.197810613830961,-0.752705042842513,-1.02494466526387,-1.00467018013591,-0.84679466069096,0.454495037421254,-0.233772824920349,-0.980852687621563,0.237555517475303,0.727434785193043,-0.0487321607339451,0.285087773197239,-0.241127842121379,-0.49941377093506,-0.394853621365325,0.275551336001393,-1.05940525858961,0.86984340720913,-0.579456745556075,-0.360957979258494,-0.738422592449927,0.6700600409773,0.0683239508210062,0.673225264383144,0.539045867235485,0.504618310966628,0.212261487345188,1.00898303610032,0.43144977709968,0.281855823394809,-0.160963934345369,-0.622536602210487,-0.816963451551801,-0.0676300890139174,0.587341070182299,0.414014189538158,0.133302514862917,-0.719119958645362,-0.39397794921535,2.17820534362072,0.0782698791916575,-1.6090325260267,-0.166666666666667,-0.874512238442939,-0.811710823232728,0.68116742267764,-1.76036358121635,1.29939280144895,-0.735846668995097,-0.252409430786992,-0.63169476187803,-0.308958326087703,-0.296203694800115,0.0645194825847643,-0.17718954982458,-0.0820548491747341,0.464940451645351,-0.642270161566722,-0.360006944981917,-0.564812176976951,-0.618168221198786,-0.498821928232261,-0.868076098590454,-1.12598246480713,0.0329879241334457,-0.310491055005239,0.507668376641221,0.864926668368453,-0.639940523531111,2.98450493750684,-0.395007043901655,-0.635019312919319,-0.794480194756625,1.20225263520804,-0.104132774098444,-0.661401559923067,-0.273829090664131,-0.166666666666667
"SPYO_Li_1 (GE) - TPM",0.183230403088119,0.0920313769641647,0.123946066512447,1.34450748404307,-0.380546000724388,-0.585010897289722,0.00688073729062585,-0.350702781834806,-0.322469938689079,-0.226709431089505,-1.0790306983873,0.384860435119198,0.0709889221777071,-0.764246877775143,-0.399117108118605,-0.0332528406544926,-0.38133111107987,0.194530368582596,-0.943826088463017,-0.57255402417963,-1.24535076613272,0.945039479257253,0.685566906254084,0.026426850085277,-0.964514802686195,-0.69131768881268,-0.574899763705662,-0.721665267708378,-0.800505129114811,0.608286990940476,1.26559633890888,1.05581265467692,-0.381672904676851,0.173815293766207,-1.01781511202328,-0.449197054525357,0.400987658348612,-0.789460347585991,-1.12141765316929,-0.394853621365325,-0.0833647801371919,0.797872867182749,-1.58143906785334,-0.275051651619365,0.789071394843584,-1.38066772872966,0.425067905732138,-0.797643931730326,-0.211930218626756,0.462213117199421,-1.47803165796055,-1.28094492234473,-1.37500035603945,-1.01942617434912,-0.372413991281852,0.518764807312971,0.62881790775505,-0.905210646023506,-0.412681087142174,-0.481756469311504,-0.121901585150137,-1.19991961535694,1.14901928904287,0.928025612815798,-1.26595284097539,0.248015695008074,-0.828249106977067,-0.166666666666667,0.0167388240759754,-1.06597233510901,-0.280209283701905,-1.21772215309369,-0.800858176312409,-0.735846668995097,-0.374735278760447,-0.699497300881986,-0.109466334881166,-0.343215419576152,2.04310678885699,1.84828777085214,0.467937886405112,1.54261284926983,0.00456575009018234,-0.360006944981917,1.40078671958593,0.962924164955452,-0.498821928232261,-0.542502457784615,0.654914820856837,-0.487205583534186,-0.519256619734709,-0.12575197083493,-0.488049967953682,-0.639940523531111,-0.607491353533363,-0.395007043901655,-0.350431334088782,-0.794480194756625,-0.176136285824089,-0.0414914865296203,0.410508024408665,0.177730374675686,-0.166666666666667
"SPYO_Li_2 (GE) - TPM",0.443830454068223,0.314134947386516,-0.0106417493938942,0.258724935795304,1.16350903181537,-0.188756823381262,0.990332614295497,-0.872387132308978,-0.322469938689079,-0.226709431089505,-0.257221835278166,-1.34632074130298,-1.00500887156224,0.15066547701663,1.3328073161841,-0.92946310078256,0.697123113038628,-0.00199572126508983,-0.963892474511841,-0.930590946866514,0.389392202697565,0.441876768375425,-0.268152032874844,0.0198700954298684,-0.821462401167099,-0.237004254065528,-0.386494328962145,-0.286579328523226,0.242539339999244,-0.896099302823785,-0.836812559555005,-0.3942607446198,0.838537853795453,0.996718197928633,-0.266262481045132,0.413508218096542,-0.354826946892107,-0.417666444075439,1.54404999068497,-0.394853621365325,1.98844000652802,0.285946713188196,0.371772950565627,0.537109335696552,0.281582759610983,-0.159877389653139,-0.794217772624063,-0.997953983396675,0.289789444521054,-0.78568058103496,1.73985602298589,-0.336929085517394,-0.316962251181827,-0.502771145757086,-0.824825317563483,0.509595624749064,-0.217101335880229,0.656101279132436,-0.0865516811936875,0.161788505101868,-0.720293826935458,-0.42795354692676,0.614887069433779,-0.959192802990339,-0.785223412738854,0.419426078535735,-0.432198086882484,-0.166666666666667,0.511384264602592,0.219687207261506,-0.70681108653298,-0.213408357380898,-0.700386698309325,-0.735846668995097,0.365550531025788,0.0913990321798338,-0.709205810323095,-0.522191473121692,1.8625847377757,-0.574981579836122,-0.448530047160496,-0.515511945208211,1.96322845393318,-0.360006944981917,0.286177261080258,2.53807568195093,-0.498821928232261,0.788122724189307,0.690506807184027,-0.42658825548162,-0.717440057699668,1.16598423207126,-0.855474020239019,-0.639940523531111,0.269300795663977,-0.395007043901655,0.34368415826262,-0.441800812751269,-1.42616866115256,-1.14370414827886,0.28314266658849,-0.75793936406615,-0.166666666666667
"SPYO_Li_3 (GE) - TPM",0.845024071094373,-0.0978581710040518,-0.446191152879718,-0.624335729804525,-0.380546000724388,-0.570672997646442,-0.19742357227128,-0.630435168315191,-0.322469938689079,-0.226709431089505,0.118214755565832,-1.18495923240835,-1.01598924193091,-0.737553513576781,-0.896823939752537,0.895651417393145,0.308576850041682,-0.492849770046368,-0.536086178630434,-0.138452640050276,-1.06295299385118,-0.599253393527087,0.629155171472253,-0.842639320140992,-0.468660327735589,-0.862013373373816,0.601078510590554,-1.09315038848333,-0.15361527096041,-0.469726747788694,-0.058550454306705,-0.79615300970998,0.153797431771402,-0.550129991448206,-0.46010865770342,0.249889783396716,-0.497421742283619,0.542464532597319,-0.12501973739885,-0.394853621365325,1.74961582047047,2.95889211037305,-0.909339694498526,-0.407218280705796,-1.38524219344028,-1.34505010809132,0.137989923489111,-0.0769334462317494,-1.34928266979394,-0.164245577800167,-1.20494214721058,-0.638455584443901,-0.359729292495811,-0.294460419946039,0.358386156754713,-0.696566014256154,-0.942214985772494,-0.599093877928782,-1.04038698038563,-1.25072150995192,-0.407142415343116,-0.375969247295417,-0.467044033476102,-0.662211457518585,-1.36690787498359,-1.17470658588917,-0.438123324504935,-0.166666666666667,-0.289368483210087,-0.708661773343436,-0.0623936469678801,-0.912120366800245,-0.550393262686843,-0.735846668995097,-1.3137348486219,0.432138891554848,0.540790754874705,-0.158931841261821,1.78805663830597,-0.744881516875403,0.754698788489246,-0.361845288643612,1.27718840109876,-0.360006944981917,0.730601966918809,0.307681734228745,-0.498821928232261,-0.495369459523599,1.05582792743333,-1.51439328618101,-0.321969633954146,-0.72669446831562,-0.573584146951568,-0.639940523531111,-0.607491353533363,-0.395007043901655,0.30166916819215,-0.343248593530418,-1.09428993714443,-0.158354618102993,0.07595086404361,-0.159017029519307,-0.166666666666667
"SPYO_Mig_1 (GE) - TPM",-0.991882691469444,0.315565551535427,-1.2808906768273,-1.28099456423372,-0.380546000724388,-1.32924060029868,-1.37199604243318,1.15873371078545,-0.322469938689079,-0.226709431089505,-1.63738294996158,0.563824428568147,-0.56346145921776,0.139078840162456,1.25864719187662,-1.4748697880448,-0.38133111107987,-1.42576151287322,-0.293235538514029,-1.36530547841599,-0.798162685704794,0.218426477700512,-0.969310911584233,3.34667648693945,2.09297641092785,-0.308188235616677,-0.289400658949898,0.169543660985703,-0.65099058770325,-1.25801084989909,-0.372217794243523,-1.09500689044312,-1.0799259552482,-0.486906170316615,-0.428836603282816,-1.36473377675674,0.234873117606616,-0.47316405385342,-1.20449104224747,-0.394853621365325,-1.15559528777343,-1.11598195110517,-0.983902348028728,-0.615943861989918,0.83041138414645,-0.095427591086789,-0.811919401629525,-0.380956231441775,-1.00666691557644,0.221748285298718,-0.282898639262534,0.605612071701166,-1.37500035603945,-0.851866084947331,-0.776694095383763,1.03192918283453,0.358097660049804,-0.102726797443221,1.23747301389388,-0.475180371559427,-0.360425431560081,-0.11791578338836,-0.155291023616239,-0.449557751959948,-1.03172175398862,-1.40888506889363,0.478213219986391,-0.166666666666667,1.61968064159559,0.961374369964316,-0.999915103960371,1.99975497228488,-1.7268064196774,2.57704202262147,-1.94186052630465,0.322802230780599,-0.709205810323095,-0.114177795628444,1.09141953854508,-1.04655812628807,-0.0677267832877477,-0.948831975974681,0.188557075476721,-0.360006944981917,1.36948611283972,0.347705482353825,-0.498821928232261,-0.449950274053848,-0.08872071137222,-0.57833387818456,-1.16518770115705,-0.54117346156558,-0.750908047902355,1.43075378267028,-0.607491353533363,-0.395007043901655,2.32049550169194,-0.0443927111850502,0.239839017125531,-1.60017740053124,-0.207222461183611,0.523763505796408,-0.166666666666667
"SPYO_Mig_2 (GE) - TPM",-0.0645884731987189,0.167293836362043,-0.890167606224824,-1.28099456423372,-0.380546000724388,-1.06957617586686,-1.1040380523452,-0.372176222348297,4.03228623464801,-0.226709431089505,-0.697359288895397,0.798597325321993,2.02584873736598,0.402453404880123,-0.111332449632209,0.266022641395993,-0.38133111107987,-1.37186488607764,-0.430137693795518,-0.954182101480386,-0.0888871896838189,0.81946808971662,0.410442785688869,-0.0254942989011159,0.0905185922305511,-0.120875471441985,2.00275762242088,1.42248682152427,-0.68245256156375,-1.56321394668763,-1.4991376085813,-0.189815137122994,-0.89154956993799,-1.1344122312114,0.0818775991367371,-0.0309619354650204,-0.30072747405712,0.0750190347746759,0.706876043610116,-0.394853621365325,1.55195183848385,-1.30019446350291,0.821979549514001,-0.534004521926696,0.229603864130759,2.86975015029187,0.682333874335517,-1.19581563162435,2.57281541169547,-0.980015481870824,0.332948022845937,-1.53840910127269,1.18760926248079,-0.706571620208653,-1.28970222027096,-1.16638415954004,-0.481821978295249,0.376170790376432,0.263582029949274,0.445291903803668,-1.4431234602357,-1.04819193543933,-1.25218347520154,-1.57430339867733,-0.723340438865157,-1.21970194484698,-1.21143411543966,-0.166666666666667,2.70673787220085,0.773674530749251,-0.999915103960371,-0.0475471340414912,-0.845266252155419,-0.735846668995097,-0.800351138267462,-1.18545096450561,4.02340206373494,-1.19932949303631,0.461158614656837,0.780924779022334,-0.227181653273859,-0.635264471569142,0.983356151878606,-0.360006944981917,1.80728200879674,0.830963292148496,-0.498821928232261,-0.557735553708387,0.332668899927889,-1.35015952990045,-0.36983062405284,-1.47860253221082,-0.268687768682685,1.24655279590868,-0.607491353533363,-0.395007043901655,-0.297560138050159,-0.452798899370827,0.0283920156271709,-0.135262638003601,0.462497603197492,0.689256391315129,-0.166666666666667
"SPYO_Mig_3 (GE) - TPM",-0.991882691469444,-1.35123005823829,1.74760943111491,-1.28099456423372,5.02760397784906,-1.80617095171472,-0.297231164426164,0.565831478488137,-0.322469938689079,-0.226709431089505,-0.932554106662216,-0.445488766783849,-0.576965764148409,1.8566320659765,-0.896823939752537,0.0174337144001342,-0.38133111107987,-0.5018102081216,-1.8322202982703,0.697641118273377,-1.94283203863893,-0.746162289767962,-1.10988295940389,-0.0452365025162144,0.495569933831836,-1.01853067292403,2.6791465939182,-1.93862861282713,4.23744567393732,-1.81855334297701,-1.4991376085813,-1.09500689044312,0.932316328918482,-1.1344122312114,-1.82207686532665,-1.36473377675674,-1.60308705313084,-0.789460347585991,-1.74211388445419,-0.394853621365325,-1.15559528777343,1.24663195785404,-1.23348828004058,-1.06090223498502,-0.290587314215552,1.06363610062068,-1.75687725845259,-1.87754432123685,0.257650474101203,-0.373393756925752,-0.925399847823207,-0.774342756711793,-1.37500035603945,-1.24823277610659,-1.58384054494187,-0.553089065997253,-1.39391211140896,-1.13060521336792,0.00466637457479868,-1.71802159512259,1.51413129812523,1.06724647993811,-1.73056456847308,0.891249663335205,-1.87299317845283,0.286006083893995,-1.3847295550171,-0.166666666666667,-0.986050660390375,-1.99649729951495,-0.999915103960371,-0.5992975635914,-0.312284264173751,-0.735846668995097,0.637454108858812,1.93260726101376,-0.709205810323095,-1.30810114586546,0.135500280054131,2.66982660853416,0.575159854637844,0.0587966612514461,-0.21522889030447,-0.360006944981917,1.32008842197335,1.01259802741509,-0.498821928232261,-1.0629873463635,0.359576376896056,-0.854290177230616,-1.60157149172748,-1.47860253221082,-1.27455046871427,-0.639940523531111,-0.607491353533363,-0.395007043901655,-0.299223073869052,-0.794480194756625,-0.586901557286506,0.87300704686643,-1.60117662132258,1.51581233672463,-0.166666666666667
"SPYO_Nd_1 (GE) - TPM",-0.289287477863059,-0.775950066912545,-0.326317429977315,-1.28099456423372,1.13068300572336,-0.124594061733394,0.0835804302334742,-0.0137001084008617,-0.322469938689079,-0.226709431089505,-0.54493875014515,1.51386090873767,-0.523227621602671,0.11774041046672,0.888637082274017,0.287829896025045,-0.38133111107987,-0.376431725093021,0.929849084985022,0.423107810265762,0.20811911062834,2.16288554777633,1.07385926116914,-0.561156820581894,1.62309222987013,-0.402660251484406,-1.11481838884578,-1.21101130916488,0.704301863733964,1.27690842645623,0.0566486368589526,-0.923544753345772,-0.00590806977811558,0.0947337018613462,1.54397634865749,-0.691016134880866,0.229496799480875,-0.571126524313874,0.855667913254465,-0.394853621365325,0.895867573617431,1.19685204350818,-0.283361900725531,2.37244171687843,-0.620528653850362,0.807467096565208,-0.343586694912713,-1.6192771472958,0.606693313572132,-0.797347395937204,-0.875719116136567,-0.310345414110717,-0.598341895211047,-0.701022727816263,-1.36097689006607,0.375843375581403,-0.702836777833301,0.188498393643773,-0.564382884134998,-1.17396091398944,1.14945786106279,0.525923712922749,-0.280719375618623,-0.665209213718492,0.740224382929714,-1.01438814127573,0.84278865813598,-0.166666666666667,-0.58634156270046,0.745837722527859,-0.569605998380125,-0.138148358948428,0.636369601215131,-0.735846668995097,1.37359882621156,0.417442054052335,0.00795764731937024,1.49399014254246,1.34774474145112,2.41507442785729,-0.468231260235748,-1.06575293845283,0.336376220075778,-0.360006944981917,1.391042770919,-1.19141802843088,2.92015211378601,0.5130040239612,-0.108944601256029,1.69454740316204,-0.871201000109687,1.97254926573526,0.183670948726721,-0.639940523531111,0.679736465828448,-0.395007043901655,-1.32817917381326,-0.794480194756625,0.214249664417929,-0.448351579245658,0.202990155799715,-0.550867870362183,-0.166666666666667
"SPYO_Nd_2 (GE) - TPM",-0.991882691469444,-0.395171224445689,-0.0266054818789827,0.388646840236556,0.45662538431926,0.179266568521263,1.06499585990771,0.849469114745152,-0.322469938689079,-0.226709431089505,0.357972562303216,1.6496378971035,0.385474953502473,-0.726290375476908,1.74074123976109,2.3607881382064,-0.38133111107987,-0.905731577206344,1.34567138616746,0.0356168865340417,0.48891593075839,1.19124743017007,-0.953613962871167,-0.144192429372611,2.93593043788445,0.438708563462694,-0.850273795383846,-0.0576065291851406,-0.193200563213578,-0.103768881444173,1.0864263018752,0.42474366087089,1.09929398527977,-0.639207431580432,0.841756364887854,0.128136276058502,0.271112542502691,-0.305661192036025,-0.508611553303886,-0.394853621365325,-0.303262849237931,-0.441654695326299,-0.685778353864588,0.847037513282675,-0.0296381586004254,-0.0873638764599142,0.652097187420917,0.840815271779103,0.544817734196838,-0.144290425142146,0.205287858003593,-0.655852578646462,-0.0842702870122719,0.87372236467199,0.144587798696769,-0.0206501113207957,-1.39391211140896,-1.34406736134539,-1.15265552481186,0.0921855808175858,-0.255914576462375,-0.521123385078054,-1.32898118729014,1.28507674415808,-0.264507666410061,0.279136975749364,0.0683460172637516,-0.166666666666667,1.0067811063719,-1.08767482869521,-0.999915103960371,-1.04144028927825,1.11521550210947,0.530981921304134,0.134359207942486,-0.305829891669657,-0.709205810323095,-0.760242267677846,1.45029789803233,0.104020525673696,-0.626436127212584,1.26670749925202,0.902937114009723,-0.360006944981917,1.2057858239662,-1.30457648942,-0.498821928232261,-0.178947929180714,0.205476759518147,1.17892762923245,0.0870890546469304,-0.164222782122164,1.25875264878159,0.943701424019251,-0.607491353533363,-0.395007043901655,-1.01731077699725,-0.220822364499325,1.39010401971392,-0.625664704188253,-1.20139689416915,-0.734009875640195,-0.166666666666667
"SPYO_Nd_3 (GE) - TPM",-0.220020625170691,-0.719234857903162,-0.635478239378906,2.30604137817025,-0.380546000724388,0.944918508355529,0.668708324733733,0.138265482975958,-0.322469938689079,5.18540069058245,0.0644424084235583,1.99175260237774,0.970799934146944,-0.0658674963164372,-0.896823939752537,1.14262802036896,-0.38133111107987,-0.575968817653602,0.501913474832077,1.72926210721985,-0.0620711491496771,-0.799524504348818,0.448203770496382,-0.688316370058738,0.178534939063803,-0.580994865333329,-1.21206354971398,-0.27331400322552,-1.00467018013591,0.0943035589433012,-1.0718459180778,-0.153176397103214,2.03446812904884,-1.1344122312114,1.34755408352563,0.115541298694895,-1.29335581380758,-0.309742886381478,-0.519018309394249,-0.394853621365325,-0.592167608425645,1.89075423308201,-0.0749461911356127,0.49494103578572,0.462987619492604,0.904568220464235,1.1095033658323,0.676016641765171,-0.236318190347645,-1.03942690504248,1.38140488154308,-0.124846954130788,-0.0951598595906183,-0.346495892952872,0.986928482749413,-0.48075570617864,-0.255102399326856,-0.658674124434918,-0.144570949905463,0.534985916944176,-0.861518717974407,-0.986003699248248,-1.1332715865536,-0.0842934285600623,0.997854028592306,2.53777046265211,0.181453171352175,-0.166666666666667,-0.546935386052761,1.12652118332725,2.78194129181082,0.37821015670612,2.48902887425361,-0.107776334431592,-0.833328045674342,-0.909029685957377,-0.709205810323095,0.32160903617796,1.01700190636063,-0.285977124458712,0.518580701123508,-0.126764590745416,0.136134496409864,-0.360006944981917,1.59400268230811,-0.934749812201024,2.3182087583043,-1.47784773065393,0.0856325876927106,0.0974514304520716,0.638999824475703,2.31278845267375,0.490738932246844,-0.639940523531111,0.806640575426927,-0.395007043901655,-0.848732317496097,0.343155845527159,-0.0608061164802692,1.48275093938918,0.380857798636818,1.9362811826038,-0.166666666666667
"SPYO_Ns_1 (GE) - TPM",1.30660960600703,-0.22203651688453,0.135491338872937,-0.130661066034774,1.59700702794307,1.04889426313447,-1.00249607783045,-0.904856388777416,-0.322469938689079,-0.226709431089505,0.806128642636676,-0.00197666292729576,2.30190469057572,-1.00134425415233,-0.896823939752537,-0.617450372191186,-0.38133111107987,1.5123773335754,-0.581092704484982,1.51026283053719,-0.104676307284209,-0.433844949240122,-1.52571228569116,-1.43484539652434,0.880499546853835,0.351067690785685,-0.446875228275703,1.55255191217726,0.273223631411172,0.206765047338898,0.0277569530699037,-0.197524201389477,-0.636477466993125,1.20511768668334,0.0656625740552421,-0.923929518005609,1.71731646776789,0.0676566978591372,0.443205914225582,-0.394853621365325,-0.484473211342927,-0.193935368208328,0.581765214688903,0.202578290605779,-0.984968887483239,0.901505796522647,-0.618788978042474,-0.187737449761406,0.981503860343452,2.179787144821,0.313395073635361,-0.248096138506151,1.67394183345132,-0.174136576396191,2.0615756552443,-0.991790701625757,-0.0374286329660166,-0.0513797661278611,1.74105806516225,0.232966963670336,0.117518292529075,1.47497035484387,1.58958416212641,0.108535002939604,-0.733131454063899,-0.826188114328373,0.028989274168824,-0.166666666666667,0.0600461697349318,-0.87398295044447,1.25244789620482,-0.486691644527919,-1.22939578798348,0.760394578663792,-0.621441513700575,-0.324679591427514,1.16771524101016,-0.876719948617292,0.5026221960756,1.21834081183402,-0.605397914785398,0.405353726866165,1.98555288388505,-0.360006944981917,0.553206090912065,-0.20370308993244,-0.498821928232261,0.19899999781726,0.435851397219015,-0.102069761806965,-0.190640716798603,-0.631836961213325,-0.992389342588139,1.23048647892396,-0.607491353533363,-0.395007043901655,-0.730697087792959,0.560605274608701,-1.22787163917368,-0.394379135902341,0.130137871785687,0.84667623198125,-0.166666666666667
"SPYO_Ns_2 (GE) - TPM",0.139411250354509,0.0382131582181841,0.319100834753957,-0.269955005604258,-0.380546000724388,0.0331101809638884,-0.545740851786102,-1.20269658754637,-0.322469938689079,-0.226709431089505,-0.917918956567231,-1.32558601713279,0.194336213248593,0.310420210029753,-0.17810240602633,0.254328083442405,-0.38133111107987,-0.349934999660996,0.90463283854972,-0.435284207887267,-0.599886679694458,-0.510016253746476,0.667908565112108,0.440864493406606,0.485998040171433,-0.101142177518664,0.796960616590888,-0.767044987506418,0.960848598160511,1.45232985332691,-0.0900346425536357,-0.266760100176439,1.40139611128901,0.484873717950385,-1.04780547510208,0.194660901934676,-0.0142153961799862,-0.789460347585991,0.648089710926298,1.25406169126797,-0.329797067638292,0.342399538419223,2.44666522015646,-1.36202266351274,-0.153927521678141,-0.746071129232154,-0.881634782885877,1.96909279314595,0.283902910234703,1.04384465264744,0.487909804656185,1.79444794981839,0.813458576393084,1.83561109617668,2.00463113867259,1.2076220318053,0.831577967617889,2.47035486087012,0.169575073437776,-0.565642916120234,-0.203793700795788,-0.369147500369138,0.312113662986034,-0.711205135837857,0.698385407012652,1.06860594364961,0.190568796167334,-0.166666666666667,1.74923845992987,0.433880860424197,-0.307046614974435,-0.976753523305896,-0.0587009397240688,-0.735846668995097,1.19156888093682,-0.439661146844631,0.445545402407673,-0.180144095419249,0.362388376325139,-0.767868216115037,1.30256966242303,0.732227072334998,1.58830829874622,2.70767636826598,-0.468913230416741,1.31370258426902,-0.498821928232261,-0.853579585599478,-0.457171439296794,-1.03139021412908,-1.53526739169981,-0.610333397763214,-0.173279841877013,-0.639940523531111,-0.607491353533363,-0.395007043901655,-0.76968767185158,0.456067814060245,-1.22772439374227,-1.60017740053124,-0.0518403656490515,-0.325935756256842,-0.166666666666667
"SPYO_Ns_3 (GE) - TPM",-0.991882691469444,-1.05804157233776,0.761902302526679,0.639074125475656,-0.380546000724388,-1.1443708693923,-0.0456835839980595,-0.338541773363535,3.04070234429767,-0.226709431089505,-0.936237025080211,-1.16936197871289,-0.100975326700774,-0.316528783928622,-0.896823939752537,-0.956291712308814,-0.38133111107987,0.442055678662459,0.658280636708146,-1.00786194969639,-0.868982719759675,-0.0752944421589789,-0.831852959238832,-1.23694722542128,0.435066854043675,-0.314199397300746,-0.772012082061666,0.162721059724182,-0.00927726136924036,1.33661896590867,-1.10268838330184,1.00222819790241,0.100316539036991,-0.906620268640473,0.261020188425566,-0.334663593696618,0.695908457065524,-0.566914929430005,1.28404867335071,-0.394853621365325,-1.15559528777343,0.164357174408611,2.07797544090258,1.06027524450315,-1.07345633850552,-0.727041719531364,0.459357386527131,-0.561298966222535,-0.959030082768149,-1.06072267892442,0.0318097508413807,0.230650386499231,1.39573954740154,0.14618114332969,-0.107283456717358,0.135757470089597,-1.04170912559972,-0.733200029548579,-0.00120516574896996,0.876470406989166,-1.48641261705003,0.0716965497564378,-0.252752291157211,-1.60709133788502,0.790632574452578,-0.173454324879643,0.104280449241885,-0.166666666666667,0.236207442379152,-0.547570959784646,0.315913817409271,1.54665096437126,-0.173965398435504,0.429624146311851,0.923294465603955,-0.21811339414685,-0.709205810323095,-0.720071746301957,0.390117151924006,1.7761670091721,-0.252198815234244,0.7789751085876,1.96885652664288,1.58194235088086,-0.237548704999457,0.100862225744962,-0.498821928232261,-0.297574969580803,0.11657216193904,-1.28591576547111,0.438936966197286,-0.159456221987467,-0.87808806748367,-0.639940523531111,-0.607491353533363,-0.395007043901655,-0.0101694643051741,-0.00284019231816613,-1.29115053861944,-0.340748167922789,0.115194090175359,0.712326310875971,-0.166666666666667
"SPYO_Oss_1 (GE) - TPM",1.19561967069812,0.738399980081903,-0.57172664357003,0.0223221313181207,-0.380546000724388,-0.0433829304978874,0.166276867198336,0.486620390602103,-0.322469938689079,-0.226709431089505,1.23164133346353,-0.733958768514866,-0.478750515404512,-0.0608996563486245,-0.896823939752537,-0.507042948348418,0.440254025585153,2.16877086460772,-0.123326698620888,-0.764986000978113,-0.530560359619499,-1.02968524647723,-0.719827606229528,-0.628861761641005,-0.641265236960329,1.63226692372903,1.1651223963421,1.23923489413269,0.642249291124376,-0.36287454119785,-0.742281540025427,0.0616476787722418,-0.246350132884253,0.315170029075508,-0.948737421539792,-0.228537467001604,-1.01788938933753,-0.336277874789037,-0.39409876610339,-0.394853621365325,0.707322979740878,-0.912081635935494,0.30289342943684,0.715333324979833,-1.06778815213767,0.0158000304773626,-0.402962126602802,0.936821827591258,1.93230603951918,0.895240922696961,0.557022262844886,0.788568215139589,-0.0651987087754842,-0.680327173867412,0.208675454099736,-0.749835582012379,0.39911761619369,1.72264489100266,-0.149493621837268,0.537982918399888,0.14279690292749,0.2379841586362,-0.225886045483685,-0.191473735118924,1.21573018521753,0.0993605812765344,0.880581139767883,-0.166666666666667,0.465840852921267,-0.380726487956796,-0.553331653350106,0.428274310219561,-0.429054582121698,-0.142517281612562,0.152570181347858,1.54838494945864,1.15151086730721,1.12954303196345,-0.727703456444917,-0.866930529225252,-0.447688783082527,0.678351103305712,0.0396647409018781,-0.360006944981917,-0.451415079204044,-0.0702965232163978,-0.498821928232261,0.899057434005189,1.1362058674979,1.4975164186818,0.177645767376215,0.87187155558396,-0.0191517115319456,0.472626693433577,1.39637505629986,1.12338563154462,-0.657671741438428,-0.25712565231331,0.584079221548881,0.138568811568461,-0.0408427921425807,-0.509894843573478,-0.166666666666667
"SPYO_Oss_2 (GE) - TPM",-0.0670163812878776,1.67786591358226,-0.491302206543677,-1.06057995376283,0.282559757467569,-0.244726442681858,0.36940287041997,-0.639742211768283,-0.322469938689079,-0.226709431089505,1.04131554059174,-1.36999567142054,-0.460797818400272,0.497505166844054,-0.635678986793386,-1.11623115208018,-0.38133111107987,0.707756124523738,-0.993173355731096,0.164758669432331,-0.8064117020597,0.110043616504375,-0.720522936848072,0.22639036997194,1.07887057584987,0.530128702393046,-0.0858622545211545,0.509093538359614,0.173701025919254,0.0065877367683033,0.292836595691057,-0.342655461467539,1.11331672101297,-0.349929723089447,0.973628075539661,0.187259164356363,-0.118573170784633,-0.597856805140172,-0.276567200481874,0.279164936277601,-0.930557118585106,-1.24241173576258,-0.898949681276281,0.55318244518106,0.158266676870189,0.678076405057295,-0.659721059567296,0.388934807739813,0.520941408886909,-0.627428342057444,0.0407018239154127,0.350081828031313,-0.523033685974133,1.45298192303372,-0.508157180124419,1.51320868211426,1.03195997621398,-0.247816355357895,1.08745185632778,-0.557015214407362,-0.192427066007672,0.303795472855561,0.973163946544989,0.805836298125119,-0.216731592795114,-0.466705540581918,1.96329290746794,-0.166666666666667,0.680122585936311,-0.0731792949183436,1.2658469558601,0.0903292323743953,1.04983766014513,-0.735846668995097,0.335180685333072,0.972071942977815,0.234837513519044,0.536175459553358,-0.690038810520453,-0.135209097188834,-0.39433547074416,3.14707371583878,0.0874116171291006,3.81986302765379,-1.27094003997355,-0.824078559092863,-0.123772652771858,0.430267017281748,0.083201649415415,-0.379214482459565,1.22098101395919,1.26609565650252,0.574911248907435,-0.639940523531111,-0.0426741247853174,1.53090204888536,0.570242552448253,-0.56728907405711,0.37585666601709,-0.28612502260759,-0.176219800249462,-0.742923370596436,-0.166666666666667
"SPYO_Oss_3 (GE) - TPM",-0.991882691469444,1.25631101256241,0.202727459156592,0.426663890800084,-0.380546000724388,0.603750791456367,-0.768824085750491,-0.748648097307598,-0.322469938689079,-0.226709431089505,0.976785837556982,-0.573439612542628,-1.34387984277981,0.31958543336243,-0.896823939752537,-1.44265140006283,0.515730727129009,0.421118074330247,-0.989562638330808,-1.0578326542573,0.295574047823804,-0.56620138140726,0.725441930946489,-0.554818325789583,0.483115429942302,-0.591660702261502,0.0837482843788521,0.466186619199404,-0.174723732599658,-1.16086731796529,-1.0583982519181,-0.317829566339994,0.330178054982288,-0.374691616444984,0.902410755380213,-0.983018254059972,-0.964128935881512,-0.542052815568197,-1.32158432678437,-0.394853621365325,-1.15559528777343,-0.757102567864712,1.4723192595417,-1.6247065295971,1.73431661824311,-0.976247505940178,0.460565967224105,0.756381966721025,-1.19395567555993,1.10007711559157,0.665324297817297,-0.0597925016854522,0.16513901787363,0.301960930740295,-0.321137724759121,-1.21706181392361,0.563838183806749,0.793788626717952,0.209054988187873,0.477348350828553,-0.266743765224909,0.725821339203895,0.323071782997425,0.130432020115073,0.759182929822551,-0.207218067227818,0.705545030975926,-0.166666666666667,0.146286966982191,-0.0850583134518383,0.950524130273933,1.18080794007652,-1.37873943013196,1.85550084665069,-0.308403290853442,-0.958338288238061,-0.709205810323095,1.02662135449001,-0.984380738608988,-1.04655812628807,-0.0725534739914977,0.22328455542923,-0.0451496043358911,-0.360006944981917,-1.10782422453535,-0.60291512534335,-0.498821928232261,1.46601842662696,0.366894807600244,-0.375405178767949,1.06257088311901,-0.256504679337003,1.88249341994259,0.979760301805654,-0.607491353533363,-0.395007043901655,1.14590429790275,-0.794480194756625,2.46524720164162,-0.271241466192727,-0.783411525861788,-1.09714605400009,-0.166666666666667
"SPYO_Oxs_1 (GE) - TPM",0.294324885286396,-0.429734600370508,3.00969649801967,3.66179596670231,-0.380546000724388,-0.36597407904608,3.05453094365891,1.03588409368772,-0.322469938689079,-0.226709431089505,1.29076635936833,1.00510464212867,-0.0487046779804119,2.07055422781303,-0.896823939752537,-1.24449269117078,-0.38133111107987,0.104776238853481,3.22416850152232,2.07429479172523,1.03049080761134,1.16874507652188,-0.507901292987509,0.253431314689402,0.178131830234072,0.523855634875429,0.874748368859283,0.725400036243086,-0.892936834410035,-0.313332342670996,0.903949923693036,1.25914983546689,2.23084206382084,-0.111621827770477,2.35932996031411,0.176944701893147,-0.312770156171596,0.609466293990832,2.33414498250146,-0.394853621365325,-0.686155874985136,0.651215446890247,1.47265819735348,-0.00459016680805553,-0.26530248433657,1.05548014760795,0.133800820762281,-0.931949504993355,1.0311512809938,-0.842826663631988,2.34943552376511,1.38855091944321,-0.308656630095448,-0.121262496765956,-0.359882925137974,1.08473554274482,3.98284228709406,1.46308854675627,2.30175950809418,1.99881749379323,1.76600989141606,1.02567047467223,0.591827624338054,0.710164551240341,1.58204055525691,1.12060684938829,-0.215503894607365,-0.166666666666667,-0.986050660390375,-0.537606793252247,2.54494357809786,-0.572478739710198,2.91678403301217,-0.735846668995097,1.09286619673784,0.364719022408816,-0.0527673269286361,0.954981939861137,-1.56950987418616,-0.254427405883708,0.178386212728296,-0.578883439120729,0.489033301810236,-0.360006944981917,-1.79824718944677,0.63204779060418,-0.498821928232261,-0.589816450549588,-0.149774780925756,1.86348709329486,1.67090571248649,-0.1952873939731,1.36544927637092,0.668393957293594,-0.607491353533363,-0.395007043901655,2.26107592182748,2.99696430891952,1.47199227573676,0.661767435117455,0.490598070559372,1.15473410366463,-0.166666666666667
"SPYO_Oxs_2 (GE) - TPM",-0.47250946543066,4.17713855175321,1.31164715113163,0.204332940170857,-0.380546000724388,0.710361113923047,1.00539352084033,3.60710019842268,-0.322469938689079,-0.226709431089505,0.0847826481912386,1.19312360593174,1.66218994902438,0.394756539541934,0.862976740399112,0.0549386309484434,-0.38133111107987,-0.317168985498397,0.209559746003512,2.08952196570988,1.04252765745125,3.59878761018866,2.29687840947042,1.7226388687105,0.656360540978291,2.25743026472576,2.35526100215549,2.36433205607279,0.43911066716201,1.6137927665133,-0.349067545908416,-0.58801315354255,-0.962424608006899,0.187203249146691,0.666180786956223,1.37441095628692,1.31469538257071,4.37524285377515,0.452554903721993,-0.394853621365325,0.360889402248569,2.16705136731284,0.367446639427499,-0.478453236308554,-0.480774345197758,0.356106753103117,-0.471050496770269,-0.732045012523487,1.05869446354815,2.23893739706226,0.608892964719736,3.37166689436761,2.06973370410043,0.77431336859341,0.722596769248132,-1.12331470183399,1.16037532652548,1.55096487825504,0.651609965977011,-0.219510174080607,1.11218861582226,0.347256245552902,-0.12293027059633,0.585691583921326,-0.155885949766162,0.640909003981133,-0.24134669140112,-0.166666666666667,1.96868343708253,1.58628048016293,-0.363727939765895,0.158317643898662,-0.665191721557533,-0.735846668995097,1.46802831040338,0.981101301032631,0.35107894896395,2.83462901702196,-1.33578641972638,-0.534775742122501,1.43256420567997,0.181561982542416,-0.935494660156502,-0.360006944981917,-1.72254190577429,1.39596996826295,-0.498821928232261,2.04805854052589,-0.177820479210787,0.960097579610017,-0.377366498322732,0.115875170764291,0.0612310226070442,0.416675706292727,-0.607491353533363,-0.395007043901655,2.83380848567673,-0.794480194756625,2.17047016270054,-0.733242436506299,3.20006489702439,1.76936527496418,-0.166666666666667
"SPYO_Oxs_3 (GE) - TPM",-0.991882691469444,-1.35123005823829,1.85181745359492,0.0727521801794854,-0.380546000724388,2.77844745046162,-0.652484130011792,-0.788593701971258,-0.322469938689079,-0.226709431089505,2.52052745835422,0.945192650061773,2.52648643430269,3.17711109669826,-0.896823939752537,-0.730021341551374,-0.38133111107987,1.21841037409703,0.687158512804729,0.228484152770875,2.97843987985966,0.612241282074556,-0.185713068033478,1.91383486069538,-0.307929281230056,2.21113888530839,0.505531187529888,1.19879069956853,-1.00467018013591,-0.567239445260761,3.53216846725127,2.60163842842029,1.52438242917304,-0.652597237980059,0.251367965993926,1.35871206535894,2.34787998958917,1.56412838145917,2.25838528950351,-0.394853621365325,-1.15559528777343,-0.515880634958213,-0.995005074259497,-0.8857524145454,2.57160767610804,-0.244303226514995,-1.28810958591603,1.74173513943766,0.266324911812472,0.981516085088432,0.537328626059405,0.156629920597474,0.299439794812448,-1.24823277610659,-0.622872832480806,-0.939363414099659,0.840978147731608,1.01047684327484,0.0123759225173682,0.931575575430989,3.28877918214788,-0.428704156634337,-0.167664577374347,3.97451928585208,-1.87299317845283,2.48975777356034,-0.826149675830198,-0.166666666666667,-0.986050660390375,0.361107057942858,-0.999915103960371,-1.06087920355956,-0.202013885184002,-0.735846668995097,3.18603734875385,3.92967584573468,2.38313747398333,0.468716727608551,-0.974924872682209,0.44606619405334,3.80851122261619,2.26126679468871,0.0447210122939485,-0.360006944981917,-1.91949240929577,-0.331664026103345,-0.498821928232261,-0.940327794717503,-0.0855120232128232,0.443092248178201,0.427021178463718,-0.781053259927056,2.13712076370961,-0.639940523531111,-0.607491353533363,-0.395007043901655,0.99731924201753,-0.794480194756625,1.19928414559488,-1.60017740053124,-0.56392298783338,3.18312056130908,-0.166666666666667
"SPYO_Sp_1 (GE) - TPM",-0.991882691469444,-0.754062160371747,0.248470129970735,-0.238112879086413,-0.380546000724388,-1.73153004808792,0.341371157146528,1.60762813645672,-0.322469938689079,-0.226709431089505,-0.742761112995839,-0.874863660306759,-0.0715628417207372,1.74887260687867,-0.896823939752537,-0.843067145497323,-0.38133111107987,0.0594433209047991,0.37328657483392,1.54099713812804,1.97594091750024,0.145289185521403,-0.244227408876179,1.78979514490614,0.908995524461724,3.37995780209329,-1.25094529969273,1.08257638055358,1.7830346502012,0.993028186614824,0.519587220297962,1.04082300958927,-0.280898765389929,-0.67044432667272,0.673725119373692,4.40491069459225,1.32354202238,0.117103081017304,-0.201187807614976,-0.394853621365325,-1.15559528777343,0.572257141321128,0.641093756049479,1.43843832042019,-0.115147953804934,2.35437879820653,-0.402665635742473,-0.268982915204192,-1.04502383264711,-0.219364739658729,0.44471514311949,1.50880517821961,1.84983282113927,-0.680202809369777,1.19227590171663,0.448155114330186,0.0408257923050271,-0.39037590031064,3.04540801565338,3.14740374756276,0.593262919863631,-0.146058877105019,-0.225556539172412,1.0764723069522,0.538245655870038,0.925956991658415,1.8212952046305,-0.166666666666667,-0.986050660390375,0.266535184350002,0.78680988393209,0.933934482200769,0.897043759008023,-0.735846668995097,0.751568653987246,-1.25305984015641,-0.709205810323095,0.0607005340772504,0.000903792427780563,-1.04655812628807,-0.126275290922457,-1.38943327612997,0.784205294861235,-0.360006944981917,-0.392955837072939,1.34411898341226,-0.498821928232261,-1.31433161253065,-1.33475352424343,-0.648044287024835,1.87275586081562,0.312627039490085,-0.718498140853964,-0.639940523531111,-0.607491353533363,-0.395007043901655,1.28908705286566,-0.794480194756625,-0.185812609892514,2.92155273720973,-0.602344286396386,-1.3530872940244,-0.166666666666667
"SPYO_Sp_2 (GE) - TPM",-0.991882691469444,-0.0759642140431851,-1.36213372125228,-0.167445596569338,-0.380546000724388,1.47847082996177,0.13414831303484,-0.458046327341139,-0.322469938689079,-0.226709431089505,-2.11676856143152,0.46461317108286,1.60290964297475,-1.06203206414608,0.422497371576182,-1.95141618834421,-0.38133111107987,-0.442389781182541,-1.8322202982703,-1.19469164868129,0.781838258230068,-1.0030620756306,0.670983638055107,0.286728200556936,-1.17091365074128,-0.0339365400436896,1.28575258707162,0.211989078111565,1.16013275750108,-0.103068393481158,2.38079255875788,-1.09500689044312,-1.06226280037708,1.83803031071425,1.90881310059835,0.128746112433805,0.8968665529355,2.11452037611054,1.54856935816728,4.14539391131835,-1.15559528777343,-0.229281571612847,-0.594957685760075,-0.5652079865152,2.68323120124443,-1.41117429454138,0.65308125140033,0.9850557215112,-0.989353524167167,-1.33445867917547,-0.998891023053637,0.00335583356337346,0.346676085180746,2.39089058006128,0.39231306111248,1.48465514607002,0.138045861134993,-0.3022329904376,0.650593592261689,1.34876425139829,1.12965305820715,0.437548175266941,1.48341485462574,-0.518153684018811,-1.87299317845283,-0.601688213301611,1.08038556862891,-0.166666666666667,0.78607897256943,-0.135901167875406,-0.999915103960371,-1.04114660988239,0.172955604777938,-0.735846668995097,-0.344116012055609,-0.438318460825709,-0.709205810323095,0.153452662108098,-0.0204111482254058,-1.04655812628807,-0.488787049375654,-0.17053094790544,-0.631953012322928,-0.360006944981917,-0.277413398174945,0.809524784727481,3.29072480059186,-0.549161159375693,-1.64875009927874,-1.34401542199596,0.170242788123479,-1.47860253221082,-0.311130258766882,4.11292606762265,-0.607491353533363,-0.395007043901655,1.00814254485139,-0.794480194756625,0.260054932472049,1.41740359819912,1.06511029189462,-1.33403638934852,-0.166666666666667
"SPYO_Sp_3 (GE) - TPM",-0.991882691469444,-1.35123005823829,0.479752769819402,-0.168041811021733,-0.380546000724388,-1.11855295011155,-0.612363559714702,-0.258391266783427,-0.322469938689079,-0.226709431089505,0.449303352813304,-0.572942440779895,0.0378008482081643,-0.39053958919562,0.421790983206411,0.399823791672336,-0.38133111107987,-0.946138084126375,-0.655373018580991,-0.210672766765793,-1.5538018303145,-1.42122906589306,0.669679144805139,-0.574519478830064,-0.258803701272585,-0.981988565572984,-0.316797763846073,1.82293725658924,-1.00467018013591,2.46786277662096,0.224352516158371,-1.09500689044312,-1.06274197486298,2.3315806505722,-1.82207686532665,0.127946475828212,-1.60308705313084,1.38735906186373,-1.3309987154459,-0.394853621365325,-1.15559528777343,-1.60326613645519,0.484955953386554,0.846531134564293,2.00333702345787,-0.189480050294185,0.410924098163639,-1.59143758558005,-0.551441964000358,2.23559213734989,2.85473484603927,-0.656047870270612,-1.37500035603945,-1.24823277610659,-0.349405834201103,-1.5247265408682,0.137225622712627,-0.997066541350042,-0.909236885673159,0.0918266002523637,-0.623356138457135,4.17520987130763,-0.927499918278169,-0.218356330468411,-0.586368368144028,-0.210953874160833,1.42041290121215,-0.166666666666667,1.22792534233706,3.29942934619609,-0.999915103960371,1.11496397651795,0.171608244371005,-0.735846668995097,-1.30310490530943,-0.704700170122522,-0.709205810323095,3.25680905665814,0.00835291217399181,-0.279603212926701,0.195836856122474,-0.657551589189115,-1.03820120488249,-0.360006944981917,-0.444303968608922,0.893660634024464,0.448057505927952,0.747414456566224,-0.755390047371702,-1.07886878201809,-1.47504875072226,0.671927246834952,-0.351527323489691,-0.639940523531111,-0.607491353533363,-0.395007043901655,-0.555808166221761,-0.794480194756625,-0.299855727972629,-0.672188068179813,2.66259831320448,-0.434087932006348,-0.166666666666667
"SPYO_Tm_1 (GE) - TPM",1.14161161958354,-0.768933374235979,-0.602617661745596,-0.264083660091289,-0.380546000724388,1.15299980212447,0.0251253785778927,-0.269122664909584,-0.322469938689079,-0.226709431089505,0.0603912850207693,0.273408266849009,0.0466179219616025,-0.0939130079483313,2.11523989052479,0.0389634078279573,-0.38133111107987,-0.0116958553393909,-0.111753617793675,-0.338080215235446,0.811975129096487,0.297216759291126,1.29390314736389,-1.23832429440962,0.313307181592313,-0.651531517735358,0.682707861015234,0.270847552534116,-0.510436927773255,-0.349857813112255,0.27246984073941,0.987634645922594,1.17571444932752,2.71110470238843,0.124842551936953,-0.853282542718681,1.96409734366261,-0.347466663763798,0.511714933171155,-0.394853621365325,-0.636474146922202,0.526875186754555,0.48312637297901,2.26355800155618,0.317647465608523,1.68197129727148,2.64474881828703,0.998045535806332,-1.26575875762013,-0.518965031108124,-1.44938328976058,-1.23965492819338,0.590328063273305,-0.971290590107968,-1.58384054494187,-0.975083347547658,-0.169779441743906,-0.422769111025898,-0.948792279056715,-0.510073243228312,-0.382489212334252,-1.10945100191315,-0.813358967393302,0.655984388337306,-1.28519518136617,-0.190072561993162,0.24381590071095,-0.166666666666667,0.834578920395718,-0.202977186524642,-0.999915103960371,0.210038085081273,-0.691765462763806,0.421514249818642,0.757448754681563,0.683729124940632,0.0167048934949783,0.193452717505218,-1.05377894334681,-0.520980010942498,-0.889603780218208,-0.258289809375347,-1.28668243413816,-0.360006944981917,-0.0263439298979112,0.498912580233365,-0.498821928232261,1.2168035129607,0.675180254767138,-0.0785875563172214,-0.179831540988365,-1.47860253221082,-0.262041852182208,1.53025674723008,-0.607491353533363,2.56680199395333,-0.282912865814526,2.3500453959727,-1.22342217491752,-0.328314150274041,-0.7489629243783,-0.194972973059389,-0.166666666666667
"SPYO_Tm_2 (GE) - TPM",0.537550575717874,0.944633367571351,-1.21960966364359,-0.00526095790345522,-0.380546000724388,1.59976100558027,1.86351239916465,0.227469738814616,-0.322469938689079,-0.226709431089505,0.104278370467936,0.0268489807731016,1.03141539706506,-0.188187365217774,0.398726913285104,0.71186019934779,-0.38133111107987,-1.16618250033997,0.0948845125788356,-0.558852527641731,-1.0509722374173,-0.18933067319374,0.228336262833726,0.678349208620403,1.35310500714252,-0.382459649712548,-1.16034214475374,-0.706704673292158,-0.473220360379209,0.146786183313441,-0.652465444058092,-0.099687854871323,0.679271433227535,0.568272137684378,-1.38592569581432,-0.75366228381547,-0.989359184336628,-0.393396575409432,-0.664982421773306,-0.394853621365325,0.332969529833951,0.0286005171105817,-0.509435407149608,1.19760098083909,-0.386449455967695,0.508686801388913,0.294122200679216,-0.846835505379722,-0.71801647253626,-1.13959164691578,-1.01626052229104,-1.14998396674206,-0.811448131204178,-0.851170932641112,-0.936990919237762,-0.736683582258501,-0.391007844629069,-0.099940991145391,-0.160666896072194,-0.984892619865677,-1.06000581401751,-0.562567088596518,0.110477755563816,0.537682119958988,-0.187499466599966,0.164938259092853,0.636400460310158,-0.166666666666667,-0.551000449737843,-1.34002189789599,-0.687677916068328,-1.28952444448558,-0.747572700919312,0.923502768138324,0.150083010628203,-0.0222141922934065,-0.188823837628376,-0.710092512430315,-1.2058392822041,-0.544198124581372,-1.38887840067455,0.0479087230697417,-1.21089148654347,-0.360006944981917,-0.283478622346157,-0.465123324749161,1.36181295110681,-0.44782523743007,0.180391685848194,1.03346467296371,-0.517370088022442,1.80815347523933,-0.53779465119736,-0.639940523531111,0.326535813011471,-0.395007043901655,-0.416599908766968,2.58683328500216,-0.444371700323082,-0.885967165495843,-1.25207689816618,-0.455079838731912,5.83333333333333
"SPYO_Tm_3 (GE) - TPM",0.590679320332297,-0.271404573399315,-0.137408046023434,-0.998126825162649,-0.380546000724388,0.903710270022272,1.05415498021613,-0.81714875963939,-0.322469938689079,-0.226709431089505,0.0572050092239213,1.04652475353051,-0.168756481553915,-0.487583885908861,0.667157008570863,0.912246795886638,0.807430509636011,-1.02868036854404,-0.0774583357151913,-1.10337833181803,-0.888156822570059,0.703256781151365,2.97950678455471,0.0228891240089498,-0.537695723067881,-1.04251641715354,0.372882035569219,-0.0265516987693057,0.27845566724693,0.796088831784654,0.399043243144198,3.28204247003526,1.27605529499874,1.21469634222716,-0.197389712513822,0.405702335547611,0.72541957903966,0.112148167231831,-0.906202617018919,-0.394853621365325,1.15481555148471,-0.46788405484616,-1.05433217839748,-0.349697543663973,-0.69624996893302,-0.56974389570401,2.89573925396978,1.41895071929055,-0.00960492597334664,1.89172104869392,-0.439170898955965,-0.370256053987354,-0.791871714968101,-0.0156683944642334,0.256788323566309,0.106108718832587,-1.13447643871026,-0.985517715614384,-1.22311428348841,-1.24313203940176,-0.0591543341612691,-1.06800224751986,0.718715488624266,-0.39208245834413,0.0890558845876239,0.392420957279231,0.397823972960885,-0.166666666666667,-0.986050660390375,0.715767300748926,0.615502589488753,0.432013596893497,-0.745403977770109,-0.735846668995097,0.276867289084362,-0.376157711678453,-0.709205810323095,-0.070537185141023,-0.887611186616163,-1.04655812628807,-0.489939658304733,-0.291507355602174,-1.5457858071698,2.50090532517223,0.374267612988051,-1.68929054691951,0.142934322169771,-0.0916718758247441,0.805919438621407,-1.10619219525068,-0.349830893570308,-0.50690829969178,0.348604405061752,-0.639940523531111,-0.607491353533363,-0.395007043901655,-0.822154474607274,-0.600103973544801,-0.489474305698589,-0.310823114665638,-0.156270270292741,-0.00741408707614202,-0.166666666666667
"SPYO_Vic_1 (GE) - TPM",-0.656355550619116,0.503178877995118,-1.16776700362358,-0.801216568390199,-0.380546000724388,-0.71817920855949,-1.42024147055804,-0.998307580623859,-0.322469938689079,-0.226709431089505,-0.338952179874302,1.17048752923574,-0.650902949587735,-0.529403123576451,-0.896823939752537,0.83747077966019,-0.38133111107987,1.51776023633728,0.247799946977605,0.328376434106697,-0.0980731621839696,0.785844667507823,0.596486982248325,0.55860334370176,-0.805424426100069,-0.838978099788103,-0.614116157920452,-1.18576277655841,0.510993138621308,-1.63377208180756,-0.849037183379457,-1.09500689044312,-0.864696825881391,-1.02768795245023,-1.01834080959939,-0.520175354616102,-0.795249163645944,-0.0595970423537929,-0.147081121150613,0.827763729048724,-0.910674223647435,-0.387976564771516,-0.455923363432797,0.269950381401693,-0.0705510118334635,0.539561444592923,-0.407032189748778,-1.63087128711889,-0.496481585763577,-0.180210337905269,-0.647615891646282,-0.773149930988601,-0.54048359171262,-0.921579854944843,-0.998478703910604,-0.0336287719685207,-1.22889922303376,-0.643913682845398,-1.08547806850117,-1.37910260565681,-1.02739236831201,-1.16114688353292,-0.778542971740494,-0.272567982968273,0.0682661861269789,-1.21051743544234,2.3880725775104,-0.166666666666667,-0.41340264843597,1.21317967135031,0.541303592668103,0.563722429200249,-0.852689764201581,-0.189804434590733,-0.840426918325475,-0.642728038389184,0.147004849797885,-0.914527660887876,-1.31612377226216,1.26780484240785,2.23171854848453,-1.46717266980864,0.908859898050342,0.549828222466589,-0.419149380904299,0.291303998079916,0.317550403370452,-0.103868853320099,0.237225407268466,2.09477911447407,1.09204973120233,0.0149983149574287,-0.949948303919137,-0.639940523531111,2.46611249211104,0.303682880139947,-1.04793295310159,0.812737338385176,-0.467396501610457,0.790079007245634,-0.854467865166241,-0.922855848299521,-0.166666666666667
"SPYO_Vic_2 (GE) - TPM",0.24238784912658,-0.845924064072779,-0.654417472743213,-1.06038057583257,-0.380546000724388,-0.614399893432834,-1.51203503852214,-0.128257824253256,-0.322469938689079,-0.226709431089505,0.935174252499737,0.851185743301751,0.642159648309025,-0.532627688037863,-0.896823939752537,-0.207190483802899,-0.38133111107987,2.47652946972781,-1.27234969198994,-0.614000044764468,0.216391843161276,-1.08984359397079,0.00446361803055695,0.441064650304981,-1.26995575360796,-0.664023250089865,0.338893377684432,-0.82017945179413,-0.790227068991287,-0.629014349388004,-0.645044680525668,-0.79379410050862,-1.01158260936814,-0.93811420161174,-1.18851449137415,-0.920906117105935,-1.10780148282128,-0.789460347585991,-0.764198980372153,3.20316369165097,1.54730546460115,-0.0059967800455985,-1.25468782177559,-0.33475068245575,-0.17618605659025,-1.09583804425612,-0.229018280605783,0.164132040206302,-1.69279030257622,-0.155008867363098,-1.38995500682297,-1.23508499541528,-0.692810497659934,-0.767582446192223,-0.800817721099693,-1.04775662497684,-0.786895503730172,-1.14081523058845,-1.57435603873166,-1.05249282645822,-0.839959612549885,-0.507560814749613,-0.457070829809128,0.778600890382714,0.422366503667334,-2.01802963960487,0.883492423250821,-0.166666666666667,-0.986050660390375,1.1143371126568,-0.432962210761835,0.234493051020382,-0.972476336233102,2.27716075140241,-0.675693344074761,-0.711781255337095,-0.709205810323095,-0.873761178522498,-1.28441129738697,-0.438442528254017,-0.610376630045999,-1.08725887456259,-0.37350503094178,-0.360006944981917,-0.435768217143593,-0.178332037543961,0.251955129820798,2.37900462605136,-0.000265129867386349,0.280417313971987,-0.0469638877502122,-0.436568387250485,-0.446331042329466,-0.0121885429623093,-0.607491353533363,-0.395007043901655,-1.06050003140665,0.569899574082235,0.0163514947832364,0.460060272644987,-0.544698267776571,-0.623168277135121,-0.166666666666667
"SPYO_Vic_3 (GE) - TPM",-0.650389494326302,-0.232781200453777,-1.03488211176659,-0.18229932052398,-0.380546000724388,0.258252143380645,-1.53072909112705,-1.4823908708402,-0.322469938689079,-0.226709431089505,-0.669226169539369,-0.758767792237879,-0.632262238970875,-1.17702552950629,-0.607552212504194,-0.513778474009687,-0.38133111107987,0.528607180439659,-0.541363356599019,-0.391532089325724,-0.769356539625051,-0.504364564989825,0.371384345328168,-0.302439142462362,-0.832740308438772,-1.02311771280725,-0.551917702088498,-1.1429047053002,-0.648682438730268,-0.455068438483288,0.722149380544464,-0.0949462198764197,-1.10690496611193,-1.02579027278093,-0.77032734887717,-0.464225966559926,-1.32901966243428,-0.364979713540681,-1.47154817298796,0.102889132510819,-0.532405186501139,-0.986670974864773,-0.895638389918261,-0.402223937581235,-0.790545351615257,-0.617731803151952,-1.22847462091429,-0.371189345943625,-1.38573531273467,-0.551277214645493,-0.800374564789908,-1.01265441472311,-0.903136230413174,0.148104194453837,-0.6631047131656,-0.732929396671017,-0.638150583734073,-1.53889016189388,-1.24223762047785,-0.666902769087803,-1.59927515269791,-0.765656865240466,-1.29013291843883,-0.900909696504953,-0.461723766939172,-0.907162517655535,-0.0940255853644283,-0.166666666666667,-0.694635486009235,-0.312928880578101,0.254983557978118,2.10314091620761,0.484234635449992,-0.735846668995097,0.125017069726742,0.247242989674166,0.685090292735953,-0.667186471222248,-1.16913622620211,0.215324903540434,-1.43925564043675,-1.33269123442666,-1.60420962296156,-0.360006944981917,-1.56308123662601,-1.23129994080394,-0.0833777457330492,-0.0761702946291462,-0.940200597808413,0.364029964157115,-0.545741500274977,0.46091039152212,-0.0349068361187277,-0.292572545359111,1.8951134758099,-0.395007043901655,-1.17290671432586,-0.542819318015202,-0.0216186794281432,0.354172042255573,-1.30887427850989,-1.30513043608687,-0.166666666666667
