"","GBS_RS00020","GBS_RS00030","GBS_RS00070","GBS_RS00835","GBS_RS00890","GBS_RS01225","GBS_RS01250","GBS_RS01265","GBS_RS01795","GBS_RS01800","GBS_RS01930","GBS_RS02005","GBS_RS02605","GBS_RS02740","GBS_RS02780","GBS_RS02785","GBS_RS02935","GBS_RS03040","GBS_RS03080","GBS_RS03350","GBS_RS03525","GBS_RS04215","GBS_RS04295","GBS_RS04320","GBS_RS04430","GBS_RS04525","GBS_RS04535","GBS_RS04585","GBS_RS04605","GBS_RS04770","GBS_RS04775","GBS_RS04780","GBS_RS04785","GBS_RS04790","GBS_RS04795","GBS_RS04800","GBS_RS04815","GBS_RS04830","GBS_RS04885","GBS_RS05050","GBS_RS05055","GBS_RS05080","GBS_RS05165","GBS_RS05180","GBS_RS05190","GBS_RS05230","GBS_RS05235","GBS_RS05475","GBS_RS05520","GBS_RS05525","GBS_RS05565","GBS_RS05875","GBS_RS06160","GBS_RS06205","GBS_RS06220","GBS_RS06260","GBS_RS06325","GBS_RS06340","GBS_RS06365","GBS_RS06375","GBS_RS06380","GBS_RS06385","GBS_RS06390","GBS_RS06395","GBS_RS06400","GBS_RS06405","GBS_RS06485","GBS_RS06510","GBS_RS07510","GBS_RS07945","GBS_RS08060","GBS_RS08215","GBS_RS08365","GBS_RS08450","GBS_RS08755","GBS_RS08780","GBS_RS08955","GBS_RS09000","GBS_RS09020","GBS_RS09030","GBS_RS09260","GBS_RS09265","GBS_RS09500","GBS_RS09520","GBS_RS09525","GBS_RS09530","GBS_RS09535","GBS_RS09600","GBS_RS09805","GBS_RS10055","GBS_RS10060","GBS_RS10145","GBS_RS11500","GBS_RS10370","GBS_RS10640","GBS_RS10660","GBS_RS10695","GBS_RS10900","GBS_RS11045"
"STAGA_As_1 (GE) - TPM",0.103975986454123,1.34580646011854,0.823633336756576,-0.652355065274819,0.96869659365966,-0.645892413244316,0.583374011348775,1.06395325036736,0.232840277422419,1.65342792019664,0.885517806805613,-0.612542376549242,1.41849770752068,-0.851358971090217,0.26577072736131,0.90983732162835,1.56093422702144,1.02958438485696,1.70530962879979,-0.826912002855823,-0.546321576097839,1.77478089101572,0.454947874043387,0.28792834238998,-1.18985125793515,1.5268655133995,0.960260632792721,0.158324390662176,0.660257502427197,0.978384349484049,0.788934557200583,1.50722125444035,1.49505683776255,1.88598539453114,1.74158176128468,1.51054794361556,0.38922337834544,0.976965778165382,-0.866161395018151,0.822011895213653,0.186859053468511,1.83686735939118,0.531243153557951,1.99260203070804,0.669051365440143,1.14395657749111,0.909923784040721,1.21424549574093,1.29636109675468,1.07069054385519,0.245717029015139,0.954645250756114,1.13350553705536,-0.167670136128252,1.70288612065494,1.3872386528075,-0.640931322879521,-0.567174980140989,-0.462969175088297,-0.705870044156128,-0.756328989332169,-0.750392990102134,-0.688227711659267,-0.895586316136346,-1.04485924214953,-1.09648383861711,0.906715629546617,0.9879579411967,-0.0665681913234391,-0.295904669434867,-0.802815942495125,1.9867384818655,1.21372741146685,0.45414433336522,1.01512888599804,0.708583421015234,1.08477883865027,-0.57300596460835,-0.340943566031824,1.34960278182548,0.324747357031689,0.48373173993243,1.00574863437081,3.02598636770441,3.06070073421039,2.78180984224098,2.38559747098813,-0.557496699647882,0.915462094269489,0.251690011539546,0.559648413575875,2.66239058026733,2.22991458239288,1.01879282932838,0.976245056598791,1.50237906577232,1.16317377724378,1.10076632992142,0.971703873999435
"STAGA_As_2 (GE) - TPM",0.464353573454769,1.35855778074887,0.481979092065135,-0.640310278629035,0.637938266133668,-0.595605115821367,-0.714760492739329,0.891380386020468,-0.0758019114444475,0.577836055524426,0.774071964910718,-0.612151264425064,1.22172186564487,-0.828781508465771,0.611583947573097,1.15852417931338,1.01578361310791,0.786527137242802,0.94780053805143,-0.82067304529619,-0.601784303489845,1.0980649608618,0.742905418325797,0.590307304237146,-0.937028813104062,1.62570546087321,0.974160579378296,0.521307691394784,0.645273869089292,0.976082809887127,1.21384513745393,1.30601188001929,1.5486169303804,1.55676862923913,1.55825461467132,1.26316359746404,0.383781448250901,0.846083152108207,-0.867068533430081,0.611716583702495,0.393768824567609,1.94929389490037,1.04213407663801,0.728011033632412,0.491440845380357,1.126090857737,1.19505206966832,0.791070780368538,1.5289311049331,0.812182045719811,-0.357652280020153,1.26180169859454,1.96178100732012,0.786038007274436,1.79214920224622,1.16798411692189,-0.66099527352007,-0.442762188487199,-0.54630201029177,-0.709174110602405,-0.758165658566557,-0.752687346103665,-0.694675717700374,-0.89623743938432,-1.06150062220318,-1.11534247763144,1.25960220660633,1.12022653442956,0.521638703550179,0.0647602715938099,-0.684212602737817,2.08563996953867,0.69833987120223,0.574885070548788,0.818624898219267,0.947836131921001,0.854442680763583,-0.57240801322183,-0.376071238002444,1.09939605250228,0.841417117769104,0.390726936965349,0.909735465855618,1.95087740510359,1.02128608140199,0.913369615729817,1.30546973128674,-0.547421292933485,1.50898835422341,0.564224028128152,0.918065903088774,1.17827463468205,0.215527140548681,0.814905881411758,1.10155242869982,1.17935011297316,0.980363595844512,1.08807829478617,1.25202535168673
"STAGA_As_3 (GE) - TPM",0.583360872013064,1.09520995580393,0.517783634943635,-0.631596468786897,0.960321626349393,-0.593813432617165,-0.825479730558314,1.20932500987685,-0.318682463004311,1.29520183263308,1.15423425198484,-0.618827485314669,1.46927143633996,-0.998953987523007,0.88317977938512,1.22761545027027,1.21971398913665,1.17421200257179,1.57217785473808,-0.678608685228386,-0.613692580460151,1.3315630438008,1.35216160017369,0.316208380449312,-0.888192459643627,2.07538278852751,1.33274401502871,0.757946703802136,0.460459122145723,0.946620819021974,1.69804253421263,1.60246346057187,1.8154659004913,2.05656048175686,1.99274671173055,1.41326013077682,0.626601611497642,1.46438770026463,-0.706409381196451,1.0703052816323,0.250701704335032,2.33923705075369,0.874103307561993,1.49923266749088,0.827734305453823,1.71120439768357,2.09239121329494,0.799315623575172,1.74020359268405,1.38511200114575,0.24182479817127,2.01077533118375,1.424125187768,0.665126675117615,1.41779131622371,1.58159700123916,-0.636038137940756,-0.28256634185011,-0.586884411929573,-0.709685805633363,-0.758537516207807,-0.75192845735812,-0.690787764878528,-0.893747373887271,-1.04927638542115,-1.109232358254,1.04926918646666,1.51102883942484,0.159409972266356,-1.13740663618249,-0.0663972505291845,1.45507654253471,0.527533741286021,0.33576280844893,1.14189276667835,1.20377066761103,1.33665131424662,-0.585004562412103,-0.236547441109639,1.29794056926404,0.500082030312492,0.732367657447897,0.821968009384552,1.124985888418,1.68079535221125,1.87181866065187,2.04598771610435,-0.542872353537689,1.08024704733949,0.698275923724767,1.36826830278891,1.69895334451847,0.346697700163257,1.06074354682167,1.50526203903419,1.06621988785413,1.61831685555374,0.566621433263133,1.76310541567284
"STAGA_Bs_1 (GE) - TPM",0.615991172271554,1.24672448468166,1.3906240577436,0.0221150988651357,1.09835225326069,-0.556244605299055,-0.620028643358141,0.871509594290496,2.20295637522405,0.74126288756537,1.46155258869524,-0.451908990941091,1.61638085231601,-1.58132733117281,-0.275902032982165,0.546922192276583,0.556110797212999,2.18651741123116,1.32575386577353,-0.603644934839159,-0.390850732414495,1.56712897051264,0.258903543018328,0.93238503699246,-1.05108178002441,-0.577763362539907,1.54861344131968,0.0844432959978191,1.97554566873991,1.04216200663408,0.00523999590945554,0.302266525088461,-0.524696386133254,1.11071229205378,0.872280188732939,1.06419074596879,0.864477015021444,1.67533144178748,-0.745038784778642,1.56835023649039,1.14577636168988,0.584167854591981,1.90307127875717,0.0459413589610535,0.885710065474944,-0.522304832729397,0.0111991246882421,0.851453801915823,0.719603626479785,0.754312704646384,-0.280146754443306,0.250903826570951,0.348606115236535,0.971103925947262,-0.160699205217562,0.086754489488612,-0.320737084106211,-1.5628199476384,-0.724162000643704,-0.588899211652989,-0.503800806517677,-0.528244726859472,-0.514924176710941,-0.597618601093789,-0.561695712394854,-0.424267362624739,1.07229048410884,0.358643555229121,0.0164038477582399,-1.71703018406382,1.16539785838973,-0.383627715645975,2.1106338884568,1.49360824457419,2.84895664627443,0.116434499274615,1.4534333223335,-0.447118372623047,0.078536465467628,0.621709830356202,0.100380661602405,0.638295242306463,1.40204928320021,-0.620728385801908,1.16174808047675,1.52709631660843,0.413081613513797,-0.517737554675047,0.911484679086322,0.67636824929103,-1.34479915691529,-0.175115486650631,0.626269366564875,-0.318966607442573,1.17843947037652,0.261376551397261,-0.767105965054426,0.69378630928185,0.222065237777278
"STAGA_Bs_2 (GE) - TPM",-0.597769836313108,-0.467591242889381,1.5227282474151,1.25215093357639,1.09608497910944,-0.170896334022904,-1.20408428653822,-0.262374074196819,1.51330674331599,1.05866745122414,0.0350133078845692,-0.136147018196365,0.736878084321355,-0.556022178044707,1.08207456407792,2.2075560120688,0.328752987858528,1.00339716101816,0.823628579755746,-0.518828479159191,-0.192870055722961,-0.115681969801029,0.862459280956636,0.817879450455505,-0.712862098672234,0.352472353181321,1.630330588222,0.189191763038507,0.849949271915467,-0.424735719142132,-0.294249286320929,-0.263666063933095,-0.442143903474641,0.442481723791336,0.0922616290823653,0.708358339068629,0.062663557213974,0.670458100343964,-0.72306525419322,-0.23057500661436,0.242799688429694,0.492718920915694,0.275760561176078,0.682097753378706,2.69388216113201,-0.172327736572777,0.0776214651762743,-0.10132607736936,0.363960772141069,-0.0278386377597465,-0.38011438335031,1.52258401781331,0.51559951577017,-0.365517668998536,-0.231537303967181,-0.578754969334671,0.436810471917317,-0.970561567810314,-0.800237974325618,-0.212547092343449,-0.0941096867316866,-0.0956179768160119,-0.0110468781023052,0.0153680884684542,0.0887465391432416,0.505385957194203,-0.105622630436763,-0.230349385916844,-0.707394087872073,-1.6569033267743,-1.21977363864006,0.250240765073339,0.572456234961324,0.115146128668584,0.124673060429783,0.142929299800331,0.371991757104583,-0.104993396898349,0.823082597968249,1.07565095854204,-0.767387872181699,-0.0301116654905367,-0.0579664245757107,-0.388405739567541,-0.0841395856565607,-0.142507709569293,-0.122040693738127,-0.511075399637628,2.08130154655037,1.15165681917716,0.174066054587536,-0.895323796764956,-0.582447384425413,2.35241720818355,1.32152459277343,-0.259105341384556,-0.456846881463264,0.313323699631805,0.618789490048813
"STAGA_Bs_3 (GE) - TPM",-1.35748966514161,-0.320949780899733,1.62745037328569,1.69083981696394,2.13619673061271,-0.269132904700133,-0.53026982531753,-0.504760254977252,2.29975853467176,0.985540200521981,0.335907798510621,-0.0172531693360079,0.435023111319372,-0.59634844003975,1.07040236172971,2.13056807193178,0.501236739933598,1.06042978114185,0.590303679739585,-0.241417883778509,0.0913525043192548,-0.378639075996505,0.900785019584779,0.350295913128708,-0.554444566772728,-0.524920180645863,1.26875156216674,0.0129231466693298,1.01735286892427,0.415756894259452,-0.405408206426632,-0.646089867352907,-0.163128030208364,0.45859033194294,0.0426771093602359,0.562771601184336,0.213595817480361,0.497217697271072,-0.620523813523426,-0.440519096583505,0.0815846246816897,0.85873818970937,0.0299227829118962,0.940099089874359,2.66766113810019,-0.24885990741965,0.181767293770874,0.059830794489324,0.706052688504794,-0.219577776547082,-0.507843305743181,0.933250706848321,0.418237540919362,0.41044405892183,-0.204440507210337,-0.467604411602944,0.63660539917281,-0.995545193952667,-0.831176245151986,-0.10694442191695,0.047624626851696,0.0078981640216773,0.0808909236529764,0.111149842455338,0.408124951144017,0.755263947489234,-0.265121298059083,-0.493524898639611,-0.486794632229305,-0.725364528216145,-0.410534480335426,0.230442801937099,0.713713488086044,0.131729935640732,-0.0280193596990794,0.0854497331619745,0.0180766893264643,-0.0151121472254095,1.15015730123775,0.902566558048863,-0.789158584041907,-0.371369531445448,-0.172998406567899,-0.150227784845031,-0.887347778497185,-0.207430442574091,-0.601020156506047,-0.521055554494245,2.23021060819271,0.940224515473841,0.346707914964774,0.368031005156093,-1.05925075290123,2.60430640821053,1.95848436315711,-0.0995880328763994,-0.740890312517839,-0.22522039524433,0.643499244872147
"STAGA_Ctrl_1 (GE) - TPM",0.147318110145837,0.071646645285563,1.04184046305643,-0.580013220943118,0.0713261716375763,-0.532871103215595,-0.56419999028208,0.558255487645729,0.0707227192979344,0.107959725917299,0.338112163838849,-0.584437208954334,0.431888211880676,-0.767249903729708,0.347045011471057,0.0271407902215904,-0.024666419785787,0.452923329945289,0.597522839934434,-0.820481899994589,-0.620524374806641,0.612747839175319,0.889621054667471,-0.915900683087743,-0.311452870990467,0.364428930842312,0.301110774570438,0.22689979516014,0.631345191215321,-0.284170930588944,0.119828134665736,0.0127577020676428,0.440672559954907,0.309345433677923,0.147173974381451,0.355271034480098,0.25045537164466,0.651520234416075,0.370083486239405,0.116165839955929,-0.118454102377616,0.429561702183821,0.340963803891514,-0.0844156832516791,0.0833730765749415,0.503778190648854,0.211479263804161,-0.175914795654514,1.31582772544054,1.05462609433375,-0.349963759320963,0.865471399842121,0.442334099595623,-0.247745553703928,-0.123481504110478,1.14740476348905,-0.60027337283592,-0.599652867806134,-0.783679678937874,-0.66907399764318,-0.653980773472495,-0.631098733910898,-0.531959557774464,-0.482294615064012,-0.354081888001356,-0.201119043496937,0.786117729153585,0.855757109848865,1.26339179790717,-0.736492001835604,-0.275021171274955,1.08481706950785,0.255586685335068,-0.123525421874852,0.410191585098521,1.0872324194307,0.368916192508436,-0.569919029012639,-1.04279842766375,1.26831624418719,0.331681567155437,-0.12705937725805,0.507023231537802,0.171257759852444,1.57406637889585,0.706711464684785,0.132000141458745,-0.52721278348473,0.762210680662592,0.0605315948950187,0.267393762309693,0.353392714653004,0.0468338766467905,-0.128119564830061,0.237300253014538,0.222030410776526,0.869260487303563,0.676977817471555,0.560067917865688
"STAGA_Ctrl_2 (GE) - TPM",0.133600350552871,0.353772770135284,0.507948123948302,-0.673270662659966,0.819115497044552,-0.486708557449381,0.279401055035413,0.727407703859002,0.715616530246588,0.318305014004731,0.758224024844544,-0.555114000453983,0.492349599734207,-0.793938762253724,-0.602468318691729,-0.54678840603123,0.49864931280414,1.41029626336415,0.480585730005148,-1.20112511677329,-0.640275427983764,0.390397612213756,0.372180438847631,-0.559941769336586,0.0331021979219595,0.0484559362829014,0.530728914212448,-0.129873071821481,1.8893768857356,-0.00746802396727596,-0.198435630676607,0.21860214544116,0.0573402837627689,0.0383568181303052,0.335337985582491,-0.0618069355260395,0.914172447768672,0.71891225498399,0.468859030813066,0.493094877674359,-0.0144515556758488,0.196590662006861,0.46150087621114,0.35721351919151,0.694468542895366,-0.579635377808882,-0.675366995360909,1.78268999192817,0.789396935276029,0.374969198498628,-0.782361216138043,0.0199938435013747,0.557509571012161,-0.947273908355096,-0.165925949730872,0.078242348814872,-0.615717610469259,-0.902963494132201,-0.652701362715596,-0.663839663452882,-0.63156943326652,-0.629017497996566,-0.52599345517561,-0.507621990691057,-0.195864989599968,-0.126817048534038,1.35412922547095,0.786563481551777,0.287812039675888,1.13348178257195,0.586398530912251,-0.00421203151372686,0.244067057420772,-0.0760250724060108,1.35534440814768,0.0127781751084104,0.62131446345349,-0.537741479147119,-0.798939636715296,0.624230461159942,0.514264696210557,0.257215199838975,0.648238349570024,1.17727087000663,0.563604741254795,1.21084786811767,0.965213154011754,-0.530760902416259,0.325648414585731,-0.606467503761802,-0.708277461415703,0.374012280028535,-0.202792346349024,-0.096049930361157,0.618184859210049,-0.117691257697533,0.174090056405775,1.07741524473293,0.456333968045451
"STAGA_Ctrl_3 (GE) - TPM",0.373947775064248,-0.10187257492216,1.1081549586839,-0.640188118685405,0.538618703666995,-0.568033682790073,-0.197744115676124,0.566401655946558,0.258658448877692,0.354608176802006,0.407757210071254,-0.563791880699111,0.31783794909944,-0.456346213892568,-0.298171004257157,-0.357979109374937,0.263149002161003,1.03807157292458,0.7238946194162,-0.964316601903238,-0.609833268329269,0.452607072441449,0.316175820767248,-0.791538056177269,-0.301941844481233,0.320431271225672,0.443615103667874,-0.16406404886211,1.0763042483756,-0.285244594973155,-0.108767679607504,0.132114879560478,-0.0356983913494612,-0.0207456627279761,0.102597545679769,-0.114315823270631,0.517036086893468,0.785322899079456,0.339329821010052,0.208944554046442,-0.0915294965895431,0.581533207022869,0.269643251938066,-0.0716193846756487,0.560602581600251,-0.630752909820967,-0.230143091065621,0.434997841002101,1.07252013127884,0.960643429753347,-0.793499627795987,0.441339727757549,0.340212555539771,-0.621005756205413,-0.295091142895012,0.5604737719918,-0.624096839967793,-0.846168442974245,-0.773361445479525,-0.672087024233773,-0.63683904023656,-0.637516150761196,-0.530189570192339,-0.522825859034074,-0.248419158221034,-0.0345331319964966,1.23427990119271,0.601439604655333,1.08209119182199,0.28049881321146,0.399724483153923,0.829862307970792,0.643736817614056,-0.0825255375059969,1.00577579123797,0.0889298709543229,0.168988281395723,-0.547076434702631,-0.890800151705258,0.720983933339624,0.65923107094778,0.0880875821430743,0.916494549756072,1.08392088501161,0.532071453427302,1.26212778315181,1.16462679972687,-0.540488700389865,-0.0650582341407266,-0.395170715959542,-0.566025890187573,0.293842205941749,0.467213599547017,0.00899206302863912,0.31964778460525,0.000618113534451705,0.335872327331087,0.804668547772516,0.356950162921388
"STAGA_Li_1 (GE) - TPM",0.592124564669283,-0.0717227850653926,0.8008164125868,-0.594588567226963,0.155656527463625,-0.546608401571116,-0.645490102799772,0.0666359452655827,0.0770031262825992,-0.305181716040799,0.1526563222349,-0.537924147865579,-0.235637121189623,1.63163708584151,0.329398635046149,0.278985939890253,-0.471891898124671,0.155433503164973,-0.0639649037830596,-0.253384954724081,-0.551091146199479,0.409235810169351,1.43291310278726,1.22957778962698,-0.392943370267745,-0.71063794802933,0.2337572101867,0.67050895843918,0.325488037444838,0.200167127451884,0.64814279078397,0.553062855407034,0.516395929536646,-0.110109225283234,0.122644222956368,0.115088809895332,1.55456952144396,0.832519786307621,-0.686161553122,0.74007912527275,1.21497904723833,-0.453855533625664,0.546210185259256,-0.171485724603573,1.19859411336598,0.346329331564066,-0.316418383844925,1.06090887173666,-0.256119102197392,0.225373075869072,0.0810478234255374,-0.172608759253938,-0.266744007139111,0.759472676343304,-0.198087082738566,-0.551367936029114,-0.578076353333186,-0.644566922276722,-0.917563069812076,-0.612006883155299,-0.591629974776472,-0.609628321548612,-0.548876872575555,-0.656124143771306,-0.554699032638568,-0.297344878923685,0.298631490607272,-0.59222932976352,0.0563001958120092,-0.145782348972683,-0.613578963927248,0.259153770621645,0.718026871248487,0.606996383528064,0.759947625128207,0.762775286502353,0.28350843077134,-0.543542835985154,-0.322229815561544,-0.426250618685955,0.35042538659445,0.568619618383595,0.812598832979373,-0.214402563232013,-0.970357328243243,-0.976125941518176,-0.603977803808009,-0.509447884129987,-0.397493594221659,0.578845374652202,-0.152772199425181,-0.517412200367872,-0.748116584869219,0.316135531956145,0.402227765974534,0.992170627102422,-0.341024646702841,0.770269719034352,0.203391575857811
"STAGA_Li_2 (GE) - TPM",-0.0869662053684827,-0.147675157975523,0.711483766278586,-0.547092613392077,-0.201881642592486,-0.501035671892639,-0.82902017815886,-0.215171438023293,-0.58742436405093,-0.588808606678186,-0.123765707251856,-0.553361292225464,-0.244519507243491,2.08414044004222,0.859733745131487,0.563138993545393,-0.722086720356895,0.337165140284467,-0.00352220650482353,-0.144391561500536,-0.559216386064449,0.237938598982751,1.78185273845363,1.42390575553767,-0.0827310109417729,-0.860037017240499,0.0161895193126115,1.12875719029278,-0.159699078587019,0.782623835631511,1.24758564055415,0.345799600380354,1.10314214734758,0.280984150538525,0.19666767164596,0.261310879023143,1.40698415111885,0.73050242710975,-0.600154484194537,0.461519092353654,1.52170632586944,-0.328061542939725,0.670451124824881,0.0482461260392178,0.732752473115343,-0.100773213589203,-0.00390346995990553,0.506570200532803,0.0177992809634153,-0.139556776863974,-0.564221329537825,-0.062068977974691,0.0755089610854245,2.68326234762384,-0.0118119870512511,-0.333327857996174,-0.562778841085217,-0.411912753771027,-0.84613976078851,-0.615365393232916,-0.645445630578958,-0.627446890630963,-0.53304708893227,-0.641117547733844,-0.621877176058524,-0.521025708374592,0.0894473650277247,-0.686496902668745,0.299139548641493,-0.840594087039243,-0.311971672244572,-0.342060125612439,-0.294672410176583,0.443596867806975,0.520703359257837,2.02352658481135,0.218693088591297,-0.530703975731503,0.0804434449302252,-0.0269288279008134,0.913843402182218,1.1193931630844,0.494023503940879,-0.562321480650022,-0.732508292271103,-1.47285896470059,-0.540694878864538,-0.498180135424601,-0.0735202283727076,1.23624803834501,1.45463844710299,-0.482904374955407,1.35615979103774,0.108098149536906,0.481645543593904,0.395510404985425,0.213917671857814,0.21024426533786,1.05197023751573
"STAGA_Li_3 (GE) - TPM",0.778747073566586,-0.174916310524908,0.797784859438737,-0.581802754692591,-0.0451395135286864,-0.621999741520749,-0.0637432417737069,-0.00613331319270199,0.487233026625553,-0.531217191433578,-0.323707913027149,-0.555222230598223,-0.370143210410928,1.87149202776035,0.347845600662603,0.688682093706849,-0.599009517335832,0.261463513821339,-0.0443738712296299,-0.339686809845002,-0.532040287754465,0.246935728450758,1.51358545851573,1.2652043965515,-0.10886691767044,-0.487384253237785,-0.0384053094766793,0.966878783471326,-0.36652218975875,0.294291841825272,0.714271451172931,0.588747137353826,0.520139325172303,-0.160384410421848,0.0682172796682869,0.137880821796343,1.186253535312,0.388379071375752,-0.624354497719317,0.385883713897764,1.06258739164571,-0.578120744718835,0.421542389529884,-0.140289171074637,1.10455179197994,0.353606807344499,-0.0829562370216837,0.548828175634096,-0.475591554675945,0.479757572413483,-0.101611789505545,-0.1120109852775,-0.254541206324573,1.75930506913969,0.100248343629291,-0.100224002278878,-0.584937275583784,-0.481748992286847,-0.661127000601703,-0.626617722321387,-0.670606095240147,-0.627242145468759,-0.515992265616853,-0.646760396670117,-0.63535669555126,-0.436553593447418,0.292811475389538,-0.653036096392071,0.719883469184157,-1.11983522867302,-0.0338542175771503,0.221901740871479,-0.0204239000279639,0.941543352987624,0.129795854065129,1.22855283261299,-0.0569808184131652,-0.556641122080453,-0.0956187741024996,-0.183244540919568,0.537375808386061,0.667498364128508,0.750757198185082,-0.806266065869293,-1.24826554105074,-1.08649689620653,-0.569321300078127,-0.507162493474855,-0.09160339507279,0.724648408666449,0.351024812533068,0.138829688067331,1.53663202050619,0.449097809663841,0.398649232316638,0.957567558748729,-0.143198190136357,0.563528288382907,0.594096793686742
"STAGA_Mig_1 (GE) - TPM",-1.19754811552586,-0.806332988606492,-1.16599851958936,0.737852943890208,-0.861968847466552,1.78921843123453,1.13925246761406,-1.341087253416,-1.49363110955564,-0.861263952191853,-1.88124559083924,1.97142026815374,-0.88742863005149,1.26195984073961,-1.25731382930574,-1.21009320269922,-1.33405112311142,-0.471504323667406,-1.02766737819695,0.950165014677754,1.57512402376096,-0.904504150120145,-1.40642423018777,-1.29044437811835,2.05087716449838,-1.23100350524448,-1.40179994917816,-1.47512186684016,-1.13741605994686,-1.19852735161557,-1.62033568516068,-1.49316268383846,-1.47132915678035,-1.43643357876233,-1.52975845854553,-1.61125805484714,-1.310717218593,-1.54504725621293,0.712918369860305,-0.957733994792739,-1.28530096184864,-1.38071587146279,-1.36912979220149,-0.71004127543631,-0.98726762807767,-1.18617744479573,-1.40840809470058,-1.17380499560195,-1.59630862049239,-1.44411747008192,1.71086595330284,-1.41582998445239,-1.57061038265565,-1.61277319437455,-0.85239581108963,-1.39411652851982,1.56785850431205,1.42496609855517,1.73519469625515,1.47389618656129,1.33450578060356,1.27130441955677,0.40933925806244,1.41277288454287,1.5458974478638,1.13145758751811,-1.51141759190375,-1.11352799092832,-1.24980300052515,0.792882403712989,-0.408405886199054,-1.70683636573735,-0.446924853161173,-0.850011748418325,-1.38149946354324,-1.76535179143007,-1.61974417570917,1.65330105937534,0.791027181074489,-1.94597774697045,-1.09949743890155,-1.17739381582626,-1.77633904864588,-1.2389400115402,-0.827132480026942,-0.626808566976151,-2.01068904973169,1.03819526939382,-1.44362552724654,-0.878415822338882,-1.05783217462775,-1.09459512544485,-0.658047201936195,-1.47109010250442,-1.23398754117571,-1.20837812093772,-0.687518202336121,-1.33526464648277,-1.20418118779087
"STAGA_Mig_2 (GE) - TPM",-1.53575986234519,-0.941390759079363,-1.32314897940554,0.532149984313426,-1.52138857831144,1.53940627687257,0.595774705645509,-0.909008669999428,-1.46922772991133,-0.537530844460875,-1.25535596646843,1.19506139106719,-0.502570159150657,1.000412389527,-1.4673032744811,-1.1103845901371,-1.20814530016707,-0.0323569767106396,-0.110250462799897,0.633737854916017,1.89682041391818,-0.556459567098184,-0.952550131599812,-1.32251325563959,1.10179759239715,-1.28791685344562,-1.46115991626332,-1.36257436941375,-1.1360505558819,-1.12310208121357,-1.49387330868941,-1.49949179630065,-1.58906315214207,-1.07680518035336,-1.39320321207113,-1.44093837013841,-1.13552097580774,-1.13614074527159,0.68845034015544,-0.897319944019248,-1.37819039988136,-1.43846430759639,-1.1769189085329,-1.40494399818331,-0.652255304393012,-1.30936465496305,-1.25694013562351,-0.872238869666765,-1.5162332173589,-1.40561848742512,0.634809165050181,-1.80886147358383,-1.4652775001876,-0.564336681980537,-1.11941410132145,-1.29161059507933,1.42867950239256,0.938939654673803,2.28896982908536,1.20320289799769,1.12812485537314,0.951710331884657,0.612228695979599,1.0526968685992,1.63458250305903,0.985653485156522,-1.31868996465587,-1.15042158505914,-1.46815134378784,0.530290901299741,-1.18051022055262,-0.703736622871193,-1.07312834870062,-1.31422165007411,-1.10864679104914,-0.8066802106409,-1.40579269558239,0.967998969290373,0.859495060457967,-1.79053732179229,-1.35287445992205,-1.43521178236622,-1.6944480283912,-0.509216741525193,-0.871131196262283,-0.401028857968299,-0.921770609431662,0.898076282588256,-1.4300700331481,-0.733777627126518,-1.32441012154157,-1.56193679505479,-1.16482085019571,-1.06481496424087,-0.840920592915358,-1.18912683918049,-0.60768693603635,-0.967300374253298,-0.841602334963838
"STAGA_Mig_3 (GE) - TPM",-0.77592047250072,-0.805702629998643,-1.38320173742073,0.914313498353888,-1.10576759662819,1.41670533318612,0.120273864020659,-1.12198291654046,-1.5509303109663,-1.19243515189027,-1.22121464315075,1.37837590013543,-0.538480904712739,1.11285618822048,-1.16950841060304,-1.07857891873803,-1.24436082810743,-1.08120922794576,-0.168884050729909,1.81247338822121,1.68789474698767,-0.303534509167318,-1.00328924711904,-1.34785578900159,1.47590571875617,-1.49864792179344,-1.36118179626161,-1.37888436323617,-0.684054884916804,-1.07360359243542,-1.30160219360562,-1.43563803223905,-1.28950754327243,-0.989481013543991,-1.24386964035866,-1.44716748399596,-1.05423014970373,-1.21992729746582,0.467326004541232,-0.999820958720497,-1.29079935319406,-1.53122809480167,-1.27168929386271,-1.85875510139833,-0.781037466300492,-1.49814577854817,-1.0040766407745,-1.11383104210889,-1.00525141613666,-1.56635606498244,0.339490626459376,-1.33929024051151,-1.63000465508647,-0.968003467444644,-0.831595157195167,-1.06331570717418,1.27971202236465,1.45929458041537,1.7653838390943,1.28012083054884,0.876579606367409,0.957518494436791,0.598737594882761,1.11516313515379,1.45161424617483,0.964502821791666,-1.28272498437119,-1.12262515083133,-1.55287821555001,1.24325790008205,-0.623110311846412,-1.67801759407387,-0.95848172251719,-1.48523532952249,-1.35331874341966,-1.12277972230036,-1.30461807792409,1.14107858844485,1.39122643633146,-1.71403313619324,-1.37660849774467,-1.26392088359772,-1.35869903400882,-1.12002779852905,-1.08918847009324,-0.557286806579404,-1.10154027094142,1.02764830991881,-1.33143744260976,-0.559369675338337,-0.645121801512981,-0.553111314546172,-1.66013627970065,-0.829444537301887,-0.982380165565181,-1.24791272243923,0.142642726987097,-1.61532719800627,-0.478503072387557
"STAGA_Nd_1 (GE) - TPM",-1.19812282096079,-1.90186807665555,-1.22450670550507,2.05213113045219,-0.62524969874522,2.17632391564354,2.14807246846091,-2.200587952213,-1.8602338743777,-1.73539554320149,-2.02821921965738,2.06595692255196,-1.71757545475438,0.8558826020735,-1.1519645861163,-1.32225469796039,-1.42674273570886,-2.09077861946159,-2.44260014594944,0.959609521339257,2.28422233962011,-2.33177414845354,-1.58278296180893,-0.861372425678162,1.77745446536936,-0.887456587178906,-1.56049346471316,-1.42913579311551,-1.91762133372631,-1.07616087429865,-0.996261673370783,-1.23208562763677,-0.909059388661714,-1.51737577427817,-1.31147177601043,-1.11646939972787,-2.05481400917157,-1.66243119487659,2.47808563582172,-2.13971517480336,-1.61208205501239,-1.09174453158891,-2.05121604170626,-1.44534976473614,-1.23826087467684,-0.207298929702714,-0.733831130258068,-2.27098114939471,-1.38038930652088,-1.92095430382234,1.27551337793709,-1.44933358978503,-1.41894236462172,-0.63157496959482,-1.50863244453088,-1.17628746238322,2.04017453968871,1.77944627882764,1.63148463439318,2.14652916518746,2.01383759399972,2.32966370996467,3.04544651778115,2.21531922458158,1.10699488732459,1.94424765138086,-1.84287953999542,-1.81681011531177,-1.37885024246514,1.37296546807905,-1.3538775737564,-1.02075485271467,-1.85739242656865,-1.92759154655495,-1.13861458550087,-1.50440239549903,-1.68971186057927,2.54556696675114,1.24675582033455,-1.63366690914076,-1.94976310189797,-1.87161546346776,-1.4574490365631,-1.03921055581618,-1.02144736172254,-0.994905345900848,-1.3692965371367,3.09889753785682,-1.52934611577624,-2.13227378800718,-1.42649707484898,-1.42510460041579,-0.591529453786246,-1.30318219034109,-1.62677887619072,-2.17460741488023,-1.99218520180308,-1.53776636544398,-1.82993292191277
"STAGA_Nd_2 (GE) - TPM",-0.763506041619023,-2.12596918189982,-1.31846476011794,1.86675117026747,-0.872553827754533,1.83253842286653,3.31411423233334,-2.25797248989109,-1.81003025564686,-1.90431719761483,-1.96974735006504,2.20096020506497,-1.79768134362682,0.873990802497738,-1.2195555074602,-1.37504916363779,-1.40358959831866,-2.28032410626583,-2.42719523245655,0.870491433452202,1.92751940986284,-2.33244926599998,-1.59239638811233,-0.962724199059506,1.52735090254349,-0.829063751001622,-1.58696243566894,-1.46908850699002,-1.62099775553664,-0.892693889976429,-1.10407342164493,-1.04891442605439,-1.13252266975566,-1.58962129366692,-1.43065782284312,-1.25085279841821,-2.03210057089117,-1.67195382451275,2.29872811594965,-2.2370304020361,-1.69652190201112,-1.12615328916488,-2.14688785867034,-1.39732113938458,-1.21010728981691,-0.88163467888795,-0.652904277235507,-2.1519860265168,-1.67663958796068,-1.84353783508919,1.39258946481799,-1.42126001108855,-1.53056646860649,-1.36221290690945,-1.46390156686591,-1.49270376385357,2.00762327004542,1.78411301635529,1.53697199268629,2.7552280985588,2.44329205611761,2.2306104502575,2.84926799302152,1.80979203453718,1.16840322195856,1.8335230673716,-1.85924891446705,-1.8674798285975,-1.50485470875956,1.39473551487204,-1.5496845324511,-1.06535656971108,-2.24140798725163,-1.71597393028045,-1.04799802644905,-1.64394909400626,-1.65053811379722,3.06053257151372,0.84976250510628,-1.53091555787275,-1.83046010565676,-2.13200487829828,-1.67249055422544,-0.640808702975214,-1.06867657683705,-0.855362240203668,-1.04932149075176,1.77635413108813,-1.45981136969097,-2.13073587902539,-1.45281386537624,-1.00724022671839,-1.03460738141295,-1.51081908847943,-1.78018183991134,-2.08333587582923,-2.11426027053435,-1.42827415762726,-2.03495643960757
"STAGA_Nd_3 (GE) - TPM",-0.496805996202931,-1.86638122573132,-1.15722911344851,2.28877867938246,-0.737954963929013,2.06642340319937,1.55161249354731,-2.05147776906657,-1.63853964792154,-1.69425974837274,-1.59437275042037,1.92535374922829,-1.56523176193182,0.592663603585266,-1.19124612457748,-1.29020077952087,-1.36480477716954,-1.1597700728786,-2.2762113099655,0.675191961000766,2.46597720582754,-2.1764829052986,-1.64441503462117,-0.869018521382362,1.68653601352695,-1.06926116029372,-1.45810062835703,-1.43032974630561,-1.77087514964118,-0.705778281980846,-0.887552139468617,-0.899667724650033,-0.951907939606907,-1.47128619721721,-1.15050566712503,-0.910330560198494,-1.85031867054677,-1.58366083159392,2.69877765903933,-2.07410498215339,-1.56077357419408,-1.03589995978868,-2.00054284250098,-1.44160292644497,-1.26248264371518,-0.352747992450134,-0.593682336079252,-2.30045437487139,-1.39480210957941,-1.60938836263715,2.16337115048645,-1.27527143151563,-1.17488369519336,-1.66407254489955,-1.52432522336869,-1.11842490494653,2.02806018417313,1.85459604060879,1.10993166542609,2.01741355459422,2.53986470928368,2.56877683343636,2.57971478537267,2.17611754621584,1.95745016784695,2.52364332803396,-1.84333063706875,-1.63260599648677,-1.33707029004151,0.796839220129128,-1.34940608021132,-0.700039211999911,-1.47403177103194,-1.39235428640461,-1.06080660952291,-1.22994673154361,-1.44358725555689,1.77362518816433,1.29371985988728,-1.56211624603093,-1.85519045127252,-1.97668550517252,-1.44031390380318,-0.918075064099839,0.26390243075518,-0.694167592040745,-1.29209451052377,2.55052840089293,-1.26297824108175,-1.99941087348837,-1.53071988193706,-0.518211454514312,-0.312228705964615,-1.31835439766899,-1.56113551608809,-1.94191327929837,-2.16503869375801,-0.701438031986517,-1.88898981881654
"STAGA_Ns_1 (GE) - TPM",0.867577139601105,0.229352596434636,1.43959033550778,-0.670274967361609,-0.550175998912871,-0.547145717648738,-0.235716760895663,0.489029260688837,0.406511733764417,1.05432129703388,1.01926424522748,-0.611179002718164,0.44436388931655,-0.620825939173883,0.77928111317601,0.218169095244135,0.512442362361848,0.547172134102891,0.578937628513921,-1.41342258202405,-0.617643089521929,0.786797077356699,-0.310233946762932,-0.257535101782811,-0.246838205525854,0.109514618958552,0.191347659399392,2.07801644785726,0.148083756975501,0.343568644079869,0.170432470298526,0.688880322216031,0.404414429068688,0.715933834449636,0.672558297475319,0.628424078129608,0.672707953068343,0.543735742874721,-0.319370490792624,0.383008809066732,0.148077754124059,0.952291622604792,0.420500493214956,0.549532024022824,0.675747229289079,-0.19450791855497,0.0586089062113826,0.813802530554645,1.04020923444662,0.837112695753872,-0.804253948856474,1.20932061072915,1.33338562665046,0.349952274477404,0.39922992641752,1.75622271137682,-0.635386035765424,-0.806342333628597,-0.740755397402041,-0.696383216097091,-0.723410183929967,-0.698244120461294,-0.601615498553646,-0.661782752316676,-0.596354307663754,-0.47570855648126,0.798160447967166,0.554409588647609,0.281299380984164,0.881122521034652,0.583693751283251,0.93651263485861,-0.192889983361291,0.422447883058086,0.700630322565818,1.15307699801075,0.724714020687373,-0.57128968493764,-0.677204887100716,0.910992248531416,0.713854373682293,0.227449417770777,1.05947340256449,-0.128964432815947,0.184035791395937,-0.571007094868775,-0.0988226860268507,-0.53005108352961,0.535015448515425,0.453631271924619,0.963420319404367,1.2137269524864,-0.0474731663673994,0.866294923238975,1.14013236563516,0.227392634756385,0.666359296318329,1.08461047986425,1.06260068293244
"STAGA_Ns_2 (GE) - TPM",0.919662311208573,0.0455411821125358,1.58754996017295,-0.624441345821905,-0.670023206125092,-0.448820036476628,-0.478386112190239,0.0708696667338658,0.420953417633082,0.982264582447729,0.368496516145175,-0.600366586709381,-0.0425039062438535,0.257132431299125,0.016721823251709,0.21794412147546,0.0936538288412856,0.606747437933393,0.741934889982908,-1.5280633408902,-0.680577505415859,0.367643763599959,0.081626766778099,-0.366834110260271,-0.226711635436205,0.236274866476014,-0.0145493995192706,2.33189619772977,0.442071756197813,-0.188231929069801,-0.00708382041982398,0.0165136435626555,0.0632718602559868,0.475247212217203,0.368961625014341,0.420186346849331,0.584641392499514,0.372450383111816,-0.0686981014247213,0.335135783917138,0.0833486365783973,0.405811602099937,0.0642187016412656,0.163170993122261,0.438264721942164,0.0744219111830267,-0.284249783085312,0.112599796265595,1.29463829243985,0.557108925122774,0.842419172199744,1.23012797181352,0.751333561919908,0.459607697613643,-0.00474588480906495,1.39568407303786,-0.588677770886383,-0.833800489810603,-0.814024074949931,-0.545771400419676,-0.509566910993125,-0.474907314053099,-0.312635146972735,-0.230807740299779,-0.0653367831529388,0.0416942494171912,0.520174848657756,0.661340234055082,0.201686764351162,-0.807841673606404,0.826208702688475,0.261973745315754,-0.210193566452452,0.0994080085225856,0.404841187591531,1.81197866143436,0.310916035414049,-0.584846812175855,-0.361360507129415,0.222268466409417,0.134791601483191,-0.142003659046475,0.766325433878516,-0.240362783465691,-0.195752176888658,-0.594920808659175,-0.365264890254173,-0.512961818803414,0.802109774077045,0.246315085240634,0.472154183013859,0.460569114055057,0.201926056150683,0.379120964422851,1.24349197339245,0.306038804482328,1.39892775302108,1.35175378710252,1.83045977815133
"STAGA_Ns_3 (GE) - TPM",0.54093118232358,0.291099162293954,1.32929113453116,-0.619051283412969,-0.603940323452166,-0.475967068084218,-0.477393281342045,0.00141815283757622,0.383125044003431,0.156240711592687,0.110215150914116,-0.591643211756721,-0.0266625838791124,0.146558567062918,0.788963095684676,0.255122304793309,-0.0275076188972042,-0.195209925123239,0.110983408524232,-0.876280119931607,-0.455498872514571,-0.150132953094614,0.324061709020195,-0.163463043382787,-0.297940015790755,0.202226900429156,0.0106615542504578,2.06326522215397,0.797157509270957,-0.440712540390469,-0.242391046198005,-0.171837592944794,-0.208802169582285,-0.0826728589760966,-0.263802570596351,0.0542263365737913,0.550533450902358,0.462472686696228,-0.206252654398706,-0.230840017355889,-0.0766810300137015,0.334273266306766,0.0969995123629365,-0.0687537507060227,0.58111311039402,0.0367966596330991,-0.204433372464286,-0.122083299457856,1.21079105751119,0.54921553263934,-0.414520614194186,1.39839400132361,1.02125895053692,0.396300554484078,-0.154459096792729,0.504619146703009,-0.622866506433477,-0.763640593861604,-0.847623669257192,-0.603939362370426,-0.592149820490435,-0.571752693718138,-0.493146626069077,-0.444198304230366,-0.347927544252929,-0.270133509904669,0.572479113431048,0.187831404698691,0.709980579722097,0.0251590282366988,-0.201042782591686,0.175899963694402,-0.26603841594206,-0.00488716368796805,0.0529108934258484,1.44318279070081,0.278422471770153,-0.552049286120344,-0.663864925183584,0.688332446299721,0.0211111826809866,-0.0980330234381967,0.576861605335617,-0.555144982717329,-0.538741350926059,-0.251068530230649,-0.182680520725456,-0.499311994627816,1.15885731056518,0.32220392088807,0.606502874842178,0.626978553746503,0.858784402771952,0.535333051340989,1.1987025923095,0.0297202295884531,0.565301117674888,0.925365463373508,1.24908435424692
"STAGA_Oss_1 (GE) - TPM",-1.08330216962855,1.53476193774376,-0.28912630522671,-0.721786068626591,0.78388647470106,-0.388919266139633,0.784247528385082,1.23407719503766,0.469512614520572,-0.601857135297269,0.36033082791772,-0.644468635408399,1.07116262275529,-0.452506074448418,-0.324988651880627,-0.752839420781152,-0.3527383109785,-0.475822075422545,0.915328227192427,1.10199417170511,-0.730473878447279,-0.817448806445647,-0.162421411527324,-0.612895929899611,-0.846143576529954,-1.0725216842898,-0.01516341859092,0.707703914538576,-0.544264683434292,-0.846041589429904,-0.694541603636037,-0.665372951362316,-0.640192818919735,-0.824298244348769,-0.765443290205776,-0.977699813237195,1.06205552362055,0.652358668000386,0.309079001835913,-0.179239032308044,-0.354714939959756,0.499481116285956,0.24752271221961,1.05798774145691,-0.347291872130357,-0.605496546084502,-0.887915559493514,0.701678921954959,-0.0182814955132531,-0.525424558443756,-2.00580012630164,0.274483730580166,0.151605170257481,1.1798482621334,-0.231015693658786,0.747699646554364,-0.647308595393953,-0.186213678986722,0.730271758335116,0.264657918932458,0.351190379839659,0.253744313404036,0.267816531528461,0.506443584710336,0.762266620583061,0.354837853454473,0.0478778085947731,1.16614599964344,-1.0193623597098,-0.117710138375961,0.625580293537117,-0.5892543091221,1.18585552151485,-0.382578087373286,0.187120928235314,0.195780587100493,1.07634332334738,-0.600102089843806,1.55517649197615,0.772897403876392,0.256850340216077,-0.148336967277085,0.484348955197644,-0.622253397962589,-0.903243313380052,-0.872924949415124,-0.284061779468883,-0.564441142320999,0.39555538784261,-0.845112210196349,-0.531503756017464,-0.449472488350441,-0.59506785516961,0.562945866228619,0.161188443341065,0.79204811468843,1.41417194556643,-0.567209831128293,-0.0337521566340747
"STAGA_Oss_2 (GE) - TPM",0.0570121033262579,1.70131590348983,-0.549897569587854,-0.667749630921697,1.09436707447924,-0.326150886152142,0.929223628774016,1.18369129148573,0.188373433016952,-0.519446138763891,0.0224329598808649,-0.641557766493396,0.750858696362324,0.0194483660109881,-0.0349265853466704,-0.725402060461539,-0.250672485600032,-0.762215721001317,0.772657264175623,1.17685556206587,-0.639743564403308,-0.688078347839709,-0.152875326441215,-0.397644454228674,-0.710048627377788,-0.970336124765374,-0.270641998014271,0.90947148211807,-0.683300642216564,-0.916658854767629,-0.646861230521693,-0.632211673722674,-0.562836776014859,-0.754748112433071,-0.675506745080977,-0.833155598975656,0.88333114138553,0.601052895966034,0.311243090536256,-0.120218289083865,-0.466381766088587,0.434356218989244,0.100534048299182,1.49142826735258,-0.207390501930097,-1.26390551152379,-0.585162261311298,0.904617974899928,-0.0738573182256219,-0.188130927795278,-1.61458945745573,0.4987471154434,0.44542158728607,1.10783790449905,-0.374381453983322,0.917020235980187,-0.629149030059307,-0.27542240454368,0.762130196571788,0.190949871294569,0.345402051944557,0.311821199639096,0.135033477106191,0.606758140053956,0.637288788041947,0.256539392759234,-0.310488564866662,1.46039657220455,-0.491185719568844,-0.154903261955443,2.12000659733791,-0.49117746393699,1.0666775086995,-0.421159806830495,-0.257079980103656,0.384165247154423,0.985782632902204,-0.600006561615548,1.7367335615516,0.708792975773067,0.394200321002276,0.151821233921243,0.913818542471579,0.159604104401046,-0.590217681346876,-0.705870836524722,-0.268075765622066,-0.56526649344346,0.272038520305453,-1.13716867413766,-1.23495696753287,0.508943388193942,-0.045799471215855,0.921710698223383,0.243615620916252,1.57436207812292,1.56561726903747,-0.615692978208466,0.479926686831338
"STAGA_Oss_3 (GE) - TPM",-0.294134119549835,1.6702931327057,-0.134572363459334,-0.734506177353601,1.95992892646778,-0.444362521713041,0.937584883452265,1.51498805019916,0.979225142159879,-0.82694620997446,0.628295509476714,-0.634332661079827,1.03161758583165,-0.711066074399812,-0.340906790876603,-0.811338349103813,-0.206584395734822,-0.625654018464804,0.724140001948972,0.800652919257809,-0.714117094760372,-0.638962554269861,-0.470004369313157,-0.407768050621376,-1.10627539500958,-0.895696850184418,0.102557553633744,0.608462951216199,-0.336936512248724,-1.05090057777476,-0.887678881626684,-0.687024672794686,-0.763208908232393,-0.845440092355568,-0.63312030373661,-0.988061412767602,0.884274668768641,0.491825133080812,0.383790502807459,-0.256760024137664,-0.604647202301787,0.330546594372079,0.137319989052636,0.850254943512225,-0.196714430846692,-1.05243091030831,-1.0429890270319,0.603472877801013,-0.292804276767302,-0.652777782364414,-1.18576850773834,0.158233047751001,-0.021967424478351,0.384768350749093,-0.285613289911944,0.607336995776301,-0.641293724393788,-0.289532550530031,0.39229136018413,0.192817394216945,0.672362231651649,0.401089413796645,0.121872390573333,0.697421040150548,0.557409024593007,0.215235183262847,0.218971312721262,1.21310978401401,-0.589104229132732,0.445588330427969,0.798703089898126,-0.415745883842458,1.27548060377984,-0.445221786981172,0.330692988567724,-0.328829029859816,0.93188055401801,-0.596358111333421,1.58532661841002,0.619206960557699,0.399485509950667,0.0584886713133722,0.459812724222554,-0.734828838644054,-0.854438047447248,-0.211137824756372,-0.386297734388413,-0.561592613967902,0.0303177247393514,-1.04191461810921,-0.835319890434281,-0.3702157247106,-0.202319838785821,0.893401214751655,0.0910358474514087,1.08122227844067,0.942223221250254,-0.411692022048036,0.152368600712789
"STAGA_Oxs_1 (GE) - TPM",0.951776716547058,-0.879133223384443,-0.454373876150866,-0.615409362824541,-0.859044480254717,-0.66608324033712,-0.469210608793521,0.0424654157486504,-0.0812936677457826,0.396058371979542,-0.135097639530426,-0.58941559360878,0.734967885064535,-1.05183746186981,-0.753156605413066,-0.236253054620539,0.778623068596194,0.0465491464197273,0.171045628743877,-0.000410045744852025,-0.508634432455318,0.381609982480661,0.656583707251241,0.582113568160779,-1.36447599819637,0.352320453569009,0.311362659511261,-0.352644161251298,0.73411512094596,0.254529442656878,0.25671524758041,0.51776606373905,1.07943985634791,1.09633423701487,0.902695169145839,1.39527392152334,-0.833089205000798,-0.264248266179042,-0.589054928057236,0.131471187450979,0.374859898257516,0.376791631510867,-0.23373290813947,-1.13284485774421,-0.398937756017732,0.238666803506674,0.241740655951029,0.116624113859072,0.544041859632539,0.019055621543223,-0.22915924481606,0.301200004680602,0.367089260510007,-0.403763698673337,-0.0859823873227876,0.304351809742674,-0.600860087728887,-0.36862374466069,-1.19635416906243,-0.700243170747614,-0.753448782455075,-0.745207254973948,-0.688599750626978,-0.885217931154739,-1.0408873416554,-1.10333912482737,-0.453432076797185,0.0656604616080266,0.474429981221943,-1.34056905295706,0.410512986309556,-0.534644585241071,0.0574972574168875,0.818936886102979,-0.527975896335392,-0.208527397427558,0.875025538720553,-0.557921544144074,0.185468148682229,0.538258352454447,0.182136471926399,-0.238844673446641,0.515934173559661,0.272187845286004,0.33631653173573,1.33207877496283,0.131753955171093,-0.528033368497177,0.444912907157769,0.331780941997407,1.3042534086983,0.986577795950867,-0.522228797964452,-1.04808799236383,-0.16843064396529,-0.439714324393051,0.301293419539413,1.20755360379523,0.0888445061450367
"STAGA_Oxs_2 (GE) - TPM",0.483357873491063,-0.205307052680812,-0.534588682840382,-0.485540317767178,-0.117268783792581,-0.636545598432061,0.0404457313104355,0.260807902323189,0.703215497668776,-0.190362856914893,0.122559935449322,-0.603592810238801,0.946544615655098,-1.35358720882178,-0.703383504628144,0.210822356267514,0.745916987929909,0.261854502728222,0.162502896217161,-0.0200293197237849,-0.563123334751746,0.729446164249876,0.955238403909451,1.15931932229529,-1.22600081349293,-0.229940563702319,0.70337749641712,-0.0509817712707352,1.31682496998125,-0.0218393649740793,0.762608067372483,0.301729564878298,0.52374550874052,0.866842385486879,1.2213056581018,1.12300352669352,-0.184079883538523,0.0195905606738084,-0.636008320783065,0.408244732239909,0.57006717906327,0.0759887373256435,0.0693574612291812,-0.745260014900216,-0.21100621889239,0.127395690339065,0.610993469696542,0.568706132864992,0.231596468799391,0.463761903522889,-0.180561976564461,0.0705607852371017,0.19255707509158,-0.134602685127765,-0.064662358096018,0.294521403008655,-0.617099384686811,-0.413779858409094,-1.33234610696115,-0.696729429763142,-0.749293766900486,-0.736824892903792,-0.686250123469824,-0.876574068577613,-0.984401611860571,-1.08107658472507,-0.0728734882563288,0.421015213062825,0.391779130544915,-1.29941995762024,0.445150659421145,-0.776909567677492,0.227238169732463,0.905008171637499,0.132677312986332,-0.0559251437309941,1.23648618664363,-0.564908133041362,0.203690263409909,0.781984584511671,0.112265047878914,-0.0749681505909053,0.807878035740826,0.397576422480284,0.630103049915007,1.11371785171146,0.599362124660969,-0.536340594068405,0.469009115345309,0.64006987676038,0.478947574146484,2.06574630046874,-1.66013627970065,-0.819023941253669,0.149258279226434,0.030727558303772,0.391231364312718,0.341039559684327,0.331422038100944
"STAGA_Oxs_3 (GE) - TPM",-1.87600654149692,-0.685769280069944,-0.23208287561535,-0.547857607205305,-0.298181980300481,-0.630443921272125,-1.18776623908095,-0.0614092223060702,-0.417206826810025,0.197968078526239,-0.590585175199903,-0.598687054865286,1.23325091838677,-0.909223732887031,0.168347475826232,0.205839671778722,0.133246648758303,0.34860852271217,0.0357547539766955,0.322561609365798,-0.561064056962705,-0.209276513858164,1.64796297191497,0.483871638380994,-1.13344552575369,1.82599772414879,0.622713596539114,0.0922830520126938,0.97854693233704,-0.602901297600277,0.409852047951508,0.121986250721702,1.29970235890688,1.20670236565655,1.04404266620184,1.65074763305892,-0.725288233190221,-0.22985517670487,-0.674554942990224,0.149165382543781,0.629764159760902,0.474836656541205,0.104205894442059,0.372214181731448,0.068774208781469,0.190997961706045,1.39128142731951,0.146240802013041,0.253974150180815,-0.294654923197158,0.00621950161062545,0.670870727063962,0.179282842150914,-0.158857580204737,-0.0521498913691575,0.788042805830814,-0.608104736266153,-0.386934226475478,-1.16486687792017,-0.707155578103721,-0.773866881914804,-0.741795587096893,-0.669640230476282,-0.853142589074397,-1.02587287481137,-1.1197633981424,-0.273404774821857,0.217208002605455,0.578614130594354,-1.26389897854475,0.653762699612895,0.151043467607187,-0.120809800945918,1.0790315058107,-0.346345392569327,0.724454184175854,0.492071673690855,-0.555296098932255,-0.760203073109067,0.868476759715048,0.537966108883547,0.714261751466171,0.555583512165974,0.632863880587127,0.32307381544754,0.811645830500447,0.670261561181409,-0.445770785445687,0.0749209491036237,0.749887326067224,2.06724964407162,0.059379190783206,0.908449260952099,-0.724037457371404,0.0103155304587145,-0.554496757349396,0.00137797539928477,1.01389715023064,0.821088338412748
"STAGA_Sp_1 (GE) - TPM",-1.10386788492325,-0.746651939703359,-0.840055393028021,0.987580067940175,-0.637879501399244,0.973720764357556,-0.690802454794487,-0.964545763661318,-0.680739618195505,-0.484741116295497,-0.969921169925224,1.18712732594291,-0.710415670595002,0.71110716964339,-0.572840257631261,-0.434458529315324,-0.689029272555405,-1.03610687347622,-0.888861872360121,0.99716364227409,0.663513249358299,-0.516836100261633,-1.03272287484012,-0.939255863247137,1.17906279959841,-0.415402145636461,-1.0039575600008,-0.819672696473569,-0.760884819036847,-0.622618049334968,-1.07308698001477,-1.10893130936715,-0.891872846256615,-1.03779836706835,-1.21344157051323,-1.25275753194378,-1.12928805866991,-1.1396587005859,0.23054655427464,-0.747850960547763,-0.915834291891997,-1.22511133646694,-1.07031602802854,-0.290305609050963,-0.852866376605456,-0.622471705865577,-0.847529975381072,-1.09130989166426,-1.04394679207802,-0.444932176321323,1.86744817529231,-1.01234251826784,-0.982262835259704,-1.41300027129817,-0.883433391265901,-1.10070554714247,1.07155307988751,1.44316740891187,0.539049127505607,0.931799261419109,0.680279210842773,0.719041459211947,0.353536334241463,0.712982456835818,0.991177706445784,0.64186151946382,-0.885922655006681,-0.867926781673503,-0.761650520888773,0.538911277827192,-1.53481300263885,-0.658279123380515,-0.930523966364841,-0.7168495532917,-0.758543477997784,-1.0170654402338,-1.42161211142432,1.01999021929844,0.197807197756679,-0.851307229149777,-0.877301645357119,-0.0962073490167699,-1.2691304397489,-0.0349568459545394,-0.621612698972541,-0.360608872407124,-1.16663868287985,0.968450301008413,-0.640569613861148,0.019990346801032,-1.2066615815659,-1.3682218764671,0.626751939104875,-1.02085771857996,-0.975897397082399,-0.536098603034687,-1.03397311325541,-1.21159774337331,-0.984145797993781
"STAGA_Sp_2 (GE) - TPM",-0.761338743047,-0.599985358580633,-1.25394791424324,1.55398990182662,-0.864796376470032,1.45435225734808,0.0288471712955603,-1.06730402726706,-0.450660905436821,-0.791545920952117,-1.02194757557061,1.65191520276599,-1.15219569017129,0.815886729845077,-0.796014898613111,-0.955672678149299,-1.29850457583691,-0.701522423570371,-0.911025270991914,1.3252465534935,0.984975184810071,-1.02625091677717,-1.07208398866514,-1.30345898034948,1.6904112180127,-0.908678346400958,-1.17147782952685,-1.0570833459412,-1.03549394354194,-1.52659800086353,-1.48583157403331,-1.43603653755115,-1.62770151128172,-1.39155586424774,-1.5654438518038,-1.56605031446978,-0.980314634446401,-1.3012272246856,0.726294958913744,-1.01759520448783,-1.39505690740869,-1.14861487022543,-1.2719165901548,-1.90030616937488,-0.677240135539534,-1.32427030129743,-0.991249896716236,-0.836725736249952,-1.24343025760325,-1.16546631052919,1.03894046562596,-1.4247656889741,-1.71367875268217,-1.35632391805573,-1.2008733619705,-1.73341370448545,1.67897944335925,1.6173946395097,1.0692017420838,1.22529810939414,1.12626524093045,1.28760317388196,0.715030351887602,1.27110185937717,1.24403641733037,0.999178427489206,-1.14962467206389,-1.20580892022289,-1.20853496081581,1.30954087377616,-0.686345858635869,-1.32134933358045,-1.3978810134423,-1.35231361646688,-1.30575009753957,-1.54004926525396,-1.68877986208224,1.10526107065854,0.353182871206316,-0.989340015928142,-1.26628266715523,-0.944102380567528,-1.64995844038006,-0.693494027204728,-0.749198509826998,-0.38824607481661,-1.19528963250903,1.65519318434134,-1.41582880867714,-0.854251759577133,-0.526187627046206,-0.214622559301399,-1.19698163527307,-1.112324559997,-1.13476754508469,-1.09707529571293,-1.09824054245748,-1.65156846478117,-0.856187399877187
"STAGA_Sp_3 (GE) - TPM",-1.66180191359451,-0.845688887681796,-1.0093592541685,1.57984051865271,-1.15991195124965,1.75361947446635,0.144893989755002,-1.00772319661046,-0.541957690437342,-0.391273802277329,-1.05398175346017,1.40513167661022,-0.910115266715288,1.28578333998516,-0.953769653871412,-0.733119969890156,-1.43274370178895,0.240874955173925,-0.859514179564761,1.34927142573539,0.996942132511142,-0.884173581379416,-0.797447491074942,-1.38095928968182,1.09848101392969,-0.427131018881963,-1.37982497750835,-0.787811444720437,-1.15143716597109,-1.32230066889092,-1.22723782282398,-1.28663659973882,-1.35048590362546,-1.27052447602365,-1.49158293245628,-1.41693369858993,-0.680764983751949,-1.3841270530767,1.54705083943846,-1.12926842556552,-1.52116836989574,-1.49347001327577,-1.37579957607236,-1.00570314790453,-0.796303067820017,-1.63742768769167,-1.26701325650213,-1.08717930151388,-1.25334177812318,-0.90109474339243,1.55554828044506,-0.786855367206607,-1.33820543390687,-1.25660638027567,-1.10591397750681,-1.30448833144308,1.44480309584579,2.11752680260545,0.815770536291607,1.13511269490911,1.42346470823811,1.46026722283826,1.20096125600521,1.70259432203331,2.02475763039617,1.54986392277909,-1.13664455866962,-1.48803754640277,-1.17210751639712,0.148726174768168,-0.944627320837241,-1.54214427932397,-1.41485625160847,-1.41141401359657,-1.00722630305885,-0.895679625343081,-1.54131190567276,0.911962621831298,0.75276888757938,-0.765990234544686,-1.32547343738881,-0.973319823052247,-1.52893749936371,-1.11018856706582,-0.188856675720579,-0.721259682617366,0.0660980053069361,1.251236256366,-1.36938285331829,-0.326870482453051,-0.858692352084043,0.0913505161414887,-1.66013627970065,-1.157011340371,-1.20476326756565,-1.37510810941144,-1.27755146581334,-1.91464172678135,-0.900007791744913
"STAGA_Tm_1 (GE) - TPM",0.29235598007516,-0.210545638946172,-1.12673735417279,-0.718616107918491,-0.913469329893597,-0.774598627736197,-0.54932224112187,0.187438088059549,-0.624533584771862,-0.736990205457623,0.202720886208132,-0.63631592895256,-1.44666521261348,0.718130359165332,1.33775035330204,0.136017201595089,-0.065254959531384,-0.408625505256623,-0.39438651623966,-0.918014681736546,-0.426545476409089,0.246624062350539,-0.833681678431849,0.0151113500416872,0.206815293159886,1.23719658659364,-0.588727697587068,0.0991099417526187,-1.09596683036441,0.586431069175676,0.630012187146411,0.437185503257167,0.6269161658567,0.292207281671828,0.42139563460169,0.458265167177116,-0.674527880018584,-0.788657987025797,-0.499438701078118,0.199023871725214,0.652109651907663,0.111360270321419,1.21508726424835,-0.127882438364677,-1.2859050434182,1.49321456018122,0.130133206360126,-0.637665820894871,-0.0686549952147452,0.381925708029566,-0.0812326295278939,-0.00912253764426642,0.249743501559249,0.893812255406332,0.383341981741781,0.984387120577043,-0.752549154016146,0.0585341928437778,0.0108035463429537,-0.6933811976379,-0.739821554427486,-0.725624380472917,-0.657575443781778,-0.825095967933472,-0.887515156440535,-0.901186971996634,0.106198634276466,0.0681233805466046,1.60121881993392,0.18703676474955,0.517826349369051,-0.0979212887367207,-0.273299888684896,0.0919522131730363,-0.488440548474597,-0.48990452153178,0.271033720638377,-0.59429429713929,-1.57790696012562,-0.112191977856179,0.409883373043368,0.417701388037729,-0.109516444314712,-0.0418615373129866,-0.683849020168998,-1.07581931036226,-0.250588063868386,-0.541068711669035,-0.36263178517222,0.16884133970309,0.690993802277801,-1.71134587597935,-0.556435052292981,0.262287440827038,-1.14502365557309,0.62711667754616,-0.152567313728584,0.427587632071941,-1.08476804360518
"STAGA_Tm_2 (GE) - TPM",1.1214512850516,0.547070841804537,-0.618080353430474,-0.730119193244773,-0.776838315663466,-0.666402636970171,0.530850239060919,0.219012624738834,0.308497480569175,-0.431810771655078,0.53059354774302,-0.620906712594609,-1.18254903108627,-0.080720816137425,-0.286498754662062,-0.474884745878768,0.452869432117838,0.971437687311579,-0.304949923764881,-1.39736544187966,-0.376817704276657,0.460352692148888,-0.736388414559896,-0.124817366787268,0.161387445256367,0.142817939993141,-0.639397982692915,-0.318911643281291,-0.382272765393188,0.563118481565054,0.181514399361602,0.282480979057312,-0.384743506569363,0.0331487697736918,0.171942393728229,-0.0368576531656307,-0.290198243466014,-0.966476247969095,-0.507968619882124,0.426951078194686,0.649384298221062,-0.191754819894055,0.993601266839306,-0.0477961978104856,-1.06577092094313,0.770453406981725,0.512313057434848,0.267920126057051,-0.320790695357884,0.271348832244762,-0.0217859263047463,-0.41497537057599,-0.0717376635988286,-0.778978998662517,0.544061459480109,0.249992567058298,-0.720197313735535,-0.50665269753036,0.365333754807867,-0.620634558072141,-0.625126920954378,-0.623795479216531,-0.568223594052044,-0.688044161667942,-0.652709638684119,-0.619976832563657,0.306804918394829,0.0983239528281456,2.10930245354719,0.677927022608957,-0.256556474823567,0.603855017856996,-0.567691526683115,0.241634425814754,0.448148123611749,-0.74634811777261,0.332176588924203,-0.588532051045314,-1.47749114822397,-0.648485658884434,0.424493857368736,0.748897439200931,-0.171787164277067,-0.157881164718606,0.4470903626803,-0.613229309137214,0.714419201858329,-0.53989118446456,-0.488129989417903,-0.56843367402451,-0.164413256366154,-0.810877494809745,1.18336062165206,-0.0203712342226401,-0.825708108768568,0.645042560909079,-0.644984200404778,0.518730968712538,-0.985483263880297
"STAGA_Tm_3 (GE) - TPM",0.504625515880182,0.010770120850082,-0.669761186645671,-0.6464066715132,-1.29793843111382,-0.617882833694584,0.548237003566287,0.0587554124872487,0.18576104157655,-0.491396812656687,0.265368829946774,-0.602348071696736,-1.44678117993166,0.341631393519465,0.250525958481291,-0.42497912773644,0.0548745891521584,0.689749391064772,-0.156638325792698,-1.38531544256245,-0.284275066225818,0.0564891309728462,-0.623939377997031,-0.235158083418078,0.689856479099142,1.08323015996096,-0.771833431538095,-0.207968737501953,-0.559410874046959,0.651531510181621,0.474660884026935,0.323526302770034,-0.05445882271614,0.212091264827575,0.593265714289548,0.493985436104055,-0.293119376694018,-1.00165766649146,-0.370722056801648,0.29382405960249,0.527432045725049,-0.21606757978014,1.10427629620376,0.561852138394953,-1.08013084805604,1.50789995299121,0.218194078261861,0.015397319125254,0.263125189349663,0.0488475046209941,0.624277200107939,0.556069092305236,0.16018949619357,0.60354090125327,0.777516045043109,0.862625746585978,-0.680910029271809,-0.62824222459351,0.281248597471383,-0.551535808112278,-0.546214127925577,-0.537771373901792,-0.437275974939022,-0.502156878661449,-0.509089347251299,-0.488724804925952,-0.235367122467743,0.0671539630677963,1.38540156289155,0.683121949221704,0.495303316721098,0.284964350374594,-0.454019642210657,-0.200639008063727,-0.316802582602576,-0.406477532377297,0.193249783884366,-0.553302344358611,-1.50493249206896,-0.170006294784971,0.637694670392151,0.292386224957403,-0.274008844808864,0.734544115341893,0.324596837159436,-0.0593271055195727,0.884986906874166,-0.513059561415748,-0.0205924918210847,-0.0944981947780665,0.171521650822216,-0.783133899525382,1.50035577963805,-0.0835781050617837,-0.644500174901279,0.746460374320834,-0.102544808694854,0.476402582730121,-0.971796219454868
"STAGA_Vic_1 (GE) - TPM",2.39712187523473,0.071293770075172,0.140373403600421,-0.669687169342637,2.34725329782,-0.762571646695773,-1.62738443979405,1.08319998491677,0.759820535247584,2.42541917931598,0.979392923004807,-0.606160920714761,0.94710838310402,-1.41715431590946,-0.747721530399281,-0.684976293396135,0.820212009044481,-0.717089826961389,-1.04195788469511,2.18166562968269,-0.721203090218278,1.29566448484672,0.961103762072094,1.86142394373129,-0.559768429563947,1.90198651429879,1.44881753794919,-0.814808867909979,0.774407970227138,2.501923158847,1.78241551373562,1.25546792533813,1.36603612220159,0.402749165720756,0.568720582051308,0.41030434040571,0.124644720117729,0.559651038165138,-1.2959146724262,2.21935300299311,1.31106583348612,-1.3189957908513,0.871892910159471,1.59968573786627,-0.800593922156284,2.28089881418542,3.43518304460848,-0.121436700510862,-1.05979053908818,0.390556817045726,-1.12769772643565,-0.985668052048368,-0.997611871811826,0.57832833310148,2.29738562146056,-1.06251335314964,-0.658974039243943,0.0366286023573751,-0.888921817728866,-0.708755638057803,-0.76005318890927,-0.757365239657784,-0.687002387536481,-0.904012576543314,-1.06564949204473,-1.13561687749081,0.638289442396159,1.74599714047382,0.441964799294774,-1.73145834118083,2.70928918976563,-0.0183716688211642,1.78547796418084,2.38492511556996,-2.13655955777943,-0.628768206967623,-0.75705484053091,-0.53680111972181,-1.13169223727661,-0.28896676777536,1.83603464657106,2.38012662564037,-0.84109420250507,-0.395148969108089,-0.563613131718568,-0.607111637385852,0.687571585504677,-0.53815577764171,-0.326667343166473,2.45193890349756,1.22395580434424,0.69009422171939,-0.12791708859887,-0.173973141425889,-0.706332488821326,0.383618212427999,0.700141412318981,-1.48965221168151,0.0702903339871495
"STAGA_Vic_2 (GE) - TPM",1.77685761086883,1.38744467003187,-0.0602766989935327,-0.736779510951257,-0.0314279652912224,-0.769141460692021,-1.03059181206088,0.882065373731655,0.734794303548465,1.35481324580245,1.47188610942635,-0.598084296802661,-0.126019078411918,-1.07874603280715,1.77886179310336,1.39158669585412,2.29437572193357,-1.52853960571197,-0.0742593609662042,-0.167157762032219,-0.724495008715545,0.640844200947515,-0.455491381277859,2.18198118889025,-0.225786517352608,0.51918308252823,1.0937888713677,-0.256310306844137,0.321294291767853,2.09101904915035,1.76634087968949,2.07193015627135,0.496454162455394,0.407563775017018,0.466697063752418,0.153674482159591,1.23384597853934,0.870547621636863,-1.2527123940361,1.51253982712871,1.96994545985095,0.379587580995002,0.543435262830519,0.367388707124198,-0.123405553390394,0.975807984663117,0.780099439781056,0.604487353792491,-0.180547328259451,1.85486920516325,-1.31074393422919,-0.460923881441271,0.949293915329551,-0.0940801960946562,1.83556594892115,-0.538348394425997,-0.710209641459525,-0.24197687727566,0.160154206446617,-0.703714601191365,-0.753158619735155,-0.752684914828899,-0.694522370068198,-0.906138667403309,-1.05189948049823,-1.08797283317958,1.67538811474283,0.561861798923221,1.20838190978692,0.78648150813522,1.55232732936015,1.14432782194908,0.473227308798244,1.53469551811763,1.09322461535494,-0.0434183877200328,-0.205826629552265,-0.572171047015384,-1.24372604704648,-0.656693422162872,1.67436689730194,2.01627432240367,0.43857433944795,-0.390244594577127,1.69999287325035,0.653472262542242,1.58476412286583,-0.535107241416658,-0.2315988545622,0.943925277290615,0.931131865971694,0.124291773433238,1.53285771814142,0.543842443784883,0.159875329735783,0.583057444818718,0.204043188464945,0.163407674893649,-0.282539830823664
"STAGA_Vic_3 (GE) - TPM",1.08419131641731,0.944792680979511,-0.483622516964916,-0.749050579927993,0.0850581904686649,-0.758430852985694,-0.734810916329761,0.788850889100761,0.203007934602936,1.15688619104129,1.78455757344495,-0.603562322321476,-0.396547701932985,-0.474718384152107,3.23015433653336,2.15078060557112,2.29183892113751,-1.04228567709589,0.216000860501357,-0.0375499747640943,-0.711628896574232,0.943813279283478,-0.675920416747134,1.61358597027091,-0.20420657353614,0.959308173223773,0.998788524971234,-0.10212618652793,0.299350270532747,1.98207717343652,1.80483024512964,1.92025340734475,1.6365494463413,0.73067480421033,0.963782342208174,0.844720277324239,0.862523322597016,1.08378419923289,-1.17092983139009,1.12180257810728,1.36576996944401,0.914224147352432,0.632651234868777,0.737718041185313,-0.198753876193608,1.50901413077518,1.01119242384184,1.15147855536442,0.467747184336807,1.85795772533071,-0.926553645667798,-0.477584020194267,1.41845318276448,0.759651222901633,1.88439380816161,-0.114991937139822,-0.682691352096345,-0.10500194223135,0.377004766066765,-0.696670652696741,-0.755668688481198,-0.744254697488883,-0.687667904230808,-0.888575106386198,-1.02347567135005,-1.05666945842414,1.31915413915533,0.21068596617932,1.20417973957662,1.79778668909437,0.616654146545341,2.08798814196543,0.425391073931461,1.22707470595728,0.782346162770651,0.312665222857778,0.296660757038207,-0.568170740254728,-1.6320293852115,0.225044919238621,1.68141476094648,1.14784635041629,0.627889688814392,2.58288549180594,0.886332702839674,0.862815130036264,0.628292966741163,-0.542615547896068,-0.057944641204184,1.0925742442582,1.21706032029088,0.0434610342837949,0.990738550792044,0.501680842857838,-0.0659715582128649,0.720122272875102,0.677291283265903,0.296617294971335,-0.403238309977647
